article_id,original_url,normalized_url,title,published_at_utc,published_at_wib,domain,language,sourcecountry,categories,socialimage,retrieved_at_utc,url_mobile,seendate,timestamp_semantics,original_urls,source_record_count,quality_flags,retrieval_provenance
fffe27e63d2030acdb8f398a880f815176c7500c98cbbce43bc84628bfb33383,https://www.reuters.com/business/finance/regulators-warn-wells-fargo-new-possible-sanctions-bloomberg-2021-08-31/,https://www.reuters.com/business/finance/regulators-warn-wells-fargo-new-possible-sanctions-bloomberg-2021-08-31/,Regulators warn Wells Fargo of new possible sanctions - Bloomberg,2021-09-01 00:00:00+00:00,2021-09-01 07:00:00+07:00,reuters.com,English,United States,"[""monetary_geoeconomic"",""sanctions""]",https://www.reuters.com/resizer/ZduRX1ghq5TNNKHI4n9db-XgjcM=/1200x628/smart/filters:quality(80)/cloudfront-us-east-2.images.arcpublishing.com/reuters/4FT5NDJ7QJKHNDJVFCCIA7EHFY.jpg,2026-09-09T08:21:33.592815Z,,20210901T000000Z,gdelt_first_seen,"[""https://www.reuters.com/business/finance/regulators-warn-wells-fargo-new-possible-sanctions-bloomberg-2021-08-31/""]",2,[],"[{""domain"":""reuters.com"",""language"":""English"",""logical_end"":""2021-09-02T00:00:00Z"",""logical_start"":""2021-09-01T00:00:00Z"",""query_category"":""monetary_geoeconomic"",""query_string"":""(\""Federal Reserve\"" OR \""interest rate\"" OR \""rate hike\"" OR inflation OR CPI) domain:reuters.com sourcelang:english"",""requested_end"":""20210902000001"",""requested_start"":""20210831235959"",""retrieved_at_utc"":""2026-09-09T08:21:33.592815Z"",""seendate"":""20210901T000000Z"",""socialimage"":""https://www.reuters.com/resizer/ZduRX1ghq5TNNKHI4n9db-XgjcM=/1200x628/smart/filters:quality(80)/cloudfront-us-east-2.images.arcpublishing.com/reuters/4FT5NDJ7QJKHNDJVFCCIA7EHFY.jpg"",""sourcecountry"":""United States"",""title"":""Regulators warn Wells Fargo of new possible sanctions - Bloomberg"",""url"":""https://www.reuters.com/business/finance/regulators-warn-wells-fargo-new-possible-sanctions-bloomberg-2021-08-31/"",""url_mobile"":""""},{""domain"":""reuters.com"",""language"":""English"",""logical_end"":""2021-09-02T00:00:00Z"",""logical_start"":""2021-09-01T00:00:00Z"",""query_category"":""sanctions"",""query_string"":""(sanction OR sanctions OR embargo OR \""asset freeze\"" OR \""export restriction\"") domain:reuters.com sourcelang:english"",""requested_end"":""20210902000001"",""requested_start"":""20210831235959"",""retrieved_at_utc"":""2026-09-09T08:10:28.322759Z"",""seendate"":""20210901T000000Z"",""socialimage"":""https://www.reuters.com/resizer/ZduRX1ghq5TNNKHI4n9db-XgjcM=/1200x628/smart/filters:quality(80)/cloudfront-us-east-2.images.arcpublishing.com/reuters/4FT5NDJ7QJKHNDJVFCCIA7EHFY.jpg"",""sourcecountry"":""United States"",""title"":""Regulators warn Wells Fargo of new possible sanctions - Bloomberg"",""url"":""https://www.reuters.com/business/finance/regulators-warn-wells-fargo-new-possible-sanctions-bloomberg-2021-08-31/"",""url_mobile"":""""}]"
a76739fd823f8500ff080b4c93a35d3e302766a0dc03eecee4fc5c58a820a4b1,https://www.reuters.com/business/global-markets-wrapup-3-pix-2021-08-31/,https://www.reuters.com/business/global-markets-wrapup-3-pix-2021-08-31/,"Stocks notch seven straight months of gains , dollar flat",2021-09-01 00:00:00+00:00,2021-09-01 07:00:00+07:00,reuters.com,English,United States,"[""monetary_geoeconomic""]",https://www.reuters.com/resizer/jTA1HhuYoxxj_TD0r6lc80f1zK8=/1200x628/smart/filters:quality(80)/cloudfront-us-east-2.images.arcpublishing.com/reuters/4SZ72J43OVL63ODB2J3OPGQQX4.jpg,2026-09-09T08:21:33.592815Z,,20210901T000000Z,gdelt_first_seen,"[""https://www.reuters.com/business/global-markets-wrapup-3-pix-2021-08-31/""]",1,[],"[{""domain"":""reuters.com"",""language"":""English"",""logical_end"":""2021-09-02T00:00:00Z"",""logical_start"":""2021-09-01T00:00:00Z"",""query_category"":""monetary_geoeconomic"",""query_string"":""(\""Federal Reserve\"" OR \""interest rate\"" OR \""rate hike\"" OR inflation OR CPI) domain:reuters.com sourcelang:english"",""requested_end"":""20210902000001"",""requested_start"":""20210831235959"",""retrieved_at_utc"":""2026-09-09T08:21:33.592815Z"",""seendate"":""20210901T000000Z"",""socialimage"":""https://www.reuters.com/resizer/jTA1HhuYoxxj_TD0r6lc80f1zK8=/1200x628/smart/filters:quality(80)/cloudfront-us-east-2.images.arcpublishing.com/reuters/4SZ72J43OVL63ODB2J3OPGQQX4.jpg"",""sourcecountry"":""United States"",""title"":""Stocks notch seven straight months of gains , dollar flat"",""url"":""https://www.reuters.com/business/global-markets-wrapup-3-pix-2021-08-31/"",""url_mobile"":""""}]"
9084bea0ef97ee8eeb93fc994ab87b9fec54bce605ef0b60ec2052b00efd2773,https://www.reuters.com/world/russian-olympic-medallists-made-quarantine-before-meeting-putin-athlete-says-2021-08-31/,https://www.reuters.com/world/russian-olympic-medallists-made-quarantine-before-meeting-putin-athlete-says-2021-08-31/,"Russian Olympic medallists made to quarantine before meeting Putin , athlete says",2021-09-01 00:00:00+00:00,2021-09-01 07:00:00+07:00,reuters.com,English,United States,"[""sanctions""]",https://www.reuters.com/resizer/iG1K1yXlDhiN3msBjjXa48Mojd4=/1200x628/smart/filters:quality(80)/cloudfront-us-east-2.images.arcpublishing.com/reuters/6UTW7B2DTNPUHPBTPFF4DPJ62E.jpg,2026-09-09T08:10:28.322759Z,,20210901T000000Z,gdelt_first_seen,"[""https://www.reuters.com/world/russian-olympic-medallists-made-quarantine-before-meeting-putin-athlete-says-2021-08-31/""]",1,[],"[{""domain"":""reuters.com"",""language"":""English"",""logical_end"":""2021-09-02T00:00:00Z"",""logical_start"":""2021-09-01T00:00:00Z"",""query_category"":""sanctions"",""query_string"":""(sanction OR sanctions OR embargo OR \""asset freeze\"" OR \""export restriction\"") domain:reuters.com sourcelang:english"",""requested_end"":""20210902000001"",""requested_start"":""20210831235959"",""retrieved_at_utc"":""2026-09-09T08:10:28.322759Z"",""seendate"":""20210901T000000Z"",""socialimage"":""https://www.reuters.com/resizer/iG1K1yXlDhiN3msBjjXa48Mojd4=/1200x628/smart/filters:quality(80)/cloudfront-us-east-2.images.arcpublishing.com/reuters/6UTW7B2DTNPUHPBTPFF4DPJ62E.jpg"",""sourcecountry"":""United States"",""title"":""Russian Olympic medallists made to quarantine before meeting Putin , athlete says"",""url"":""https://www.reuters.com/world/russian-olympic-medallists-made-quarantine-before-meeting-putin-athlete-says-2021-08-31/"",""url_mobile"":""""}]"
15e7861b506060a2358ccb1a025afdc6464ecc89b07ad48a640fb05ad4520016,https://jp.reuters.com/jp.reuters.com/news/picture/the-taliban-in-afghanistan-from-1996-to-idUSRTXGH5A7,https://jp.reuters.com/jp.reuters.com/news/picture/the-taliban-in-afghanistan-from-1996-to-idUSRTXGH5A7,The Taliban in Afghanistan : From 1996 to today,2021-09-01 00:15:00+00:00,2021-09-01 07:15:00+07:00,jp.reuters.com,English,United States,"[""armed_conflict""]",https://s3.reutersmedia.net/resources/r/?m=02&d=20210831&t=2&i=1573491885&w=&fh=545&fw=810&ll=&pl=&sq=&r=2021-08-31T213205Z_41680_MRPGM1E51H1QQ901_RTRMADP_0_AFGHANISTAN,2026-09-09T08:08:23.781656Z,,20210901T001500Z,gdelt_first_seen,"[""https://jp.reuters.com/jp.reuters.com/news/picture/the-taliban-in-afghanistan-from-1996-to-idUSRTXGH5A7""]",1,[],"[{""domain"":""jp.reuters.com"",""language"":""English"",""logical_end"":""2021-09-02T00:00:00Z"",""logical_start"":""2021-09-01T00:00:00Z"",""query_category"":""armed_conflict"",""query_string"":""(war OR invasion OR missile OR airstrike OR ceasefire OR military OR conflict) domain:reuters.com sourcelang:english"",""requested_end"":""20210902000001"",""requested_start"":""20210831235959"",""retrieved_at_utc"":""2026-09-09T08:08:23.781656Z"",""seendate"":""20210901T001500Z"",""socialimage"":""https://s3.reutersmedia.net/resources/r/?m=02&d=20210831&t=2&i=1573491885&w=&fh=545&fw=810&ll=&pl=&sq=&r=2021-08-31T213205Z_41680_MRPGM1E51H1QQ901_RTRMADP_0_AFGHANISTAN"",""sourcecountry"":""United States"",""title"":""The Taliban in Afghanistan : From 1996 to today"",""url"":""https://jp.reuters.com/jp.reuters.com/news/picture/the-taliban-in-afghanistan-from-1996-to-idUSRTXGH5A7"",""url_mobile"":""""}]"
bea68c4d295d7b489885d18b3e83c358e918c23d8497ebd53af2bd4b95f34cc4,https://www.reuters.com/world/us/bill-help-americans-returning-afghanistan-becomes-law-congress-jostles-over-2021-08-31/,https://www.reuters.com/world/us/bill-help-americans-returning-afghanistan-becomes-law-congress-jostles-over-2021-08-31/,Bill to help Americans returning from Afghanistan becomes law,2021-09-01 00:15:00+00:00,2021-09-01 07:15:00+07:00,reuters.com,English,United States,"[""armed_conflict""]",https://www.reuters.com/resizer/h5ccMZUaDU5RNqbfEbO-apSI2AE=/1200x628/smart/filters:quality(80)/cloudfront-us-east-2.images.arcpublishing.com/reuters/4Z6VTPTO3FKEBNBKN75DBZGRKM.jpg,2026-09-09T08:08:23.781656Z,,20210901T001500Z,gdelt_first_seen,"[""https://www.reuters.com/world/us/bill-help-americans-returning-afghanistan-becomes-law-congress-jostles-over-2021-08-31/""]",1,[],"[{""domain"":""reuters.com"",""language"":""English"",""logical_end"":""2021-09-02T00:00:00Z"",""logical_start"":""2021-09-01T00:00:00Z"",""query_category"":""armed_conflict"",""query_string"":""(war OR invasion OR missile OR airstrike OR ceasefire OR military OR conflict) domain:reuters.com sourcelang:english"",""requested_end"":""20210902000001"",""requested_start"":""20210831235959"",""retrieved_at_utc"":""2026-09-09T08:08:23.781656Z"",""seendate"":""20210901T001500Z"",""socialimage"":""https://www.reuters.com/resizer/h5ccMZUaDU5RNqbfEbO-apSI2AE=/1200x628/smart/filters:quality(80)/cloudfront-us-east-2.images.arcpublishing.com/reuters/4Z6VTPTO3FKEBNBKN75DBZGRKM.jpg"",""sourcecountry"":""United States"",""title"":""Bill to help Americans returning from Afghanistan becomes law"",""url"":""https://www.reuters.com/world/us/bill-help-americans-returning-afghanistan-becomes-law-congress-jostles-over-2021-08-31/"",""url_mobile"":""""}]"
a1dbf6adabb18055103a194b31e25c9b515a2ea1fc8ed74c3487804e5caa25c3,https://www.reuters.com/world/americas/brazil-minister-warns-deeper-energy-crisis-amid-worsening-drought-2021-08-31/,https://www.reuters.com/world/americas/brazil-minister-warns-deeper-energy-crisis-amid-worsening-drought-2021-08-31/,Brazil minister warns of deeper energy crisis amid worsening drought,2021-09-01 01:30:00+00:00,2021-09-01 08:30:00+07:00,reuters.com,English,United States,"[""energy_geopolitics""]",https://www.reuters.com/resizer/yEvhozS0UPRTWPViDR7LXtL1yoE=/1200x628/smart/filters:quality(80)/cloudfront-us-east-2.images.arcpublishing.com/reuters/UHGFM3TYJFOFBNQ4EDZXATYJHQ.jpg,2026-09-09T08:16:13.990578Z,,20210901T013000Z,gdelt_first_seen,"[""https://www.reuters.com/world/americas/brazil-minister-warns-deeper-energy-crisis-amid-worsening-drought-2021-08-31/""]",1,[],"[{""domain"":""reuters.com"",""language"":""English"",""logical_end"":""2021-09-02T00:00:00Z"",""logical_start"":""2021-09-01T00:00:00Z"",""query_category"":""energy_geopolitics"",""query_string"":""(OPEC OR \""oil embargo\"" OR \""oil supply\"" OR \""energy crisis\"" OR \""natural gas\"") domain:reuters.com sourcelang:english"",""requested_end"":""20210902000001"",""requested_start"":""20210831235959"",""retrieved_at_utc"":""2026-09-09T08:16:13.990578Z"",""seendate"":""20210901T013000Z"",""socialimage"":""https://www.reuters.com/resizer/yEvhozS0UPRTWPViDR7LXtL1yoE=/1200x628/smart/filters:quality(80)/cloudfront-us-east-2.images.arcpublishing.com/reuters/UHGFM3TYJFOFBNQ4EDZXATYJHQ.jpg"",""sourcecountry"":""United States"",""title"":""Brazil minister warns of deeper energy crisis amid worsening drought"",""url"":""https://www.reuters.com/world/americas/brazil-minister-warns-deeper-energy-crisis-amid-worsening-drought-2021-08-31/"",""url_mobile"":""""}]"
66350bfbc384ae69a5004ca7d0b08aa374688b7756dc5879bbb0a41177957360,https://www.reuters.com/world/china/dollar-pinned-near-three-week-low-us-payrolls-test-looms-2021-09-01/,https://www.reuters.com/world/china/dollar-pinned-near-three-week-low-us-payrolls-test-looms-2021-09-01/,Dollar pinned near three - week low as U . S payrolls test looms,2021-09-01 01:45:00+00:00,2021-09-01 08:45:00+07:00,reuters.com,English,United States,"[""monetary_geoeconomic""]",https://www.reuters.com/resizer/IWc9o8n4-gABfpRpmQwT6heXvig=/1200x628/smart/filters:quality(80)/cloudfront-us-east-2.images.arcpublishing.com/reuters/OKINEVB56NIY7L6CHHML2JCBEE.jpg,2026-09-09T08:21:33.592815Z,,20210901T014500Z,gdelt_first_seen,"[""https://www.reuters.com/world/china/dollar-pinned-near-three-week-low-us-payrolls-test-looms-2021-09-01/""]",1,[],"[{""domain"":""reuters.com"",""language"":""English"",""logical_end"":""2021-09-02T00:00:00Z"",""logical_start"":""2021-09-01T00:00:00Z"",""query_category"":""monetary_geoeconomic"",""query_string"":""(\""Federal Reserve\"" OR \""interest rate\"" OR \""rate hike\"" OR inflation OR CPI) domain:reuters.com sourcelang:english"",""requested_end"":""20210902000001"",""requested_start"":""20210831235959"",""retrieved_at_utc"":""2026-09-09T08:21:33.592815Z"",""seendate"":""20210901T014500Z"",""socialimage"":""https://www.reuters.com/resizer/IWc9o8n4-gABfpRpmQwT6heXvig=/1200x628/smart/filters:quality(80)/cloudfront-us-east-2.images.arcpublishing.com/reuters/OKINEVB56NIY7L6CHHML2JCBEE.jpg"",""sourcecountry"":""United States"",""title"":""Dollar pinned near three - week low as U . S payrolls test looms"",""url"":""https://www.reuters.com/world/china/dollar-pinned-near-three-week-low-us-payrolls-test-looms-2021-09-01/"",""url_mobile"":""""}]"
cccf2159eb46b797d452b0add7c151c695897293aa45036603012a0535f8d310,https://www.reuters.com/world/africa/firefight-libyan-government-building-shows-continued-insecurity-2021-09-01/,https://www.reuters.com/world/africa/firefight-libyan-government-building-shows-continued-insecurity-2021-09-01/,Firefight at Libyan government building shows continued insecurity,2021-09-01 02:00:00+00:00,2021-09-01 09:00:00+07:00,reuters.com,English,United States,"[""armed_conflict""]",https://www.reuters.com/resizer/UqrMBROwJCDS9ayuzWwAdysquuw=/1200x628/smart/filters:quality(80)/cloudfront-us-east-2.images.arcpublishing.com/reuters/B5G3W25U4JIYVKN7YWQIYH3VOM.jpg,2026-09-09T08:08:23.781656Z,,20210901T020000Z,gdelt_first_seen,"[""https://www.reuters.com/world/africa/firefight-libyan-government-building-shows-continued-insecurity-2021-09-01/""]",1,[],"[{""domain"":""reuters.com"",""language"":""English"",""logical_end"":""2021-09-02T00:00:00Z"",""logical_start"":""2021-09-01T00:00:00Z"",""query_category"":""armed_conflict"",""query_string"":""(war OR invasion OR missile OR airstrike OR ceasefire OR military OR conflict) domain:reuters.com sourcelang:english"",""requested_end"":""20210902000001"",""requested_start"":""20210831235959"",""retrieved_at_utc"":""2026-09-09T08:08:23.781656Z"",""seendate"":""20210901T020000Z"",""socialimage"":""https://www.reuters.com/resizer/UqrMBROwJCDS9ayuzWwAdysquuw=/1200x628/smart/filters:quality(80)/cloudfront-us-east-2.images.arcpublishing.com/reuters/B5G3W25U4JIYVKN7YWQIYH3VOM.jpg"",""sourcecountry"":""United States"",""title"":""Firefight at Libyan government building shows continued insecurity"",""url"":""https://www.reuters.com/world/africa/firefight-libyan-government-building-shows-continued-insecurity-2021-09-01/"",""url_mobile"":""""}]"
761134b7512954ec2ff5f2d26fba37c7e23bcd39988609228be41e4db48bf7bd,https://www.reuters.com/world/asia-pacific/pakistan-frets-over-security-threats-neighbouring-afghanistan-2021-09-01/,https://www.reuters.com/world/asia-pacific/pakistan-frets-over-security-threats-neighbouring-afghanistan-2021-09-01/,Pakistan frets over security threats from neighbouring Afghanistan,2021-09-01 02:15:00+00:00,2021-09-01 09:15:00+07:00,reuters.com,English,United States,"[""armed_conflict""]",https://www.reuters.com/resizer/JNS6I0zkPEPxUc3xqdpDapyhu-c=/1200x628/smart/filters:quality(80)/cloudfront-us-east-2.images.arcpublishing.com/reuters/X7I2TNYNPVMAVDWZN6TNMJJED4.jpg,2026-09-09T08:08:23.781656Z,,20210901T021500Z,gdelt_first_seen,"[""https://www.reuters.com/world/asia-pacific/pakistan-frets-over-security-threats-neighbouring-afghanistan-2021-09-01/""]",1,[],"[{""domain"":""reuters.com"",""language"":""English"",""logical_end"":""2021-09-02T00:00:00Z"",""logical_start"":""2021-09-01T00:00:00Z"",""query_category"":""armed_conflict"",""query_string"":""(war OR invasion OR missile OR airstrike OR ceasefire OR military OR conflict) domain:reuters.com sourcelang:english"",""requested_end"":""20210902000001"",""requested_start"":""20210831235959"",""retrieved_at_utc"":""2026-09-09T08:08:23.781656Z"",""seendate"":""20210901T021500Z"",""socialimage"":""https://www.reuters.com/resizer/JNS6I0zkPEPxUc3xqdpDapyhu-c=/1200x628/smart/filters:quality(80)/cloudfront-us-east-2.images.arcpublishing.com/reuters/X7I2TNYNPVMAVDWZN6TNMJJED4.jpg"",""sourcecountry"":""United States"",""title"":""Pakistan frets over security threats from neighbouring Afghanistan"",""url"":""https://www.reuters.com/world/asia-pacific/pakistan-frets-over-security-threats-neighbouring-afghanistan-2021-09-01/"",""url_mobile"":""""}]"
4b26428c0531d26b48c7af6a70d11f16ce0a8add82e46368fc4094e183d394cc,https://www.reuters.com/business/energy/ukraine-us-not-too-late-stop-russian-pipeline-2021-08-31/,https://www.reuters.com/business/energy/ukraine-us-not-too-late-stop-russian-pipeline-2021-08-31/,Ukraine to U . S .: Not too late to stop Russian pipeline,2021-09-01 02:30:00+00:00,2021-09-01 09:30:00+07:00,reuters.com,English,United States,"[""armed_conflict"",""sanctions""]",https://www.reuters.com/resizer/E68PvnmzZlLchcUpyAbcBEOmwrI=/1200x628/smart/filters:quality(80)/cloudfront-us-east-2.images.arcpublishing.com/reuters/RSOF2NFZJFO43NMK3HXR4D4QHY.jpg,2026-09-09T08:08:23.781656Z,,20210901T023000Z,gdelt_first_seen,"[""https://www.reuters.com/business/energy/ukraine-us-not-too-late-stop-russian-pipeline-2021-08-31/""]",2,[],"[{""domain"":""reuters.com"",""language"":""English"",""logical_end"":""2021-09-02T00:00:00Z"",""logical_start"":""2021-09-01T00:00:00Z"",""query_category"":""armed_conflict"",""query_string"":""(war OR invasion OR missile OR airstrike OR ceasefire OR military OR conflict) domain:reuters.com sourcelang:english"",""requested_end"":""20210902000001"",""requested_start"":""20210831235959"",""retrieved_at_utc"":""2026-09-09T08:08:23.781656Z"",""seendate"":""20210901T023000Z"",""socialimage"":""https://www.reuters.com/resizer/E68PvnmzZlLchcUpyAbcBEOmwrI=/1200x628/smart/filters:quality(80)/cloudfront-us-east-2.images.arcpublishing.com/reuters/RSOF2NFZJFO43NMK3HXR4D4QHY.jpg"",""sourcecountry"":""United States"",""title"":""Ukraine to U . S .: Not too late to stop Russian pipeline"",""url"":""https://www.reuters.com/business/energy/ukraine-us-not-too-late-stop-russian-pipeline-2021-08-31/"",""url_mobile"":""""},{""domain"":""reuters.com"",""language"":""English"",""logical_end"":""2021-09-02T00:00:00Z"",""logical_start"":""2021-09-01T00:00:00Z"",""query_category"":""sanctions"",""query_string"":""(sanction OR sanctions OR embargo OR \""asset freeze\"" OR \""export restriction\"") domain:reuters.com sourcelang:english"",""requested_end"":""20210902000001"",""requested_start"":""20210831235959"",""retrieved_at_utc"":""2026-09-09T08:10:28.322759Z"",""seendate"":""20210901T023000Z"",""socialimage"":""https://www.reuters.com/resizer/E68PvnmzZlLchcUpyAbcBEOmwrI=/1200x628/smart/filters:quality(80)/cloudfront-us-east-2.images.arcpublishing.com/reuters/RSOF2NFZJFO43NMK3HXR4D4QHY.jpg"",""sourcecountry"":""United States"",""title"":""Ukraine to U . S .: Not too late to stop Russian pipeline"",""url"":""https://www.reuters.com/business/energy/ukraine-us-not-too-late-stop-russian-pipeline-2021-08-31/"",""url_mobile"":""""}]"
a637c73cdbe87cba4ed6b2dd641d8f81d1d3118beec696bdd1c798835ddefd96,https://www.reuters.com/world/americas/colombia-court-rejects-charging-former-army-commander-over-extrajudicial-2021-09-01/,https://www.reuters.com/world/americas/colombia-court-rejects-charging-former-army-commander-over-extrajudicial-2021-09-01/,Colombia court rejects charging former army commander over extrajudicial killings,2021-09-01 02:30:00+00:00,2021-09-01 09:30:00+07:00,reuters.com,English,United States,"[""armed_conflict""]",https://www.reuters.com/resizer/_sjjRdz7tLcZznDpErdutGLxgDs=/1200x628/smart/filters:quality(80)/cloudfront-us-east-2.images.arcpublishing.com/reuters/6HKZFHG3UBOGJKA6N6FBZGLYHI.jpg,2026-09-09T08:08:23.781656Z,,20210901T023000Z,gdelt_first_seen,"[""https://www.reuters.com/world/americas/colombia-court-rejects-charging-former-army-commander-over-extrajudicial-2021-09-01/""]",1,[],"[{""domain"":""reuters.com"",""language"":""English"",""logical_end"":""2021-09-02T00:00:00Z"",""logical_start"":""2021-09-01T00:00:00Z"",""query_category"":""armed_conflict"",""query_string"":""(war OR invasion OR missile OR airstrike OR ceasefire OR military OR conflict) domain:reuters.com sourcelang:english"",""requested_end"":""20210902000001"",""requested_start"":""20210831235959"",""retrieved_at_utc"":""2026-09-09T08:08:23.781656Z"",""seendate"":""20210901T023000Z"",""socialimage"":""https://www.reuters.com/resizer/_sjjRdz7tLcZznDpErdutGLxgDs=/1200x628/smart/filters:quality(80)/cloudfront-us-east-2.images.arcpublishing.com/reuters/6HKZFHG3UBOGJKA6N6FBZGLYHI.jpg"",""sourcecountry"":""United States"",""title"":""Colombia court rejects charging former army commander over extrajudicial killings"",""url"":""https://www.reuters.com/world/americas/colombia-court-rejects-charging-former-army-commander-over-extrajudicial-2021-09-01/"",""url_mobile"":""""}]"
0c744c3da8000af68cac68ac767d4db5a3063f166478c5c2a1c3ad315db3d70a,https://www.reuters.com/business/global-markets-wrapup-1-2021-09-01/,https://www.reuters.com/business/global-markets-wrapup-1-2021-09-01/,Asian shares down on slow - growth fear ; dollar stays near three - week low,2021-09-01 02:45:00+00:00,2021-09-01 09:45:00+07:00,reuters.com,English,United States,"[""energy_geopolitics"",""monetary_geoeconomic""]",https://www.reuters.com/resizer/eLejvjk0NOuHIP84S9f-3G4JzWg=/1200x628/smart/filters:quality(80)/cloudfront-us-east-2.images.arcpublishing.com/reuters/TAXVNGOVXFKYLAHONRL2JEWX6E.jpg,2026-09-09T08:16:13.990578Z,,20210901T024500Z,gdelt_first_seen,"[""https://www.reuters.com/business/global-markets-wrapup-1-2021-09-01/""]",2,[],"[{""domain"":""reuters.com"",""language"":""English"",""logical_end"":""2021-09-02T00:00:00Z"",""logical_start"":""2021-09-01T00:00:00Z"",""query_category"":""energy_geopolitics"",""query_string"":""(OPEC OR \""oil embargo\"" OR \""oil supply\"" OR \""energy crisis\"" OR \""natural gas\"") domain:reuters.com sourcelang:english"",""requested_end"":""20210902000001"",""requested_start"":""20210831235959"",""retrieved_at_utc"":""2026-09-09T08:16:13.990578Z"",""seendate"":""20210901T024500Z"",""socialimage"":""https://www.reuters.com/resizer/eLejvjk0NOuHIP84S9f-3G4JzWg=/1200x628/smart/filters:quality(80)/cloudfront-us-east-2.images.arcpublishing.com/reuters/TAXVNGOVXFKYLAHONRL2JEWX6E.jpg"",""sourcecountry"":""United States"",""title"":""Asian shares down on slow - growth fear ; dollar stays near three - week low"",""url"":""https://www.reuters.com/business/global-markets-wrapup-1-2021-09-01/"",""url_mobile"":""""},{""domain"":""reuters.com"",""language"":""English"",""logical_end"":""2021-09-02T00:00:00Z"",""logical_start"":""2021-09-01T00:00:00Z"",""query_category"":""monetary_geoeconomic"",""query_string"":""(\""Federal Reserve\"" OR \""interest rate\"" OR \""rate hike\"" OR inflation OR CPI) domain:reuters.com sourcelang:english"",""requested_end"":""20210902000001"",""requested_start"":""20210831235959"",""retrieved_at_utc"":""2026-09-09T08:21:33.592815Z"",""seendate"":""20210901T024500Z"",""socialimage"":""https://www.reuters.com/resizer/eLejvjk0NOuHIP84S9f-3G4JzWg=/1200x628/smart/filters:quality(80)/cloudfront-us-east-2.images.arcpublishing.com/reuters/TAXVNGOVXFKYLAHONRL2JEWX6E.jpg"",""sourcecountry"":""United States"",""title"":""Asian shares down on slow - growth fear ; dollar stays near three - week low"",""url"":""https://www.reuters.com/business/global-markets-wrapup-1-2021-09-01/"",""url_mobile"":""""}]"
952a1283f12e6ae9916ccb1b8c15988dcbb8fe6b6a306d1756716703db4d08c9,https://www.reuters.com/world/asia-pacific/exclusive-us-treasury-issued-new-license-ease-flow-aid-afghanistan-2021-09-01/,https://www.reuters.com/world/asia-pacific/exclusive-us-treasury-issued-new-license-ease-flow-aid-afghanistan-2021-09-01/,EXCLUSIVE U . S . Treasury issued new license to ease flow of aid in Afghanistan,2021-09-01 03:00:00+00:00,2021-09-01 10:00:00+07:00,reuters.com,English,United States,"[""armed_conflict"",""sanctions""]",https://www.reuters.com/resizer/NCWmUqCoCGeOehe4Im9nj-RNyzc=/1200x628/smart/filters:quality(80)/cloudfront-us-east-2.images.arcpublishing.com/reuters/EYZALQCJXNPINOBZCA7T3U5NUE.jpg,2026-09-09T08:08:23.781656Z,,20210901T030000Z,gdelt_first_seen,"[""https://www.reuters.com/world/asia-pacific/exclusive-us-treasury-issued-new-license-ease-flow-aid-afghanistan-2021-09-01/""]",2,[],"[{""domain"":""reuters.com"",""language"":""English"",""logical_end"":""2021-09-02T00:00:00Z"",""logical_start"":""2021-09-01T00:00:00Z"",""query_category"":""armed_conflict"",""query_string"":""(war OR invasion OR missile OR airstrike OR ceasefire OR military OR conflict) domain:reuters.com sourcelang:english"",""requested_end"":""20210902000001"",""requested_start"":""20210831235959"",""retrieved_at_utc"":""2026-09-09T08:08:23.781656Z"",""seendate"":""20210901T030000Z"",""socialimage"":""https://www.reuters.com/resizer/NCWmUqCoCGeOehe4Im9nj-RNyzc=/1200x628/smart/filters:quality(80)/cloudfront-us-east-2.images.arcpublishing.com/reuters/EYZALQCJXNPINOBZCA7T3U5NUE.jpg"",""sourcecountry"":""United States"",""title"":""EXCLUSIVE U . S . Treasury issued new license to ease flow of aid in Afghanistan"",""url"":""https://www.reuters.com/world/asia-pacific/exclusive-us-treasury-issued-new-license-ease-flow-aid-afghanistan-2021-09-01/"",""url_mobile"":""""},{""domain"":""reuters.com"",""language"":""English"",""logical_end"":""2021-09-02T00:00:00Z"",""logical_start"":""2021-09-01T00:00:00Z"",""query_category"":""sanctions"",""query_string"":""(sanction OR sanctions OR embargo OR \""asset freeze\"" OR \""export restriction\"") domain:reuters.com sourcelang:english"",""requested_end"":""20210902000001"",""requested_start"":""20210831235959"",""retrieved_at_utc"":""2026-09-09T08:10:28.322759Z"",""seendate"":""20210901T030000Z"",""socialimage"":""https://www.reuters.com/resizer/NCWmUqCoCGeOehe4Im9nj-RNyzc=/1200x628/smart/filters:quality(80)/cloudfront-us-east-2.images.arcpublishing.com/reuters/EYZALQCJXNPINOBZCA7T3U5NUE.jpg"",""sourcecountry"":""United States"",""title"":""EXCLUSIVE U . S . Treasury issued new license to ease flow of aid in Afghanistan"",""url"":""https://www.reuters.com/world/asia-pacific/exclusive-us-treasury-issued-new-license-ease-flow-aid-afghanistan-2021-09-01/"",""url_mobile"":""""}]"
bed5b0fa690ab8cb48eadf0fe94256792dbf9868fb199e4f32ae5965f19622c8,https://www.reuters.com/article/global-markets/asian-shares-down-on-slow-growth-fear-dollar-stays-near-three-week-low-idUSKBN2FX2EJ,https://www.reuters.com/article/global-markets/asian-shares-down-on-slow-growth-fear-dollar-stays-near-three-week-low-idUSKBN2FX2EJ,Asian shares down on slow - growth fear ; dollar stays near three - week low,2021-09-01 03:15:00+00:00,2021-09-01 10:15:00+07:00,reuters.com,English,United States,"[""energy_geopolitics"",""monetary_geoeconomic""]",https://static.reuters.com/resources/r/?m=02&d=20210901&t=2&i=1573508850&r=LYNXMPEH8018N,2026-09-09T08:16:13.990578Z,https://mobile.reuters.com/article/amp/idUSKBN2FX2EJ,20210901T031500Z,gdelt_first_seen,"[""https://www.reuters.com/article/global-markets/asian-shares-down-on-slow-growth-fear-dollar-stays-near-three-week-low-idUSKBN2FX2EJ""]",2,[],"[{""domain"":""reuters.com"",""language"":""English"",""logical_end"":""2021-09-02T00:00:00Z"",""logical_start"":""2021-09-01T00:00:00Z"",""query_category"":""energy_geopolitics"",""query_string"":""(OPEC OR \""oil embargo\"" OR \""oil supply\"" OR \""energy crisis\"" OR \""natural gas\"") domain:reuters.com sourcelang:english"",""requested_end"":""20210902000001"",""requested_start"":""20210831235959"",""retrieved_at_utc"":""2026-09-09T08:16:13.990578Z"",""seendate"":""20210901T031500Z"",""socialimage"":""https://static.reuters.com/resources/r/?m=02&d=20210901&t=2&i=1573508850&r=LYNXMPEH8018N"",""sourcecountry"":""United States"",""title"":""Asian shares down on slow - growth fear ; dollar stays near three - week low"",""url"":""https://www.reuters.com/article/global-markets/asian-shares-down-on-slow-growth-fear-dollar-stays-near-three-week-low-idUSKBN2FX2EJ"",""url_mobile"":""https://mobile.reuters.com/article/amp/idUSKBN2FX2EJ""},{""domain"":""reuters.com"",""language"":""English"",""logical_end"":""2021-09-02T00:00:00Z"",""logical_start"":""2021-09-01T00:00:00Z"",""query_category"":""monetary_geoeconomic"",""query_string"":""(\""Federal Reserve\"" OR \""interest rate\"" OR \""rate hike\"" OR inflation OR CPI) domain:reuters.com sourcelang:english"",""requested_end"":""20210902000001"",""requested_start"":""20210831235959"",""retrieved_at_utc"":""2026-09-09T08:21:33.592815Z"",""seendate"":""20210901T031500Z"",""socialimage"":""https://static.reuters.com/resources/r/?m=02&d=20210901&t=2&i=1573508850&r=LYNXMPEH8018N"",""sourcecountry"":""United States"",""title"":""Asian shares down on slow - growth fear ; dollar stays near three - week low"",""url"":""https://www.reuters.com/article/global-markets/asian-shares-down-on-slow-growth-fear-dollar-stays-near-three-week-low-idUSKBN2FX2EJ"",""url_mobile"":""https://mobile.reuters.com/article/amp/idUSKBN2FX2EJ""}]"
fde0037bf9690bc4db87cd2d0b4ee337c4e48f828265378eb85f8088ab6e8280,https://www.reuters.com/article/global-markets/global-markets-asian-shares-down-on-slow-growth-fear-dollar-stays-near-three-week-low-idUSL1N2Q302L,https://www.reuters.com/article/global-markets/global-markets-asian-shares-down-on-slow-growth-fear-dollar-stays-near-three-week-low-idUSL1N2Q302L,Asian shares down on slow - growth fear ; dollar stays near three - week low,2021-09-01 04:00:00+00:00,2021-09-01 11:00:00+07:00,reuters.com,English,United States,"[""energy_geopolitics"",""monetary_geoeconomic""]",https://static.reuters.com/resources/r/?m=02&d=20210901&t=2&i=1573508850&r=LYNXMPEH8018N,2026-09-09T08:16:13.990578Z,https://mobile.reuters.com/article/amp/idUSKBN2FX2EJ,20210901T040000Z,gdelt_first_seen,"[""https://www.reuters.com/article/global-markets/global-markets-asian-shares-down-on-slow-growth-fear-dollar-stays-near-three-week-low-idUSL1N2Q302L""]",2,[],"[{""domain"":""reuters.com"",""language"":""English"",""logical_end"":""2021-09-02T00:00:00Z"",""logical_start"":""2021-09-01T00:00:00Z"",""query_category"":""energy_geopolitics"",""query_string"":""(OPEC OR \""oil embargo\"" OR \""oil supply\"" OR \""energy crisis\"" OR \""natural gas\"") domain:reuters.com sourcelang:english"",""requested_end"":""20210902000001"",""requested_start"":""20210831235959"",""retrieved_at_utc"":""2026-09-09T08:16:13.990578Z"",""seendate"":""20210901T040000Z"",""socialimage"":""https://static.reuters.com/resources/r/?m=02&d=20210901&t=2&i=1573508850&r=LYNXMPEH8018N"",""sourcecountry"":""United States"",""title"":""Asian shares down on slow - growth fear ; dollar stays near three - week low"",""url"":""https://www.reuters.com/article/global-markets/global-markets-asian-shares-down-on-slow-growth-fear-dollar-stays-near-three-week-low-idUSL1N2Q302L"",""url_mobile"":""https://mobile.reuters.com/article/amp/idUSKBN2FX2EJ""},{""domain"":""reuters.com"",""language"":""English"",""logical_end"":""2021-09-02T00:00:00Z"",""logical_start"":""2021-09-01T00:00:00Z"",""query_category"":""monetary_geoeconomic"",""query_string"":""(\""Federal Reserve\"" OR \""interest rate\"" OR \""rate hike\"" OR inflation OR CPI) domain:reuters.com sourcelang:english"",""requested_end"":""20210902000001"",""requested_start"":""20210831235959"",""retrieved_at_utc"":""2026-09-09T08:21:33.592815Z"",""seendate"":""20210901T040000Z"",""socialimage"":""https://static.reuters.com/resources/r/?m=02&d=20210901&t=2&i=1573508850&r=LYNXMPEH8018N"",""sourcecountry"":""United States"",""title"":""Asian shares down on slow - growth fear ; dollar stays near three - week low"",""url"":""https://www.reuters.com/article/global-markets/global-markets-asian-shares-down-on-slow-growth-fear-dollar-stays-near-three-week-low-idUSL1N2Q302L"",""url_mobile"":""https://mobile.reuters.com/article/amp/idUSKBN2FX2EJ""}]"
0bc323f8cf54c97dda313c71297196bc851d57e66e4f0c99182a2c77df87b306,https://www.reuters.com/world/middle-east/syrian-army-steps-up-offensive-rebel-redoubt-southwest-city-2021-08-31/,https://www.reuters.com/world/middle-east/syrian-army-steps-up-offensive-rebel-redoubt-southwest-city-2021-08-31/,Syrian army steps up offensive on rebel redoubt in southwestern city,2021-09-01 04:00:00+00:00,2021-09-01 11:00:00+07:00,reuters.com,English,United States,"[""armed_conflict""]",https://www.reuters.com/resizer/hQgZ7W3A5HKWmLGdGoMUvLSbRc8=/1200x628/smart/filters:quality(80)/cloudfront-us-east-2.images.arcpublishing.com/reuters/UXW4OFAMOFPNHJQM4B36NZ2KTM.jpg,2026-09-09T08:08:23.781656Z,,20210901T040000Z,gdelt_first_seen,"[""https://www.reuters.com/world/middle-east/syrian-army-steps-up-offensive-rebel-redoubt-southwest-city-2021-08-31/""]",1,[],"[{""domain"":""reuters.com"",""language"":""English"",""logical_end"":""2021-09-02T00:00:00Z"",""logical_start"":""2021-09-01T00:00:00Z"",""query_category"":""armed_conflict"",""query_string"":""(war OR invasion OR missile OR airstrike OR ceasefire OR military OR conflict) domain:reuters.com sourcelang:english"",""requested_end"":""20210902000001"",""requested_start"":""20210831235959"",""retrieved_at_utc"":""2026-09-09T08:08:23.781656Z"",""seendate"":""20210901T040000Z"",""socialimage"":""https://www.reuters.com/resizer/hQgZ7W3A5HKWmLGdGoMUvLSbRc8=/1200x628/smart/filters:quality(80)/cloudfront-us-east-2.images.arcpublishing.com/reuters/UXW4OFAMOFPNHJQM4B36NZ2KTM.jpg"",""sourcecountry"":""United States"",""title"":""Syrian army steps up offensive on rebel redoubt in southwestern city"",""url"":""https://www.reuters.com/world/middle-east/syrian-army-steps-up-offensive-rebel-redoubt-southwest-city-2021-08-31/"",""url_mobile"":""""}]"
ad444d50167d40c747dd44fa6acc0c148f54981730a40e0524d433bb07dce5c9,https://www.reuters.com/world/uk/first-meeting-uks-cptpp-inclusion-be-held-month-japan-minister-says-2021-09-01/,https://www.reuters.com/world/uk/first-meeting-uks-cptpp-inclusion-be-held-month-japan-minister-says-2021-09-01/,"First meeting for united kingdom CPTPP inclusion to be held in a month , Japan minister says",2021-09-01 04:00:00+00:00,2021-09-01 11:00:00+07:00,reuters.com,English,United States,"[""trade_conflict""]",https://www.reuters.com/resizer/Tkz4bt0ksD0jBewVJjE9iwT_ijk=/1200x628/smart/filters:quality(80)/cloudfront-us-east-2.images.arcpublishing.com/reuters/5VUCTKF47ROBVF4OP24EOJFOW4.jpg,2026-09-09T08:24:16.619680Z,,20210901T040000Z,gdelt_first_seen,"[""https://www.reuters.com/world/uk/first-meeting-uks-cptpp-inclusion-be-held-month-japan-minister-says-2021-09-01/""]",1,[],"[{""domain"":""reuters.com"",""language"":""English"",""logical_end"":""2021-09-02T00:00:00Z"",""logical_start"":""2021-09-01T00:00:00Z"",""query_category"":""trade_conflict"",""query_string"":""(tariff OR tariffs OR \""trade war\"" OR \""export ban\"" OR \""trade restriction\"") domain:reuters.com sourcelang:english"",""requested_end"":""20210902000001"",""requested_start"":""20210831235959"",""retrieved_at_utc"":""2026-09-09T08:24:16.619680Z"",""seendate"":""20210901T040000Z"",""socialimage"":""https://www.reuters.com/resizer/Tkz4bt0ksD0jBewVJjE9iwT_ijk=/1200x628/smart/filters:quality(80)/cloudfront-us-east-2.images.arcpublishing.com/reuters/5VUCTKF47ROBVF4OP24EOJFOW4.jpg"",""sourcecountry"":""United States"",""title"":""First meeting for united kingdom CPTPP inclusion to be held in a month , Japan minister says"",""url"":""https://www.reuters.com/world/uk/first-meeting-uks-cptpp-inclusion-be-held-month-japan-minister-says-2021-09-01/"",""url_mobile"":""""}]"
d1e87e23f92bf5e22b73532c5e715454180cb802904286ed6c59af3d90cba227,https://www.reuters.com/article/topNews/idUSKBN2FX2EJ,https://www.reuters.com/article/topNews/idUSKBN2FX2EJ,Asian shares down on slow - growth fear ; dollar stays near three - week low,2021-09-01 04:45:00+00:00,2021-09-01 11:45:00+07:00,reuters.com,English,United States,"[""energy_geopolitics"",""monetary_geoeconomic""]",https://static.reuters.com/resources/r/?m=02&d=20210901&t=2&i=1573508850&r=LYNXMPEH8018N,2026-09-09T08:16:13.990578Z,https://mobile.reuters.com/article/amp/idUSKBN2FX2EJ,20210901T044500Z,gdelt_first_seen,"[""https://www.reuters.com/article/topNews/idUSKBN2FX2EJ""]",2,[],"[{""domain"":""reuters.com"",""language"":""English"",""logical_end"":""2021-09-02T00:00:00Z"",""logical_start"":""2021-09-01T00:00:00Z"",""query_category"":""energy_geopolitics"",""query_string"":""(OPEC OR \""oil embargo\"" OR \""oil supply\"" OR \""energy crisis\"" OR \""natural gas\"") domain:reuters.com sourcelang:english"",""requested_end"":""20210902000001"",""requested_start"":""20210831235959"",""retrieved_at_utc"":""2026-09-09T08:16:13.990578Z"",""seendate"":""20210901T044500Z"",""socialimage"":""https://static.reuters.com/resources/r/?m=02&d=20210901&t=2&i=1573508850&r=LYNXMPEH8018N"",""sourcecountry"":""United States"",""title"":""Asian shares down on slow - growth fear ; dollar stays near three - week low"",""url"":""https://www.reuters.com/article/topNews/idUSKBN2FX2EJ"",""url_mobile"":""https://mobile.reuters.com/article/amp/idUSKBN2FX2EJ""},{""domain"":""reuters.com"",""language"":""English"",""logical_end"":""2021-09-02T00:00:00Z"",""logical_start"":""2021-09-01T00:00:00Z"",""query_category"":""monetary_geoeconomic"",""query_string"":""(\""Federal Reserve\"" OR \""interest rate\"" OR \""rate hike\"" OR inflation OR CPI) domain:reuters.com sourcelang:english"",""requested_end"":""20210902000001"",""requested_start"":""20210831235959"",""retrieved_at_utc"":""2026-09-09T08:21:33.592815Z"",""seendate"":""20210901T044500Z"",""socialimage"":""https://static.reuters.com/resources/r/?m=02&d=20210901&t=2&i=1573508850&r=LYNXMPEH8018N"",""sourcecountry"":""United States"",""title"":""Asian shares down on slow - growth fear ; dollar stays near three - week low"",""url"":""https://www.reuters.com/article/topNews/idUSKBN2FX2EJ"",""url_mobile"":""https://mobile.reuters.com/article/amp/idUSKBN2FX2EJ""}]"
120391d52e8b8e293cfb1eb4cc4189561cabe9ec9631b8ed23dc12b7e93605a1,https://www.reuters.com/article/topNews/idUSKBN2FX2HT,https://www.reuters.com/article/topNews/idUSKBN2FX2HT,"U . S . Navy helicopter crashes off San Diego coast , Pacific Fleet says",2021-09-01 04:45:00+00:00,2021-09-01 11:45:00+07:00,reuters.com,English,United States,"[""armed_conflict""]",https://s1.reutersmedia.net/resources_v2/images/rcom-default.png,2026-09-09T08:08:23.781656Z,https://mobile.reuters.com/article/amp/idUSKBN2FX2HT,20210901T044500Z,gdelt_first_seen,"[""https://www.reuters.com/article/topNews/idUSKBN2FX2HT""]",1,[],"[{""domain"":""reuters.com"",""language"":""English"",""logical_end"":""2021-09-02T00:00:00Z"",""logical_start"":""2021-09-01T00:00:00Z"",""query_category"":""armed_conflict"",""query_string"":""(war OR invasion OR missile OR airstrike OR ceasefire OR military OR conflict) domain:reuters.com sourcelang:english"",""requested_end"":""20210902000001"",""requested_start"":""20210831235959"",""retrieved_at_utc"":""2026-09-09T08:08:23.781656Z"",""seendate"":""20210901T044500Z"",""socialimage"":""https://s1.reutersmedia.net/resources_v2/images/rcom-default.png"",""sourcecountry"":""United States"",""title"":""U . S . Navy helicopter crashes off San Diego coast , Pacific Fleet says"",""url"":""https://www.reuters.com/article/topNews/idUSKBN2FX2HT"",""url_mobile"":""https://mobile.reuters.com/article/amp/idUSKBN2FX2HT""}]"
42018b48a32e72e7a98597bf3f7947f1ec5b773e2e73b6a89dc043541b6133e2,https://www.reuters.com/business/energy/oil-steady-ahead-opec-supply-decision-2021-09-01/,https://www.reuters.com/business/energy/oil-steady-ahead-opec-supply-decision-2021-09-01/,"Oil climbs ahead of OPEC+ meeting , EIA data",2021-09-01 05:30:00+00:00,2021-09-01 12:30:00+07:00,reuters.com,English,United States,"[""energy_geopolitics""]",https://www.reuters.com/resizer/5B9dsCc5-8uKesZFrnE_hlAaDU4=/1200x628/smart/filters:quality(80)/cloudfront-us-east-2.images.arcpublishing.com/reuters/7GGIUQZX6ZLK7B6HVY3SX5KDUE.jpg,2026-09-09T08:16:13.990578Z,,20210901T053000Z,gdelt_first_seen,"[""https://www.reuters.com/business/energy/oil-steady-ahead-opec-supply-decision-2021-09-01/""]",1,[],"[{""domain"":""reuters.com"",""language"":""English"",""logical_end"":""2021-09-02T00:00:00Z"",""logical_start"":""2021-09-01T00:00:00Z"",""query_category"":""energy_geopolitics"",""query_string"":""(OPEC OR \""oil embargo\"" OR \""oil supply\"" OR \""energy crisis\"" OR \""natural gas\"") domain:reuters.com sourcelang:english"",""requested_end"":""20210902000001"",""requested_start"":""20210831235959"",""retrieved_at_utc"":""2026-09-09T08:16:13.990578Z"",""seendate"":""20210901T053000Z"",""socialimage"":""https://www.reuters.com/resizer/5B9dsCc5-8uKesZFrnE_hlAaDU4=/1200x628/smart/filters:quality(80)/cloudfront-us-east-2.images.arcpublishing.com/reuters/7GGIUQZX6ZLK7B6HVY3SX5KDUE.jpg"",""sourcecountry"":""United States"",""title"":""Oil climbs ahead of OPEC+ meeting , EIA data"",""url"":""https://www.reuters.com/business/energy/oil-steady-ahead-opec-supply-decision-2021-09-01/"",""url_mobile"":""""}]"
44c5bb0fdddd8e692db06c9dc4c4075af6dd385c8cf492e55f3f351fc0ef8017,https://www.reuters.com/world/asia-pacific/with-no-evacuation-flights-afghans-weigh-risky-overland-trips-borders-2021-09-01/,https://www.reuters.com/world/asia-pacific/with-no-evacuation-flights-afghans-weigh-risky-overland-trips-borders-2021-09-01/,"With no evacuation flights , Afghans weigh risky overland trips to borders",2021-09-01 05:30:00+00:00,2021-09-01 12:30:00+07:00,reuters.com,English,United States,"[""armed_conflict""]",https://www.reuters.com/resizer/uF923K1No7uuyNg5huAMAXIrAS8=/1200x628/smart/filters:quality(80)/cloudfront-us-east-2.images.arcpublishing.com/reuters/BQQTG5UU2JI7JB6XBGNYBA7P5E.jpg,2026-09-09T08:08:23.781656Z,,20210901T053000Z,gdelt_first_seen,"[""https://www.reuters.com/world/asia-pacific/with-no-evacuation-flights-afghans-weigh-risky-overland-trips-borders-2021-09-01/""]",1,[],"[{""domain"":""reuters.com"",""language"":""English"",""logical_end"":""2021-09-02T00:00:00Z"",""logical_start"":""2021-09-01T00:00:00Z"",""query_category"":""armed_conflict"",""query_string"":""(war OR invasion OR missile OR airstrike OR ceasefire OR military OR conflict) domain:reuters.com sourcelang:english"",""requested_end"":""20210902000001"",""requested_start"":""20210831235959"",""retrieved_at_utc"":""2026-09-09T08:08:23.781656Z"",""seendate"":""20210901T053000Z"",""socialimage"":""https://www.reuters.com/resizer/uF923K1No7uuyNg5huAMAXIrAS8=/1200x628/smart/filters:quality(80)/cloudfront-us-east-2.images.arcpublishing.com/reuters/BQQTG5UU2JI7JB6XBGNYBA7P5E.jpg"",""sourcecountry"":""United States"",""title"":""With no evacuation flights , Afghans weigh risky overland trips to borders"",""url"":""https://www.reuters.com/world/asia-pacific/with-no-evacuation-flights-afghans-weigh-risky-overland-trips-borders-2021-09-01/"",""url_mobile"":""""}]"
0bf7ebf68c4c025f06fd4539f07315a329acd997e22a980527a735318f7a7477,https://www.reuters.com/article/us-afghanistan-conflict-overland/with-no-evacuation-flights-afghans-weigh-risky-overland-trips-to-borders-idUSKBN2FX2K4,https://www.reuters.com/article/us-afghanistan-conflict-overland/with-no-evacuation-flights-afghans-weigh-risky-overland-trips-to-borders-idUSKBN2FX2K4,"With no evacuation flights , Afghans weigh risky overland trips to borders",2021-09-01 05:45:00+00:00,2021-09-01 12:45:00+07:00,reuters.com,English,United States,"[""armed_conflict""]",https://static.reuters.com/resources/r/?m=02&d=20210901&t=2&i=1573520965&r=LYNXMPEH801BC,2026-09-09T08:08:23.781656Z,https://mobile.reuters.com/article/amp/idUSKBN2FX2K4,20210901T054500Z,gdelt_first_seen,"[""https://www.reuters.com/article/us-afghanistan-conflict-overland/with-no-evacuation-flights-afghans-weigh-risky-overland-trips-to-borders-idUSKBN2FX2K4""]",1,[],"[{""domain"":""reuters.com"",""language"":""English"",""logical_end"":""2021-09-02T00:00:00Z"",""logical_start"":""2021-09-01T00:00:00Z"",""query_category"":""armed_conflict"",""query_string"":""(war OR invasion OR missile OR airstrike OR ceasefire OR military OR conflict) domain:reuters.com sourcelang:english"",""requested_end"":""20210902000001"",""requested_start"":""20210831235959"",""retrieved_at_utc"":""2026-09-09T08:08:23.781656Z"",""seendate"":""20210901T054500Z"",""socialimage"":""https://static.reuters.com/resources/r/?m=02&d=20210901&t=2&i=1573520965&r=LYNXMPEH801BC"",""sourcecountry"":""United States"",""title"":""With no evacuation flights , Afghans weigh risky overland trips to borders"",""url"":""https://www.reuters.com/article/us-afghanistan-conflict-overland/with-no-evacuation-flights-afghans-weigh-risky-overland-trips-to-borders-idUSKBN2FX2K4"",""url_mobile"":""https://mobile.reuters.com/article/amp/idUSKBN2FX2K4""}]"
36ac2015b0097a7b96111e05386ab1f91694ee6004674b911bef6bf96dac491c,https://www.reuters.com/world/china/chinas-xiaomi-completes-business-registration-electric-vehicle-unit-2021-09-01/,https://www.reuters.com/world/china/chinas-xiaomi-completes-business-registration-electric-vehicle-unit-2021-09-01/,China Xiaomi completes business registration of electric vehicle unit,2021-09-01 05:45:00+00:00,2021-09-01 12:45:00+07:00,reuters.com,English,United States,"[""sanctions""]",https://www.reuters.com/resizer/SnZJQsK1oEQRJOIaKNY5FCbsZGE=/1200x628/smart/filters:quality(80)/cloudfront-us-east-2.images.arcpublishing.com/reuters/R7OVAQH3QJLQ7KS5H5ELLF23SY.jpg,2026-09-09T08:10:28.322759Z,,20210901T054500Z,gdelt_first_seen,"[""https://www.reuters.com/world/china/chinas-xiaomi-completes-business-registration-electric-vehicle-unit-2021-09-01/""]",1,[],"[{""domain"":""reuters.com"",""language"":""English"",""logical_end"":""2021-09-02T00:00:00Z"",""logical_start"":""2021-09-01T00:00:00Z"",""query_category"":""sanctions"",""query_string"":""(sanction OR sanctions OR embargo OR \""asset freeze\"" OR \""export restriction\"") domain:reuters.com sourcelang:english"",""requested_end"":""20210902000001"",""requested_start"":""20210831235959"",""retrieved_at_utc"":""2026-09-09T08:10:28.322759Z"",""seendate"":""20210901T054500Z"",""socialimage"":""https://www.reuters.com/resizer/SnZJQsK1oEQRJOIaKNY5FCbsZGE=/1200x628/smart/filters:quality(80)/cloudfront-us-east-2.images.arcpublishing.com/reuters/R7OVAQH3QJLQ7KS5H5ELLF23SY.jpg"",""sourcecountry"":""United States"",""title"":""China Xiaomi completes business registration of electric vehicle unit"",""url"":""https://www.reuters.com/world/china/chinas-xiaomi-completes-business-registration-electric-vehicle-unit-2021-09-01/"",""url_mobile"":""""}]"
f18e0324a6628af15babb038b9d5f0894521fbbe92e4a36904376f8e2c6ba5d4,https://www.reuters.com/world/europe/russias-arctic-navalny-activists-election-bid-is-crushed-2021-09-01/,https://www.reuters.com/world/europe/russias-arctic-navalny-activists-election-bid-is-crushed-2021-09-01/,"In Russia Arctic , Navalny activist election bid is crushed",2021-09-01 05:45:00+00:00,2021-09-01 12:45:00+07:00,reuters.com,English,United States,"[""armed_conflict""]",https://www.reuters.com/resizer/vXpHZPsi8ki5geKPKq6_m8bmX0s=/1200x628/smart/filters:quality(80)/cloudfront-us-east-2.images.arcpublishing.com/reuters/FYTELDKC2VJ4RENLOGDWLA5RY4.jpg,2026-09-09T08:08:23.781656Z,,20210901T054500Z,gdelt_first_seen,"[""https://www.reuters.com/world/europe/russias-arctic-navalny-activists-election-bid-is-crushed-2021-09-01/""]",1,[],"[{""domain"":""reuters.com"",""language"":""English"",""logical_end"":""2021-09-02T00:00:00Z"",""logical_start"":""2021-09-01T00:00:00Z"",""query_category"":""armed_conflict"",""query_string"":""(war OR invasion OR missile OR airstrike OR ceasefire OR military OR conflict) domain:reuters.com sourcelang:english"",""requested_end"":""20210902000001"",""requested_start"":""20210831235959"",""retrieved_at_utc"":""2026-09-09T08:08:23.781656Z"",""seendate"":""20210901T054500Z"",""socialimage"":""https://www.reuters.com/resizer/vXpHZPsi8ki5geKPKq6_m8bmX0s=/1200x628/smart/filters:quality(80)/cloudfront-us-east-2.images.arcpublishing.com/reuters/FYTELDKC2VJ4RENLOGDWLA5RY4.jpg"",""sourcecountry"":""United States"",""title"":""In Russia Arctic , Navalny activist election bid is crushed"",""url"":""https://www.reuters.com/world/europe/russias-arctic-navalny-activists-election-bid-is-crushed-2021-09-01/"",""url_mobile"":""""}]"
cedaea461fb3b41c70e955de6d9ecad31fff8b9009d711fd0715e5ca13e63c7f,https://www.reuters.com/article/ecb-policy-deguindos/ecb-to-raise-growth-forecast-next-week-de-guindos-idUSS8N2OB037,https://www.reuters.com/article/ecb-policy-deguindos/ecb-to-raise-growth-forecast-next-week-de-guindos-idUSS8N2OB037,ECB to raise growth forecast next week : de Guindos,2021-09-01 06:15:00+00:00,2021-09-01 13:15:00+07:00,reuters.com,English,United States,"[""monetary_geoeconomic""]",https://s1.reutersmedia.net/resources_v2/images/rcom-default.png,2026-09-09T08:21:33.592815Z,https://mobile.reuters.com/article/amp/idUSS8N2OB037,20210901T061500Z,gdelt_first_seen,"[""https://www.reuters.com/article/ecb-policy-deguindos/ecb-to-raise-growth-forecast-next-week-de-guindos-idUSS8N2OB037""]",1,[],"[{""domain"":""reuters.com"",""language"":""English"",""logical_end"":""2021-09-02T00:00:00Z"",""logical_start"":""2021-09-01T00:00:00Z"",""query_category"":""monetary_geoeconomic"",""query_string"":""(\""Federal Reserve\"" OR \""interest rate\"" OR \""rate hike\"" OR inflation OR CPI) domain:reuters.com sourcelang:english"",""requested_end"":""20210902000001"",""requested_start"":""20210831235959"",""retrieved_at_utc"":""2026-09-09T08:21:33.592815Z"",""seendate"":""20210901T061500Z"",""socialimage"":""https://s1.reutersmedia.net/resources_v2/images/rcom-default.png"",""sourcecountry"":""United States"",""title"":""ECB to raise growth forecast next week : de Guindos"",""url"":""https://www.reuters.com/article/ecb-policy-deguindos/ecb-to-raise-growth-forecast-next-week-de-guindos-idUSS8N2OB037"",""url_mobile"":""https://mobile.reuters.com/article/amp/idUSS8N2OB037""}]"
ef1e8e1614dd1bd09b545a701beda2ea9ade713e5c7cb07fd677db51887b19e7,https://www.reuters.com/article/global-ecb/column-fed-fascination-may-miss-extent-of-ecb-overspill-mike-dolan-idUSL8N2Q24CL,https://www.reuters.com/article/global-ecb/column-fed-fascination-may-miss-extent-of-ecb-overspill-mike-dolan-idUSL8N2Q24CL,COLUMN - Fed fascination may miss extent of ECB overspill : Mike Dolan,2021-09-01 06:15:00+00:00,2021-09-01 13:15:00+07:00,reuters.com,English,United States,"[""monetary_geoeconomic""]",https://s1.reutersmedia.net/resources_v2/images/rcom-default.png,2026-09-09T08:21:33.592815Z,https://mobile.reuters.com/article/amp/idUSL8N2Q24CL,20210901T061500Z,gdelt_first_seen,"[""https://www.reuters.com/article/global-ecb/column-fed-fascination-may-miss-extent-of-ecb-overspill-mike-dolan-idUSL8N2Q24CL""]",1,[],"[{""domain"":""reuters.com"",""language"":""English"",""logical_end"":""2021-09-02T00:00:00Z"",""logical_start"":""2021-09-01T00:00:00Z"",""query_category"":""monetary_geoeconomic"",""query_string"":""(\""Federal Reserve\"" OR \""interest rate\"" OR \""rate hike\"" OR inflation OR CPI) domain:reuters.com sourcelang:english"",""requested_end"":""20210902000001"",""requested_start"":""20210831235959"",""retrieved_at_utc"":""2026-09-09T08:21:33.592815Z"",""seendate"":""20210901T061500Z"",""socialimage"":""https://s1.reutersmedia.net/resources_v2/images/rcom-default.png"",""sourcecountry"":""United States"",""title"":""COLUMN - Fed fascination may miss extent of ECB overspill : Mike Dolan"",""url"":""https://www.reuters.com/article/global-ecb/column-fed-fascination-may-miss-extent-of-ecb-overspill-mike-dolan-idUSL8N2Q24CL"",""url_mobile"":""https://mobile.reuters.com/article/amp/idUSL8N2Q24CL""}]"
fe743c5d1e04eb6ab8f2a5882c0cc85c1b2a28b6ff1deecf7e74b92a4088ec25,https://www.reuters.com/article/global-markets/global-markets-asian-shares-rise-dollar-near-three-week-low-idUSL1N2Q309S,https://www.reuters.com/article/global-markets/global-markets-asian-shares-rise-dollar-near-three-week-low-idUSL1N2Q309S,"Asian shares rise , dollar near three - week low",2021-09-01 06:30:00+00:00,2021-09-01 13:30:00+07:00,reuters.com,English,United States,"[""energy_geopolitics"",""monetary_geoeconomic""]",https://static.reuters.com/resources/r/?m=02&d=20210901&t=2&i=1573508850&r=LYNXMPEH8018N,2026-09-09T08:16:13.990578Z,https://mobile.reuters.com/article/amp/idUSKBN2FX2EJ,20210901T063000Z,gdelt_first_seen,"[""https://www.reuters.com/article/global-markets/global-markets-asian-shares-rise-dollar-near-three-week-low-idUSL1N2Q309S""]",2,[],"[{""domain"":""reuters.com"",""language"":""English"",""logical_end"":""2021-09-02T00:00:00Z"",""logical_start"":""2021-09-01T00:00:00Z"",""query_category"":""energy_geopolitics"",""query_string"":""(OPEC OR \""oil embargo\"" OR \""oil supply\"" OR \""energy crisis\"" OR \""natural gas\"") domain:reuters.com sourcelang:english"",""requested_end"":""20210902000001"",""requested_start"":""20210831235959"",""retrieved_at_utc"":""2026-09-09T08:16:13.990578Z"",""seendate"":""20210901T063000Z"",""socialimage"":""https://static.reuters.com/resources/r/?m=02&d=20210901&t=2&i=1573508850&r=LYNXMPEH8018N"",""sourcecountry"":""United States"",""title"":""Asian shares rise , dollar near three - week low"",""url"":""https://www.reuters.com/article/global-markets/global-markets-asian-shares-rise-dollar-near-three-week-low-idUSL1N2Q309S"",""url_mobile"":""https://mobile.reuters.com/article/amp/idUSKBN2FX2EJ""},{""domain"":""reuters.com"",""language"":""English"",""logical_end"":""2021-09-02T00:00:00Z"",""logical_start"":""2021-09-01T00:00:00Z"",""query_category"":""monetary_geoeconomic"",""query_string"":""(\""Federal Reserve\"" OR \""interest rate\"" OR \""rate hike\"" OR inflation OR CPI) domain:reuters.com sourcelang:english"",""requested_end"":""20210902000001"",""requested_start"":""20210831235959"",""retrieved_at_utc"":""2026-09-09T08:21:33.592815Z"",""seendate"":""20210901T063000Z"",""socialimage"":""https://static.reuters.com/resources/r/?m=02&d=20210901&t=2&i=1573508850&r=LYNXMPEH8018N"",""sourcecountry"":""United States"",""title"":""Asian shares rise , dollar near three - week low"",""url"":""https://www.reuters.com/article/global-markets/global-markets-asian-shares-rise-dollar-near-three-week-low-idUSL1N2Q309S"",""url_mobile"":""https://mobile.reuters.com/article/amp/idUSKBN2FX2EJ""}]"
b961376f6eb328020b512f66246708d8a7d43c1dd200a945f3d35c6bb6d0669d,https://www.reuters.com/business/finance/ecb-raise-growth-forecast-next-week-de-guindos-2021-09-01/,https://www.reuters.com/business/finance/ecb-raise-growth-forecast-next-week-de-guindos-2021-09-01/,ECB decisions to reflect better growth : de Guindos,2021-09-01 06:30:00+00:00,2021-09-01 13:30:00+07:00,reuters.com,English,United States,"[""monetary_geoeconomic""]",https://www.reuters.com/resizer/DilDhTLAGVkQS39H-3IRpGQ1OME=/1200x628/smart/filters:quality(80)/cloudfront-us-east-2.images.arcpublishing.com/reuters/JPODCR2UMVOZ7GP6ZG4QP2T66I.jpg,2026-09-09T08:21:33.592815Z,,20210901T063000Z,gdelt_first_seen,"[""https://www.reuters.com/business/finance/ecb-raise-growth-forecast-next-week-de-guindos-2021-09-01/""]",1,[],"[{""domain"":""reuters.com"",""language"":""English"",""logical_end"":""2021-09-02T00:00:00Z"",""logical_start"":""2021-09-01T00:00:00Z"",""query_category"":""monetary_geoeconomic"",""query_string"":""(\""Federal Reserve\"" OR \""interest rate\"" OR \""rate hike\"" OR inflation OR CPI) domain:reuters.com sourcelang:english"",""requested_end"":""20210902000001"",""requested_start"":""20210831235959"",""retrieved_at_utc"":""2026-09-09T08:21:33.592815Z"",""seendate"":""20210901T063000Z"",""socialimage"":""https://www.reuters.com/resizer/DilDhTLAGVkQS39H-3IRpGQ1OME=/1200x628/smart/filters:quality(80)/cloudfront-us-east-2.images.arcpublishing.com/reuters/JPODCR2UMVOZ7GP6ZG4QP2T66I.jpg"",""sourcecountry"":""United States"",""title"":""ECB decisions to reflect better growth : de Guindos"",""url"":""https://www.reuters.com/business/finance/ecb-raise-growth-forecast-next-week-de-guindos-2021-09-01/"",""url_mobile"":""""}]"
7e2397b5dd88181ae2ee712dd205806c4731327cfef59b58745005634a628266,https://www.reuters.com/business/environment/eus-planned-carbon-border-tax-impact-russia-most-study-2021-09-01/,https://www.reuters.com/business/environment/eus-planned-carbon-border-tax-impact-russia-most-study-2021-09-01/,EU planned carbon border tax to impact Russia the most - study,2021-09-01 07:15:00+00:00,2021-09-01 14:15:00+07:00,reuters.com,English,United States,"[""trade_conflict""]",https://www.reuters.com/resizer/GRHSO0WVURXnqcfSllRMb5HEtiE=/1200x628/smart/filters:quality(80)/cloudfront-us-east-2.images.arcpublishing.com/reuters/JEVSDXPI75MTLLKSHDBPWAUPV4.jpg,2026-09-09T08:24:16.619680Z,,20210901T071500Z,gdelt_first_seen,"[""https://www.reuters.com/business/environment/eus-planned-carbon-border-tax-impact-russia-most-study-2021-09-01/""]",1,[],"[{""domain"":""reuters.com"",""language"":""English"",""logical_end"":""2021-09-02T00:00:00Z"",""logical_start"":""2021-09-01T00:00:00Z"",""query_category"":""trade_conflict"",""query_string"":""(tariff OR tariffs OR \""trade war\"" OR \""export ban\"" OR \""trade restriction\"") domain:reuters.com sourcelang:english"",""requested_end"":""20210902000001"",""requested_start"":""20210831235959"",""retrieved_at_utc"":""2026-09-09T08:24:16.619680Z"",""seendate"":""20210901T071500Z"",""socialimage"":""https://www.reuters.com/resizer/GRHSO0WVURXnqcfSllRMb5HEtiE=/1200x628/smart/filters:quality(80)/cloudfront-us-east-2.images.arcpublishing.com/reuters/JEVSDXPI75MTLLKSHDBPWAUPV4.jpg"",""sourcecountry"":""United States"",""title"":""EU planned carbon border tax to impact Russia the most - study"",""url"":""https://www.reuters.com/business/environment/eus-planned-carbon-border-tax-impact-russia-most-study-2021-09-01/"",""url_mobile"":""""}]"
bdcfa4a44afd79d4535c0003c586fa85fc01461d6f359ad916745dab44d0b32f,https://www.reuters.com/article/chile-rates/update-1-chile-central-bank-doubles-benchmark-interest-rate-to-1-5-idUSL1N2Q233X,https://www.reuters.com/article/chile-rates/update-1-chile-central-bank-doubles-benchmark-interest-rate-to-1-5-idUSL1N2Q233X,Chile central bank doubles benchmark interest rate to 1 . 5 %,2021-09-01 07:30:00+00:00,2021-09-01 14:30:00+07:00,reuters.com,English,United States,"[""monetary_geoeconomic""]",https://static.reuters.com/resources/r/?m=02&d=20210831&t=2&i=1573495914&r=LYNXMPEH7U157,2026-09-09T08:21:33.592815Z,https://mobile.reuters.com/article/amp/idUSKBN2FW26G,20210901T073000Z,gdelt_first_seen,"[""https://www.reuters.com/article/chile-rates/update-1-chile-central-bank-doubles-benchmark-interest-rate-to-1-5-idUSL1N2Q233X""]",1,[],"[{""domain"":""reuters.com"",""language"":""English"",""logical_end"":""2021-09-02T00:00:00Z"",""logical_start"":""2021-09-01T00:00:00Z"",""query_category"":""monetary_geoeconomic"",""query_string"":""(\""Federal Reserve\"" OR \""interest rate\"" OR \""rate hike\"" OR inflation OR CPI) domain:reuters.com sourcelang:english"",""requested_end"":""20210902000001"",""requested_start"":""20210831235959"",""retrieved_at_utc"":""2026-09-09T08:21:33.592815Z"",""seendate"":""20210901T073000Z"",""socialimage"":""https://static.reuters.com/resources/r/?m=02&d=20210831&t=2&i=1573495914&r=LYNXMPEH7U157"",""sourcecountry"":""United States"",""title"":""Chile central bank doubles benchmark interest rate to 1 . 5 % "",""url"":""https://www.reuters.com/article/chile-rates/update-1-chile-central-bank-doubles-benchmark-interest-rate-to-1-5-idUSL1N2Q233X"",""url_mobile"":""https://mobile.reuters.com/article/amp/idUSKBN2FW26G""}]"
44429a3f7c07e4fd88298beba0f3855cf4614353ca0153ab0cb2c55d9725fa48,https://www.reuters.com/article/japan-bonds/jgb-yields-up-after-inflation-ecb-comments-boost-european-yields-idUSL1N2Q30CG,https://www.reuters.com/article/japan-bonds/jgb-yields-up-after-inflation-ecb-comments-boost-european-yields-idUSL1N2Q30CG,"JGB yields up after inflation , ECB comments boost European yields",2021-09-01 07:45:00+00:00,2021-09-01 14:45:00+07:00,reuters.com,English,United States,"[""monetary_geoeconomic""]",https://s1.reutersmedia.net/resources_v2/images/rcom-default.png,2026-09-09T08:21:33.592815Z,https://mobile.reuters.com/article/amp/idUSL1N2Q30CG,20210901T074500Z,gdelt_first_seen,"[""https://www.reuters.com/article/japan-bonds/jgb-yields-up-after-inflation-ecb-comments-boost-european-yields-idUSL1N2Q30CG""]",1,[],"[{""domain"":""reuters.com"",""language"":""English"",""logical_end"":""2021-09-02T00:00:00Z"",""logical_start"":""2021-09-01T00:00:00Z"",""query_category"":""monetary_geoeconomic"",""query_string"":""(\""Federal Reserve\"" OR \""interest rate\"" OR \""rate hike\"" OR inflation OR CPI) domain:reuters.com sourcelang:english"",""requested_end"":""20210902000001"",""requested_start"":""20210831235959"",""retrieved_at_utc"":""2026-09-09T08:21:33.592815Z"",""seendate"":""20210901T074500Z"",""socialimage"":""https://s1.reutersmedia.net/resources_v2/images/rcom-default.png"",""sourcecountry"":""United States"",""title"":""JGB yields up after inflation , ECB comments boost European yields"",""url"":""https://www.reuters.com/article/japan-bonds/jgb-yields-up-after-inflation-ecb-comments-boost-european-yields-idUSL1N2Q30CG"",""url_mobile"":""https://mobile.reuters.com/article/amp/idUSL1N2Q30CG""}]"
07ccf20f4b7833b626c2ab6471eaa0feb56e44a50c819e54920f4e83a4d056b4,https://www.reuters.com/world/india/indian-factory-growth-slipped-august-job-cutting-returned-2021-09-01/,https://www.reuters.com/world/india/indian-factory-growth-slipped-august-job-cutting-returned-2021-09-01/,"Indian factory growth slipped in August , job cutting returned",2021-09-01 08:00:00+00:00,2021-09-01 15:00:00+07:00,reuters.com,English,United States,"[""monetary_geoeconomic""]",https://www.reuters.com/resizer/bcSBFcQe4YD4VNVOZ5Vys0Eg_2o=/1200x628/smart/filters:quality(80)/cloudfront-us-east-2.images.arcpublishing.com/reuters/IHTWD27ZBJIYHGLDBUY5R3A5WQ.jpg,2026-09-09T08:21:33.592815Z,,20210901T080000Z,gdelt_first_seen,"[""https://www.reuters.com/world/india/indian-factory-growth-slipped-august-job-cutting-returned-2021-09-01/""]",1,[],"[{""domain"":""reuters.com"",""language"":""English"",""logical_end"":""2021-09-02T00:00:00Z"",""logical_start"":""2021-09-01T00:00:00Z"",""query_category"":""monetary_geoeconomic"",""query_string"":""(\""Federal Reserve\"" OR \""interest rate\"" OR \""rate hike\"" OR inflation OR CPI) domain:reuters.com sourcelang:english"",""requested_end"":""20210902000001"",""requested_start"":""20210831235959"",""retrieved_at_utc"":""2026-09-09T08:21:33.592815Z"",""seendate"":""20210901T080000Z"",""socialimage"":""https://www.reuters.com/resizer/bcSBFcQe4YD4VNVOZ5Vys0Eg_2o=/1200x628/smart/filters:quality(80)/cloudfront-us-east-2.images.arcpublishing.com/reuters/IHTWD27ZBJIYHGLDBUY5R3A5WQ.jpg"",""sourcecountry"":""United States"",""title"":""Indian factory growth slipped in August , job cutting returned"",""url"":""https://www.reuters.com/world/india/indian-factory-growth-slipped-august-job-cutting-returned-2021-09-01/"",""url_mobile"":""""}]"
86008ba62814f659c0bc84694bbb37cc2fef38667500c9af5778638b81ea431d,https://www.reuters.com/world/israeli-troops-shoot-dead-palestinian-west-bank-health-ministry-says-2021-09-01/,https://www.reuters.com/world/israeli-troops-shoot-dead-palestinian-west-bank-health-ministry-says-2021-09-01/,"Israeli troops shoot dead Palestinian in West Bank , health ministry says",2021-09-01 08:00:00+00:00,2021-09-01 15:00:00+07:00,reuters.com,English,United States,"[""armed_conflict""]",https://www.reuters.com/pf/resources/images/reuters/reuters-default.png?d=50,2026-09-09T08:08:23.781656Z,,20210901T080000Z,gdelt_first_seen,"[""https://www.reuters.com/world/israeli-troops-shoot-dead-palestinian-west-bank-health-ministry-says-2021-09-01/""]",1,[],"[{""domain"":""reuters.com"",""language"":""English"",""logical_end"":""2021-09-02T00:00:00Z"",""logical_start"":""2021-09-01T00:00:00Z"",""query_category"":""armed_conflict"",""query_string"":""(war OR invasion OR missile OR airstrike OR ceasefire OR military OR conflict) domain:reuters.com sourcelang:english"",""requested_end"":""20210902000001"",""requested_start"":""20210831235959"",""retrieved_at_utc"":""2026-09-09T08:08:23.781656Z"",""seendate"":""20210901T080000Z"",""socialimage"":""https://www.reuters.com/pf/resources/images/reuters/reuters-default.png?d=50"",""sourcecountry"":""United States"",""title"":""Israeli troops shoot dead Palestinian in West Bank , health ministry says"",""url"":""https://www.reuters.com/world/israeli-troops-shoot-dead-palestinian-west-bank-health-ministry-says-2021-09-01/"",""url_mobile"":""""}]"
b1bffb57cdd2c38699d6fd7fabd8346a179973353fa39f5afdf801e5261b391b,https://www.reuters.com/world/middle-east/turkeys-economy-surges-217-q2-after-last-years-slump-2021-09-01/,https://www.reuters.com/world/middle-east/turkeys-economy-surges-217-q2-after-last-years-slump-2021-09-01/,Turkey economy surges 21 . 7 % in Q2 after last year slump,2021-09-01 08:00:00+00:00,2021-09-01 15:00:00+07:00,reuters.com,English,United States,"[""monetary_geoeconomic""]",https://www.reuters.com/resizer/JU5IVE-PREQ2wITqj1-TAGVEVlA=/1200x628/smart/filters:quality(80)/cloudfront-us-east-2.images.arcpublishing.com/reuters/VMFFZVP6DFMB5AAWL5XCKCTC2U.jpg,2026-09-09T08:21:33.592815Z,,20210901T080000Z,gdelt_first_seen,"[""https://www.reuters.com/world/middle-east/turkeys-economy-surges-217-q2-after-last-years-slump-2021-09-01/""]",1,[],"[{""domain"":""reuters.com"",""language"":""English"",""logical_end"":""2021-09-02T00:00:00Z"",""logical_start"":""2021-09-01T00:00:00Z"",""query_category"":""monetary_geoeconomic"",""query_string"":""(\""Federal Reserve\"" OR \""interest rate\"" OR \""rate hike\"" OR inflation OR CPI) domain:reuters.com sourcelang:english"",""requested_end"":""20210902000001"",""requested_start"":""20210831235959"",""retrieved_at_utc"":""2026-09-09T08:21:33.592815Z"",""seendate"":""20210901T080000Z"",""socialimage"":""https://www.reuters.com/resizer/JU5IVE-PREQ2wITqj1-TAGVEVlA=/1200x628/smart/filters:quality(80)/cloudfront-us-east-2.images.arcpublishing.com/reuters/VMFFZVP6DFMB5AAWL5XCKCTC2U.jpg"",""sourcecountry"":""United States"",""title"":""Turkey economy surges 21 . 7 % in Q2 after last year slump"",""url"":""https://www.reuters.com/world/middle-east/turkeys-economy-surges-217-q2-after-last-years-slump-2021-09-01/"",""url_mobile"":""""}]"
c7c115e96f4cfffe663879b485e609e41a6a77f71de8579c629b448355a9acae,https://www.reuters.com/world/asia-pacific/taiwan-says-china-can-paralyse-its-defences-threat-worsening-2021-09-01/,https://www.reuters.com/world/asia-pacific/taiwan-says-china-can-paralyse-its-defences-threat-worsening-2021-09-01/,"Taiwan says China can paralyse its defences , threat worsening",2021-09-01 08:15:00+00:00,2021-09-01 15:15:00+07:00,reuters.com,English,United States,"[""armed_conflict""]",https://www.reuters.com/resizer/rzxraK1N5Ee0z0pKzj3nTXy9dc0=/1200x628/smart/filters:quality(80)/cloudfront-us-east-2.images.arcpublishing.com/reuters/O575PLNMNJOCRJGPTCUJ4YU2NI.jpg,2026-09-09T08:08:23.781656Z,,20210901T081500Z,gdelt_first_seen,"[""https://www.reuters.com/world/asia-pacific/taiwan-says-china-can-paralyse-its-defences-threat-worsening-2021-09-01/""]",1,[],"[{""domain"":""reuters.com"",""language"":""English"",""logical_end"":""2021-09-02T00:00:00Z"",""logical_start"":""2021-09-01T00:00:00Z"",""query_category"":""armed_conflict"",""query_string"":""(war OR invasion OR missile OR airstrike OR ceasefire OR military OR conflict) domain:reuters.com sourcelang:english"",""requested_end"":""20210902000001"",""requested_start"":""20210831235959"",""retrieved_at_utc"":""2026-09-09T08:08:23.781656Z"",""seendate"":""20210901T081500Z"",""socialimage"":""https://www.reuters.com/resizer/rzxraK1N5Ee0z0pKzj3nTXy9dc0=/1200x628/smart/filters:quality(80)/cloudfront-us-east-2.images.arcpublishing.com/reuters/O575PLNMNJOCRJGPTCUJ4YU2NI.jpg"",""sourcecountry"":""United States"",""title"":""Taiwan says China can  paralyse  its defences , threat worsening"",""url"":""https://www.reuters.com/world/asia-pacific/taiwan-says-china-can-paralyse-its-defences-threat-worsening-2021-09-01/"",""url_mobile"":""""}]"
fb817d6fe438d707225cb1d5c77fee6abd2f8dd3566527b867302becf3f98c88,https://www.reuters.com/article/eurozone-bonds-idUSL8N2Q31KG,https://www.reuters.com/article/eurozone-bonds-idUSL8N2Q31KG,Euro zone bond yields at six - week highs as ECB unease takes hold,2021-09-01 08:30:00+00:00,2021-09-01 15:30:00+07:00,reuters.com,English,United States,"[""monetary_geoeconomic""]",https://s1.reutersmedia.net/resources_v2/images/rcom-default.png,2026-09-09T08:21:33.592815Z,https://mobile.reuters.com/article/amp/idUSL8N2Q31KG,20210901T083000Z,gdelt_first_seen,"[""https://www.reuters.com/article/eurozone-bonds-idUSL8N2Q31KG""]",1,[],"[{""domain"":""reuters.com"",""language"":""English"",""logical_end"":""2021-09-02T00:00:00Z"",""logical_start"":""2021-09-01T00:00:00Z"",""query_category"":""monetary_geoeconomic"",""query_string"":""(\""Federal Reserve\"" OR \""interest rate\"" OR \""rate hike\"" OR inflation OR CPI) domain:reuters.com sourcelang:english"",""requested_end"":""20210902000001"",""requested_start"":""20210831235959"",""retrieved_at_utc"":""2026-09-09T08:21:33.592815Z"",""seendate"":""20210901T083000Z"",""socialimage"":""https://s1.reutersmedia.net/resources_v2/images/rcom-default.png"",""sourcecountry"":""United States"",""title"":""Euro zone bond yields at six - week highs as ECB unease takes hold"",""url"":""https://www.reuters.com/article/eurozone-bonds-idUSL8N2Q31KG"",""url_mobile"":""https://mobile.reuters.com/article/amp/idUSL8N2Q31KG""}]"
a1c76a0c98510a17df2b40d967d718d731b02d67e7df6fd317879135c5d5f076,https://www.reuters.com/world/middle-east/euro-settles-near-one-month-high-after-inflation-jolt-2021-09-01/,https://www.reuters.com/world/middle-east/euro-settles-near-one-month-high-after-inflation-jolt-2021-09-01/,Euro settles near one - month high after inflation jolt,2021-09-01 08:30:00+00:00,2021-09-01 15:30:00+07:00,reuters.com,English,United States,"[""monetary_geoeconomic""]",https://www.reuters.com/resizer/Tx1liSU7kAeibsD4ZSdbsnOn9VU=/1200x628/smart/filters:quality(80)/cloudfront-us-east-2.images.arcpublishing.com/reuters/3RMDTMLIBFNVZN6QZNSYJJ7NBM.jpg,2026-09-09T08:21:33.592815Z,,20210901T083000Z,gdelt_first_seen,"[""https://www.reuters.com/world/middle-east/euro-settles-near-one-month-high-after-inflation-jolt-2021-09-01/""]",1,[],"[{""domain"":""reuters.com"",""language"":""English"",""logical_end"":""2021-09-02T00:00:00Z"",""logical_start"":""2021-09-01T00:00:00Z"",""query_category"":""monetary_geoeconomic"",""query_string"":""(\""Federal Reserve\"" OR \""interest rate\"" OR \""rate hike\"" OR inflation OR CPI) domain:reuters.com sourcelang:english"",""requested_end"":""20210902000001"",""requested_start"":""20210831235959"",""retrieved_at_utc"":""2026-09-09T08:21:33.592815Z"",""seendate"":""20210901T083000Z"",""socialimage"":""https://www.reuters.com/resizer/Tx1liSU7kAeibsD4ZSdbsnOn9VU=/1200x628/smart/filters:quality(80)/cloudfront-us-east-2.images.arcpublishing.com/reuters/3RMDTMLIBFNVZN6QZNSYJJ7NBM.jpg"",""sourcecountry"":""United States"",""title"":""Euro settles near one - month high after inflation jolt"",""url"":""https://www.reuters.com/world/middle-east/euro-settles-near-one-month-high-after-inflation-jolt-2021-09-01/"",""url_mobile"":""""}]"
c05f6d1bd40ea9c57090bb9a72ab49cc0135bfe195f3d6edd89f70aef2988e7b,https://www.reuters.com/article/global-markets/global-markets-shares-shrug-off-growth-worries-in-semi-goldilocks-moment-idUSL4N2Q31TN,https://www.reuters.com/article/global-markets/global-markets-shares-shrug-off-growth-worries-in-semi-goldilocks-moment-idUSL4N2Q31TN,Shares shrug off growth worries in semi - Goldilocks moment,2021-09-01 08:45:00+00:00,2021-09-01 15:45:00+07:00,reuters.com,English,United States,"[""monetary_geoeconomic""]",https://static.reuters.com/resources/r/?m=02&d=20210901&t=2&i=1573534338&r=LYNXMPEH801I5,2026-09-09T08:21:33.592815Z,https://mobile.reuters.com/article/amp/idUSKBN2FX2EJ,20210901T084500Z,gdelt_first_seen,"[""https://www.reuters.com/article/global-markets/global-markets-shares-shrug-off-growth-worries-in-semi-goldilocks-moment-idUSL4N2Q31TN""]",1,[],"[{""domain"":""reuters.com"",""language"":""English"",""logical_end"":""2021-09-02T00:00:00Z"",""logical_start"":""2021-09-01T00:00:00Z"",""query_category"":""monetary_geoeconomic"",""query_string"":""(\""Federal Reserve\"" OR \""interest rate\"" OR \""rate hike\"" OR inflation OR CPI) domain:reuters.com sourcelang:english"",""requested_end"":""20210902000001"",""requested_start"":""20210831235959"",""retrieved_at_utc"":""2026-09-09T08:21:33.592815Z"",""seendate"":""20210901T084500Z"",""socialimage"":""https://static.reuters.com/resources/r/?m=02&d=20210901&t=2&i=1573534338&r=LYNXMPEH801I5"",""sourcecountry"":""United States"",""title"":""Shares shrug off growth worries in  semi - Goldilocks  moment"",""url"":""https://www.reuters.com/article/global-markets/global-markets-shares-shrug-off-growth-worries-in-semi-goldilocks-moment-idUSL4N2Q31TN"",""url_mobile"":""https://mobile.reuters.com/article/amp/idUSKBN2FX2EJ""}]"
efe821c94de7636529282ff120138412e00c62bb00731229f1c9080f60cf8b88,https://www.reuters.com/article/southkorea-markets-close/s-korean-stocks-gain-for-4th-day-on-tech-boost-strong-trade-data-idUSAZN211V00,https://www.reuters.com/article/southkorea-markets-close/s-korean-stocks-gain-for-4th-day-on-tech-boost-strong-trade-data-idUSAZN211V00,"S . Korean stocks gain for 4th day on tech boost , strong trade data",2021-09-01 08:45:00+00:00,2021-09-01 15:45:00+07:00,reuters.com,English,United States,"[""monetary_geoeconomic""]",https://s1.reutersmedia.net/resources_v2/images/rcom-default.png,2026-09-09T08:21:33.592815Z,https://mobile.reuters.com/article/amp/idUSAZN211V00,20210901T084500Z,gdelt_first_seen,"[""https://www.reuters.com/article/southkorea-markets-close/s-korean-stocks-gain-for-4th-day-on-tech-boost-strong-trade-data-idUSAZN211V00""]",1,[],"[{""domain"":""reuters.com"",""language"":""English"",""logical_end"":""2021-09-02T00:00:00Z"",""logical_start"":""2021-09-01T00:00:00Z"",""query_category"":""monetary_geoeconomic"",""query_string"":""(\""Federal Reserve\"" OR \""interest rate\"" OR \""rate hike\"" OR inflation OR CPI) domain:reuters.com sourcelang:english"",""requested_end"":""20210902000001"",""requested_start"":""20210831235959"",""retrieved_at_utc"":""2026-09-09T08:21:33.592815Z"",""seendate"":""20210901T084500Z"",""socialimage"":""https://s1.reutersmedia.net/resources_v2/images/rcom-default.png"",""sourcecountry"":""United States"",""title"":""S . Korean stocks gain for 4th day on tech boost , strong trade data"",""url"":""https://www.reuters.com/article/southkorea-markets-close/s-korean-stocks-gain-for-4th-day-on-tech-boost-strong-trade-data-idUSAZN211V00"",""url_mobile"":""https://mobile.reuters.com/article/amp/idUSAZN211V00""}]"
ffa2adcc79ce7e95384e45996f55f11b07c4758b845b492905b482ebd7c6f558,https://www.reuters.com/article/europe-stocks/european-stocks-start-september-with-gains-shake-off-growth-worries-idUSL4N2Q31N5,https://www.reuters.com/article/europe-stocks/european-stocks-start-september-with-gains-shake-off-growth-worries-idUSL4N2Q31N5,European stocks edge towards record highs shaking off growth worries,2021-09-01 09:00:00+00:00,2021-09-01 16:00:00+07:00,reuters.com,English,United States,"[""monetary_geoeconomic""]",https://static.reuters.com/resources/r/?m=02&d=20210901&t=2&i=1573531280&r=LYNXMPEH801GC,2026-09-09T08:21:33.592815Z,https://mobile.reuters.com/article/amp/idUSKBN2FX2R0,20210901T090000Z,gdelt_first_seen,"[""https://www.reuters.com/article/europe-stocks/european-stocks-start-september-with-gains-shake-off-growth-worries-idUSL4N2Q31N5""]",1,[],"[{""domain"":""reuters.com"",""language"":""English"",""logical_end"":""2021-09-02T00:00:00Z"",""logical_start"":""2021-09-01T00:00:00Z"",""query_category"":""monetary_geoeconomic"",""query_string"":""(\""Federal Reserve\"" OR \""interest rate\"" OR \""rate hike\"" OR inflation OR CPI) domain:reuters.com sourcelang:english"",""requested_end"":""20210902000001"",""requested_start"":""20210831235959"",""retrieved_at_utc"":""2026-09-09T08:21:33.592815Z"",""seendate"":""20210901T090000Z"",""socialimage"":""https://static.reuters.com/resources/r/?m=02&d=20210901&t=2&i=1573531280&r=LYNXMPEH801GC"",""sourcecountry"":""United States"",""title"":""European stocks edge towards record highs shaking off growth worries"",""url"":""https://www.reuters.com/article/europe-stocks/european-stocks-start-september-with-gains-shake-off-growth-worries-idUSL4N2Q31N5"",""url_mobile"":""https://mobile.reuters.com/article/amp/idUSKBN2FX2R0""}]"
5fee7eab5f0724ec68ecae7a628d4eb03c405d43845129178da5a7973dfb99b7,https://www.reuters.com/business/energy/opec-raises-2022-oil-demand-growth-forecast-2021-09-01/,https://www.reuters.com/business/energy/opec-raises-2022-oil-demand-growth-forecast-2021-09-01/,OPEC+ raises 2022 oil demand growth forecast,2021-09-01 09:00:00+00:00,2021-09-01 16:00:00+07:00,reuters.com,English,United States,"[""energy_geopolitics""]",https://www.reuters.com/resizer/I_3Hcy14RKcj5SG3Q8OTUqhCgdM=/1200x628/smart/filters:quality(80)/cloudfront-us-east-2.images.arcpublishing.com/reuters/NVS2FUBCN5LHTPB2GZTOROUOCU.jpg,2026-09-09T08:16:13.990578Z,,20210901T090000Z,gdelt_first_seen,"[""https://www.reuters.com/business/energy/opec-raises-2022-oil-demand-growth-forecast-2021-09-01/""]",1,[],"[{""domain"":""reuters.com"",""language"":""English"",""logical_end"":""2021-09-02T00:00:00Z"",""logical_start"":""2021-09-01T00:00:00Z"",""query_category"":""energy_geopolitics"",""query_string"":""(OPEC OR \""oil embargo\"" OR \""oil supply\"" OR \""energy crisis\"" OR \""natural gas\"") domain:reuters.com sourcelang:english"",""requested_end"":""20210902000001"",""requested_start"":""20210831235959"",""retrieved_at_utc"":""2026-09-09T08:16:13.990578Z"",""seendate"":""20210901T090000Z"",""socialimage"":""https://www.reuters.com/resizer/I_3Hcy14RKcj5SG3Q8OTUqhCgdM=/1200x628/smart/filters:quality(80)/cloudfront-us-east-2.images.arcpublishing.com/reuters/NVS2FUBCN5LHTPB2GZTOROUOCU.jpg"",""sourcecountry"":""United States"",""title"":""OPEC+ raises 2022 oil demand growth forecast"",""url"":""https://www.reuters.com/business/energy/opec-raises-2022-oil-demand-growth-forecast-2021-09-01/"",""url_mobile"":""""}]"
600955e707aa10d01058bf175c48bdaf3bf1dcf1ac747b50d608850899be7508,https://www.reuters.com/world/middle-east/mideast-stocks-real-estate-stocks-lift-dubai-shares-higher-other-markets-mixed-2021-09-01/,https://www.reuters.com/world/middle-east/mideast-stocks-real-estate-stocks-lift-dubai-shares-higher-other-markets-mixed-2021-09-01/,MIDEAST STOCKS Real estate stocks lift Dubai shares higher ; other markets mixed,2021-09-01 09:15:00+00:00,2021-09-01 16:15:00+07:00,reuters.com,English,United States,"[""energy_geopolitics""]",https://www.reuters.com/resizer/-8BZtknAfk2awWgrfUMPB1CBTgQ=/1200x628/smart/filters:quality(80)/cloudfront-us-east-2.images.arcpublishing.com/reuters/MZT4AQMVSVIMXNPBZMRO25YNIA.jpg,2026-09-09T08:16:13.990578Z,,20210901T091500Z,gdelt_first_seen,"[""https://www.reuters.com/world/middle-east/mideast-stocks-real-estate-stocks-lift-dubai-shares-higher-other-markets-mixed-2021-09-01/""]",1,[],"[{""domain"":""reuters.com"",""language"":""English"",""logical_end"":""2021-09-02T00:00:00Z"",""logical_start"":""2021-09-01T00:00:00Z"",""query_category"":""energy_geopolitics"",""query_string"":""(OPEC OR \""oil embargo\"" OR \""oil supply\"" OR \""energy crisis\"" OR \""natural gas\"") domain:reuters.com sourcelang:english"",""requested_end"":""20210902000001"",""requested_start"":""20210831235959"",""retrieved_at_utc"":""2026-09-09T08:16:13.990578Z"",""seendate"":""20210901T091500Z"",""socialimage"":""https://www.reuters.com/resizer/-8BZtknAfk2awWgrfUMPB1CBTgQ=/1200x628/smart/filters:quality(80)/cloudfront-us-east-2.images.arcpublishing.com/reuters/MZT4AQMVSVIMXNPBZMRO25YNIA.jpg"",""sourcecountry"":""United States"",""title"":""MIDEAST STOCKS Real estate stocks lift Dubai shares higher ; other markets mixed"",""url"":""https://www.reuters.com/world/middle-east/mideast-stocks-real-estate-stocks-lift-dubai-shares-higher-other-markets-mixed-2021-09-01/"",""url_mobile"":""""}]"
8c0e7cd563eb1737c97a24bfb3068262d6c5820431dd8c0fff5552c114c21f42,https://www.reuters.com/article/emerging-markets/emerging-markets-shares-begin-september-on-upbeat-note-dour-pmis-cap-gains-idUSL1N2Q30HF,https://www.reuters.com/article/emerging-markets/emerging-markets-shares-begin-september-on-upbeat-note-dour-pmis-cap-gains-idUSL1N2Q30HF,EMERGING MARKETS - Shares begin September on upbeat note ; dour PMIs cap gains,2021-09-01 09:30:00+00:00,2021-09-01 16:30:00+07:00,reuters.com,English,United States,"[""monetary_geoeconomic""]",https://s1.reutersmedia.net/resources_v2/images/rcom-default.png,2026-09-09T08:21:33.592815Z,https://mobile.reuters.com/article/amp/idUSL1N2Q30HF,20210901T093000Z,gdelt_first_seen,"[""https://www.reuters.com/article/emerging-markets/emerging-markets-shares-begin-september-on-upbeat-note-dour-pmis-cap-gains-idUSL1N2Q30HF""]",1,[],"[{""domain"":""reuters.com"",""language"":""English"",""logical_end"":""2021-09-02T00:00:00Z"",""logical_start"":""2021-09-01T00:00:00Z"",""query_category"":""monetary_geoeconomic"",""query_string"":""(\""Federal Reserve\"" OR \""interest rate\"" OR \""rate hike\"" OR inflation OR CPI) domain:reuters.com sourcelang:english"",""requested_end"":""20210902000001"",""requested_start"":""20210831235959"",""retrieved_at_utc"":""2026-09-09T08:21:33.592815Z"",""seendate"":""20210901T093000Z"",""socialimage"":""https://s1.reutersmedia.net/resources_v2/images/rcom-default.png"",""sourcecountry"":""United States"",""title"":""EMERGING MARKETS - Shares begin September on upbeat note ; dour PMIs cap gains"",""url"":""https://www.reuters.com/article/emerging-markets/emerging-markets-shares-begin-september-on-upbeat-note-dour-pmis-cap-gains-idUSL1N2Q30HF"",""url_mobile"":""https://mobile.reuters.com/article/amp/idUSL1N2Q30HF""}]"
98fa8cbd8aaef44d58e0637ecbe62ffda284a7841b60e73a18ceb35458fbb590,https://www.reuters.com/article/idUSKBN2FX2TS,https://www.reuters.com/article/idUSKBN2FX2TS,"With Kabul airport closed , fearful Afghans rush for the border",2021-09-01 09:30:00+00:00,2021-09-01 16:30:00+07:00,reuters.com,English,United States,"[""armed_conflict""]",https://static.reuters.com/resources/r/?m=02&d=20210901&t=2&i=1573534853&r=LYNXMPEH801IA,2026-09-09T08:08:23.781656Z,https://mobile.reuters.com/article/amp/idUSKBN2FX2TC,20210901T093000Z,gdelt_first_seen,"[""https://www.reuters.com/article/idUSKBN2FX2TS""]",1,[],"[{""domain"":""reuters.com"",""language"":""English"",""logical_end"":""2021-09-02T00:00:00Z"",""logical_start"":""2021-09-01T00:00:00Z"",""query_category"":""armed_conflict"",""query_string"":""(war OR invasion OR missile OR airstrike OR ceasefire OR military OR conflict) domain:reuters.com sourcelang:english"",""requested_end"":""20210902000001"",""requested_start"":""20210831235959"",""retrieved_at_utc"":""2026-09-09T08:08:23.781656Z"",""seendate"":""20210901T093000Z"",""socialimage"":""https://static.reuters.com/resources/r/?m=02&d=20210901&t=2&i=1573534853&r=LYNXMPEH801IA"",""sourcecountry"":""United States"",""title"":""With Kabul airport closed , fearful Afghans rush for the border"",""url"":""https://www.reuters.com/article/idUSKBN2FX2TS"",""url_mobile"":""https://mobile.reuters.com/article/amp/idUSKBN2FX2TC""}]"
2569eedb6c9a5a4b6c192d128a6d53efc1f2e97859ab30aa4fcd3eff59faf10d,https://www.reuters.com/article/ousivMolt/idUSKBN2FX2KJ,https://www.reuters.com/article/ousivMolt/idUSKBN2FX2KJ,"Indian factory growth slipped in August , job cutting returned",2021-09-01 09:30:00+00:00,2021-09-01 16:30:00+07:00,reuters.com,English,United States,"[""monetary_geoeconomic""]",https://static.reuters.com/resources/r/?m=02&d=20210901&t=2&i=1573521511&r=LYNXMPEH801BH,2026-09-09T08:21:33.592815Z,https://mobile.reuters.com/article/amp/idUSKBN2FX2KJ,20210901T093000Z,gdelt_first_seen,"[""https://www.reuters.com/article/ousivMolt/idUSKBN2FX2KJ""]",1,[],"[{""domain"":""reuters.com"",""language"":""English"",""logical_end"":""2021-09-02T00:00:00Z"",""logical_start"":""2021-09-01T00:00:00Z"",""query_category"":""monetary_geoeconomic"",""query_string"":""(\""Federal Reserve\"" OR \""interest rate\"" OR \""rate hike\"" OR inflation OR CPI) domain:reuters.com sourcelang:english"",""requested_end"":""20210902000001"",""requested_start"":""20210831235959"",""retrieved_at_utc"":""2026-09-09T08:21:33.592815Z"",""seendate"":""20210901T093000Z"",""socialimage"":""https://static.reuters.com/resources/r/?m=02&d=20210901&t=2&i=1573521511&r=LYNXMPEH801BH"",""sourcecountry"":""United States"",""title"":""Indian factory growth slipped in August , job cutting returned"",""url"":""https://www.reuters.com/article/ousivMolt/idUSKBN2FX2KJ"",""url_mobile"":""https://mobile.reuters.com/article/amp/idUSKBN2FX2KJ""}]"
d8b2d351065256c257a1046ab3964f5129a1177bd179b6c9bf76335db8f7c4ee,https://www.reuters.com/article/ousivMolt/idUSKBN2FX2QG,https://www.reuters.com/article/ousivMolt/idUSKBN2FX2QG,OPEC+ raises 2022 oil demand growth forecast,2021-09-01 09:30:00+00:00,2021-09-01 16:30:00+07:00,reuters.com,English,United States,"[""energy_geopolitics""]",https://static.reuters.com/resources/r/?m=02&d=20210901&t=2&i=1573530332&r=LYNXMPEH801FQ,2026-09-09T08:16:13.990578Z,https://mobile.reuters.com/article/amp/idUSKBN2FX2QG,20210901T093000Z,gdelt_first_seen,"[""https://www.reuters.com/article/ousivMolt/idUSKBN2FX2QG""]",1,[],"[{""domain"":""reuters.com"",""language"":""English"",""logical_end"":""2021-09-02T00:00:00Z"",""logical_start"":""2021-09-01T00:00:00Z"",""query_category"":""energy_geopolitics"",""query_string"":""(OPEC OR \""oil embargo\"" OR \""oil supply\"" OR \""energy crisis\"" OR \""natural gas\"") domain:reuters.com sourcelang:english"",""requested_end"":""20210902000001"",""requested_start"":""20210831235959"",""retrieved_at_utc"":""2026-09-09T08:16:13.990578Z"",""seendate"":""20210901T093000Z"",""socialimage"":""https://static.reuters.com/resources/r/?m=02&d=20210901&t=2&i=1573530332&r=LYNXMPEH801FQ"",""sourcecountry"":""United States"",""title"":""OPEC+ raises 2022 oil demand growth forecast"",""url"":""https://www.reuters.com/article/ousivMolt/idUSKBN2FX2QG"",""url_mobile"":""https://mobile.reuters.com/article/amp/idUSKBN2FX2QG""}]"
31c2594ec4951fe7065818658a5d7fafc5dc4386e24c4b24c9bfffb3682441ea,https://www.reuters.com/article/technologyNews/idUSKBN2FX2YU,https://www.reuters.com/article/technologyNews/idUSKBN2FX2YU,Google appeals French 500 million eur copyright fine,2021-09-01 09:30:00+00:00,2021-09-01 16:30:00+07:00,reuters.com,English,United States,"[""sanctions""]",https://static.reuters.com/resources/r/?m=02&d=20210901&t=2&i=1573541326&r=LYNXMPEH801KQ,2026-09-09T08:10:28.322759Z,https://mobile.reuters.com/article/amp/idUSKBN2FX2YU,20210901T093000Z,gdelt_first_seen,"[""https://www.reuters.com/article/technologyNews/idUSKBN2FX2YU""]",1,[],"[{""domain"":""reuters.com"",""language"":""English"",""logical_end"":""2021-09-02T00:00:00Z"",""logical_start"":""2021-09-01T00:00:00Z"",""query_category"":""sanctions"",""query_string"":""(sanction OR sanctions OR embargo OR \""asset freeze\"" OR \""export restriction\"") domain:reuters.com sourcelang:english"",""requested_end"":""20210902000001"",""requested_start"":""20210831235959"",""retrieved_at_utc"":""2026-09-09T08:10:28.322759Z"",""seendate"":""20210901T093000Z"",""socialimage"":""https://static.reuters.com/resources/r/?m=02&d=20210901&t=2&i=1573541326&r=LYNXMPEH801KQ"",""sourcecountry"":""United States"",""title"":""Google appeals French 500 million eur copyright fine"",""url"":""https://www.reuters.com/article/technologyNews/idUSKBN2FX2YU"",""url_mobile"":""https://mobile.reuters.com/article/amp/idUSKBN2FX2YU""}]"
f5fdb20cbe36e8e1271c19f3f3d8778415f15064c5a03248d09846af923f1d8d,https://www.reuters.com/article/topNews/idUSKBN2FX2K4,https://www.reuters.com/article/topNews/idUSKBN2FX2K4,"With no evacuation flights , Afghans weigh risky overland trips to borders",2021-09-01 09:30:00+00:00,2021-09-01 16:30:00+07:00,reuters.com,English,United States,"[""armed_conflict""]",https://static.reuters.com/resources/r/?m=02&d=20210901&t=2&i=1573531637&r=LYNXMPEH801GG,2026-09-09T08:08:23.781656Z,https://mobile.reuters.com/article/amp/idUSKBN2FX2K4,20210901T093000Z,gdelt_first_seen,"[""https://www.reuters.com/article/topNews/idUSKBN2FX2K4""]",1,[],"[{""domain"":""reuters.com"",""language"":""English"",""logical_end"":""2021-09-02T00:00:00Z"",""logical_start"":""2021-09-01T00:00:00Z"",""query_category"":""armed_conflict"",""query_string"":""(war OR invasion OR missile OR airstrike OR ceasefire OR military OR conflict) domain:reuters.com sourcelang:english"",""requested_end"":""20210902000001"",""requested_start"":""20210831235959"",""retrieved_at_utc"":""2026-09-09T08:08:23.781656Z"",""seendate"":""20210901T093000Z"",""socialimage"":""https://static.reuters.com/resources/r/?m=02&d=20210901&t=2&i=1573531637&r=LYNXMPEH801GG"",""sourcecountry"":""United States"",""title"":""With no evacuation flights , Afghans weigh risky overland trips to borders"",""url"":""https://www.reuters.com/article/topNews/idUSKBN2FX2K4"",""url_mobile"":""https://mobile.reuters.com/article/amp/idUSKBN2FX2K4""}]"
694feb72fcd9cd0d8c3605377b49286ab5e46cf66dc971aae4ef19e2d592d606,https://www.reuters.com/article/topNews/idUSKBN2FX2NZ,https://www.reuters.com/article/topNews/idUSKBN2FX2NZ,"Taiwan says China can paralyse its defences , threat worsening",2021-09-01 09:30:00+00:00,2021-09-01 16:30:00+07:00,reuters.com,English,United States,"[""armed_conflict""]",https://static.reuters.com/resources/r/?m=02&d=20210901&t=2&i=1573526667&r=LYNXMPEH801DJ,2026-09-09T08:08:23.781656Z,https://mobile.reuters.com/article/amp/idUSKBN2FX2NZ,20210901T093000Z,gdelt_first_seen,"[""https://www.reuters.com/article/topNews/idUSKBN2FX2NZ""]",1,[],"[{""domain"":""reuters.com"",""language"":""English"",""logical_end"":""2021-09-02T00:00:00Z"",""logical_start"":""2021-09-01T00:00:00Z"",""query_category"":""armed_conflict"",""query_string"":""(war OR invasion OR missile OR airstrike OR ceasefire OR military OR conflict) domain:reuters.com sourcelang:english"",""requested_end"":""20210902000001"",""requested_start"":""20210831235959"",""retrieved_at_utc"":""2026-09-09T08:08:23.781656Z"",""seendate"":""20210901T093000Z"",""socialimage"":""https://static.reuters.com/resources/r/?m=02&d=20210901&t=2&i=1573526667&r=LYNXMPEH801DJ"",""sourcecountry"":""United States"",""title"":""Taiwan says China can  paralyse  its defences , threat worsening"",""url"":""https://www.reuters.com/article/topNews/idUSKBN2FX2NZ"",""url_mobile"":""https://mobile.reuters.com/article/amp/idUSKBN2FX2NZ""}]"
3bfd9917b923f719edafdfe0f3656b3581c1519c692a8965b3dfec625da4df18,https://www.reuters.com/article/topNews/idUSKBN2FX2XY,https://www.reuters.com/article/topNews/idUSKBN2FX2XY,Biden to pledge security aid in first meeting with Ukraine Zelenskiy,2021-09-01 09:30:00+00:00,2021-09-01 16:30:00+07:00,reuters.com,English,United States,"[""armed_conflict""]",https://static.reuters.com/resources/r/?m=02&d=20210901&t=2&i=1573540421&r=LYNXMPEH801KG,2026-09-09T08:08:23.781656Z,https://mobile.reuters.com/article/amp/idUSKBN2FX2XY,20210901T093000Z,gdelt_first_seen,"[""https://www.reuters.com/article/topNews/idUSKBN2FX2XY""]",1,[],"[{""domain"":""reuters.com"",""language"":""English"",""logical_end"":""2021-09-02T00:00:00Z"",""logical_start"":""2021-09-01T00:00:00Z"",""query_category"":""armed_conflict"",""query_string"":""(war OR invasion OR missile OR airstrike OR ceasefire OR military OR conflict) domain:reuters.com sourcelang:english"",""requested_end"":""20210902000001"",""requested_start"":""20210831235959"",""retrieved_at_utc"":""2026-09-09T08:08:23.781656Z"",""seendate"":""20210901T093000Z"",""socialimage"":""https://static.reuters.com/resources/r/?m=02&d=20210901&t=2&i=1573540421&r=LYNXMPEH801KG"",""sourcecountry"":""United States"",""title"":""Biden to pledge security aid in first meeting with Ukraine Zelenskiy"",""url"":""https://www.reuters.com/article/topNews/idUSKBN2FX2XY"",""url_mobile"":""https://mobile.reuters.com/article/amp/idUSKBN2FX2XY""}]"
b71c310544b318708342801f5b3e9486c0200c87df678c1bef96fd09143e9e50,https://www.reuters.com/article/us-taiwan-china-defence/taiwan-says-china-can-paralyse-its-defences-threat-worsening-idUSKBN2FX2NZ,https://www.reuters.com/article/us-taiwan-china-defence/taiwan-says-china-can-paralyse-its-defences-threat-worsening-idUSKBN2FX2NZ,"Taiwan says China can paralyse its defences , threat worsening",2021-09-01 09:30:00+00:00,2021-09-01 16:30:00+07:00,reuters.com,English,United States,"[""armed_conflict""]",https://static.reuters.com/resources/r/?m=02&d=20210901&t=2&i=1573526667&r=LYNXMPEH801DJ,2026-09-09T08:08:23.781656Z,https://mobile.reuters.com/article/amp/idUSKBN2FX2NZ,20210901T093000Z,gdelt_first_seen,"[""https://www.reuters.com/article/us-taiwan-china-defence/taiwan-says-china-can-paralyse-its-defences-threat-worsening-idUSKBN2FX2NZ""]",1,[],"[{""domain"":""reuters.com"",""language"":""English"",""logical_end"":""2021-09-02T00:00:00Z"",""logical_start"":""2021-09-01T00:00:00Z"",""query_category"":""armed_conflict"",""query_string"":""(war OR invasion OR missile OR airstrike OR ceasefire OR military OR conflict) domain:reuters.com sourcelang:english"",""requested_end"":""20210902000001"",""requested_start"":""20210831235959"",""retrieved_at_utc"":""2026-09-09T08:08:23.781656Z"",""seendate"":""20210901T093000Z"",""socialimage"":""https://static.reuters.com/resources/r/?m=02&d=20210901&t=2&i=1573526667&r=LYNXMPEH801DJ"",""sourcecountry"":""United States"",""title"":""Taiwan says China can  paralyse  its defences , threat worsening"",""url"":""https://www.reuters.com/article/us-taiwan-china-defence/taiwan-says-china-can-paralyse-its-defences-threat-worsening-idUSKBN2FX2NZ"",""url_mobile"":""https://mobile.reuters.com/article/amp/idUSKBN2FX2NZ""}]"
381041cf91241612c55dbeb6a04660e5196488d4fc2516f133d5779c596904a4,https://www.reuters.com/world/europe/afghanistan-crisis-shows-eu-must-seek-greater-military-autonomy-michel-2021-09-01/,https://www.reuters.com/world/europe/afghanistan-crisis-shows-eu-must-seek-greater-military-autonomy-michel-2021-09-01/,Afghanistan crisis shows EU must seek greater military autonomy - Michel,2021-09-01 09:30:00+00:00,2021-09-01 16:30:00+07:00,reuters.com,English,United States,"[""armed_conflict""]",https://www.reuters.com/resizer/hLclZFwf48ORadGAPNBaqJ7hrhc=/1200x628/smart/filters:quality(80)/cloudfront-us-east-2.images.arcpublishing.com/reuters/SZI2X3KRRJILVG62BCDBUXRKBE.jpg,2026-09-09T08:08:23.781656Z,,20210901T093000Z,gdelt_first_seen,"[""https://www.reuters.com/world/europe/afghanistan-crisis-shows-eu-must-seek-greater-military-autonomy-michel-2021-09-01/""]",1,[],"[{""domain"":""reuters.com"",""language"":""English"",""logical_end"":""2021-09-02T00:00:00Z"",""logical_start"":""2021-09-01T00:00:00Z"",""query_category"":""armed_conflict"",""query_string"":""(war OR invasion OR missile OR airstrike OR ceasefire OR military OR conflict) domain:reuters.com sourcelang:english"",""requested_end"":""20210902000001"",""requested_start"":""20210831235959"",""retrieved_at_utc"":""2026-09-09T08:08:23.781656Z"",""seendate"":""20210901T093000Z"",""socialimage"":""https://www.reuters.com/resizer/hLclZFwf48ORadGAPNBaqJ7hrhc=/1200x628/smart/filters:quality(80)/cloudfront-us-east-2.images.arcpublishing.com/reuters/SZI2X3KRRJILVG62BCDBUXRKBE.jpg"",""sourcecountry"":""United States"",""title"":""Afghanistan crisis shows EU must seek greater military autonomy - Michel"",""url"":""https://www.reuters.com/world/europe/afghanistan-crisis-shows-eu-must-seek-greater-military-autonomy-michel-2021-09-01/"",""url_mobile"":""""}]"
76fc030b89b0bbd2864e76526ea798aa3fb870883820fa1d0ef8d80eef3e2bc7,https://www.reuters.com/world/europe/european-stocks-start-september-with-gains-shake-off-growth-worries-2021-09-01/,https://www.reuters.com/world/europe/european-stocks-start-september-with-gains-shake-off-growth-worries-2021-09-01/,European stocks edge towards record highs shaking off growth worries,2021-09-01 09:30:00+00:00,2021-09-01 16:30:00+07:00,reuters.com,English,United States,"[""monetary_geoeconomic""]",https://www.reuters.com/resizer/sDBImKVx8eJaN8WC6ZePhyAZ3jQ=/1200x628/smart/filters:quality(80)/cloudfront-us-east-2.images.arcpublishing.com/reuters/7OK7ASJMHRIYJGDSOCFUTXLGDQ.jpg,2026-09-09T08:21:33.592815Z,,20210901T093000Z,gdelt_first_seen,"[""https://www.reuters.com/world/europe/european-stocks-start-september-with-gains-shake-off-growth-worries-2021-09-01/""]",1,[],"[{""domain"":""reuters.com"",""language"":""English"",""logical_end"":""2021-09-02T00:00:00Z"",""logical_start"":""2021-09-01T00:00:00Z"",""query_category"":""monetary_geoeconomic"",""query_string"":""(\""Federal Reserve\"" OR \""interest rate\"" OR \""rate hike\"" OR inflation OR CPI) domain:reuters.com sourcelang:english"",""requested_end"":""20210902000001"",""requested_start"":""20210831235959"",""retrieved_at_utc"":""2026-09-09T08:21:33.592815Z"",""seendate"":""20210901T093000Z"",""socialimage"":""https://www.reuters.com/resizer/sDBImKVx8eJaN8WC6ZePhyAZ3jQ=/1200x628/smart/filters:quality(80)/cloudfront-us-east-2.images.arcpublishing.com/reuters/7OK7ASJMHRIYJGDSOCFUTXLGDQ.jpg"",""sourcecountry"":""United States"",""title"":""European stocks edge towards record highs shaking off growth worries"",""url"":""https://www.reuters.com/world/europe/european-stocks-start-september-with-gains-shake-off-growth-worries-2021-09-01/"",""url_mobile"":""""}]"
a39f87a6ec3188bcad58edf969d92db6eda5796adc8e14cf5301b0d3387e203c,https://www.reuters.com/article/businessNews/idUSKBN2FX2QG,https://www.reuters.com/article/businessNews/idUSKBN2FX2QG,OPEC+ raises 2022 oil demand growth forecast,2021-09-01 09:45:00+00:00,2021-09-01 16:45:00+07:00,reuters.com,English,United States,"[""energy_geopolitics""]",https://static.reuters.com/resources/r/?m=02&d=20210901&t=2&i=1573530332&r=LYNXMPEH801FQ,2026-09-09T08:16:13.990578Z,https://mobile.reuters.com/article/amp/idUSKBN2FX2QG,20210901T094500Z,gdelt_first_seen,"[""https://www.reuters.com/article/businessNews/idUSKBN2FX2QG""]",1,[],"[{""domain"":""reuters.com"",""language"":""English"",""logical_end"":""2021-09-02T00:00:00Z"",""logical_start"":""2021-09-01T00:00:00Z"",""query_category"":""energy_geopolitics"",""query_string"":""(OPEC OR \""oil embargo\"" OR \""oil supply\"" OR \""energy crisis\"" OR \""natural gas\"") domain:reuters.com sourcelang:english"",""requested_end"":""20210902000001"",""requested_start"":""20210831235959"",""retrieved_at_utc"":""2026-09-09T08:16:13.990578Z"",""seendate"":""20210901T094500Z"",""socialimage"":""https://static.reuters.com/resources/r/?m=02&d=20210901&t=2&i=1573530332&r=LYNXMPEH801FQ"",""sourcecountry"":""United States"",""title"":""OPEC+ raises 2022 oil demand growth forecast"",""url"":""https://www.reuters.com/article/businessNews/idUSKBN2FX2QG"",""url_mobile"":""https://mobile.reuters.com/article/amp/idUSKBN2FX2QG""}]"
51dd503469cc78715629263c0eeda4d35e174aee064d0c17dd385e2839856062,https://www.reuters.com/business/global-markets-wrapup-3-2021-09-01/,https://www.reuters.com/business/global-markets-wrapup-3-2021-09-01/,Shares shrug off growth worries in semi - Goldilocks moment,2021-09-01 09:45:00+00:00,2021-09-01 16:45:00+07:00,reuters.com,English,United States,"[""monetary_geoeconomic""]",https://www.reuters.com/resizer/PAiHkxEDyw50UXU2G57PqyMbD_M=/1200x628/smart/filters:quality(80)/cloudfront-us-east-2.images.arcpublishing.com/reuters/BYZK7LFLVRM3XJ7PX4Z5FDRHX4.jpg,2026-09-09T08:21:33.592815Z,,20210901T094500Z,gdelt_first_seen,"[""https://www.reuters.com/business/global-markets-wrapup-3-2021-09-01/""]",1,[],"[{""domain"":""reuters.com"",""language"":""English"",""logical_end"":""2021-09-02T00:00:00Z"",""logical_start"":""2021-09-01T00:00:00Z"",""query_category"":""monetary_geoeconomic"",""query_string"":""(\""Federal Reserve\"" OR \""interest rate\"" OR \""rate hike\"" OR inflation OR CPI) domain:reuters.com sourcelang:english"",""requested_end"":""20210902000001"",""requested_start"":""20210831235959"",""retrieved_at_utc"":""2026-09-09T08:21:33.592815Z"",""seendate"":""20210901T094500Z"",""socialimage"":""https://www.reuters.com/resizer/PAiHkxEDyw50UXU2G57PqyMbD_M=/1200x628/smart/filters:quality(80)/cloudfront-us-east-2.images.arcpublishing.com/reuters/BYZK7LFLVRM3XJ7PX4Z5FDRHX4.jpg"",""sourcecountry"":""United States"",""title"":""Shares shrug off growth worries in  semi - Goldilocks  moment"",""url"":""https://www.reuters.com/business/global-markets-wrapup-3-2021-09-01/"",""url_mobile"":""""}]"
a6555a5d220cdff3e34f44da3f948de788efede0dcb6365d37e6c4c488bb341e,https://www.reuters.com/technology/google-appeals-french-500-mln-eur-copyright-fine-2021-09-01/,https://www.reuters.com/technology/google-appeals-french-500-mln-eur-copyright-fine-2021-09-01/,Google appeals France disproportionate $591 million fine in copyright row,2021-09-01 09:45:00+00:00,2021-09-01 16:45:00+07:00,reuters.com,English,United States,"[""sanctions""]",https://www.reuters.com/resizer/XEryGDTj2uPMEyXoKGuhiWbNzs4=/1200x628/smart/filters:quality(80)/cloudfront-us-east-2.images.arcpublishing.com/reuters/NM23KNGQZRI3DEWXEDDCCAKCMA.jpg,2026-09-09T08:10:28.322759Z,,20210901T094500Z,gdelt_first_seen,"[""https://www.reuters.com/technology/google-appeals-french-500-mln-eur-copyright-fine-2021-09-01/""]",1,[],"[{""domain"":""reuters.com"",""language"":""English"",""logical_end"":""2021-09-02T00:00:00Z"",""logical_start"":""2021-09-01T00:00:00Z"",""query_category"":""sanctions"",""query_string"":""(sanction OR sanctions OR embargo OR \""asset freeze\"" OR \""export restriction\"") domain:reuters.com sourcelang:english"",""requested_end"":""20210902000001"",""requested_start"":""20210831235959"",""retrieved_at_utc"":""2026-09-09T08:10:28.322759Z"",""seendate"":""20210901T094500Z"",""socialimage"":""https://www.reuters.com/resizer/XEryGDTj2uPMEyXoKGuhiWbNzs4=/1200x628/smart/filters:quality(80)/cloudfront-us-east-2.images.arcpublishing.com/reuters/NM23KNGQZRI3DEWXEDDCCAKCMA.jpg"",""sourcecountry"":""United States"",""title"":""Google appeals France  disproportionate  $591 million fine in copyright row"",""url"":""https://www.reuters.com/technology/google-appeals-french-500-mln-eur-copyright-fine-2021-09-01/"",""url_mobile"":""""}]"
22345544b23e0d9d6efa84286dc9a4435569174fb2bbbb22decc9bef3166de16,https://www.reuters.com/world/middle-east/three-explosive-drones-destroyed-over-yemen-saudi-led-coalition-says-2021-09-01/,https://www.reuters.com/world/middle-east/three-explosive-drones-destroyed-over-yemen-saudi-led-coalition-says-2021-09-01/,"Three explosive drones destroyed over Yemen , Saudi - led coalition says",2021-09-01 09:45:00+00:00,2021-09-01 16:45:00+07:00,reuters.com,English,United States,"[""armed_conflict""]",https://www.reuters.com/pf/resources/images/reuters/reuters-default.png?d=50,2026-09-09T08:08:23.781656Z,,20210901T094500Z,gdelt_first_seen,"[""https://www.reuters.com/world/middle-east/three-explosive-drones-destroyed-over-yemen-saudi-led-coalition-says-2021-09-01/""]",1,[],"[{""domain"":""reuters.com"",""language"":""English"",""logical_end"":""2021-09-02T00:00:00Z"",""logical_start"":""2021-09-01T00:00:00Z"",""query_category"":""armed_conflict"",""query_string"":""(war OR invasion OR missile OR airstrike OR ceasefire OR military OR conflict) domain:reuters.com sourcelang:english"",""requested_end"":""20210902000001"",""requested_start"":""20210831235959"",""retrieved_at_utc"":""2026-09-09T08:08:23.781656Z"",""seendate"":""20210901T094500Z"",""socialimage"":""https://www.reuters.com/pf/resources/images/reuters/reuters-default.png?d=50"",""sourcecountry"":""United States"",""title"":""Three explosive drones destroyed over Yemen , Saudi - led coalition says"",""url"":""https://www.reuters.com/world/middle-east/three-explosive-drones-destroyed-over-yemen-saudi-led-coalition-says-2021-09-01/"",""url_mobile"":""""}]"
f96f064d0517048ea7134be53d5847d3e0681cd07cc33f2c66f9fbb6dbe2fc88,https://www.reuters.com/world/uk/supply-chain-woes-stunt-uk-manufacturing-growth-august-pmi-2021-09-01/,https://www.reuters.com/world/uk/supply-chain-woes-stunt-uk-manufacturing-growth-august-pmi-2021-09-01/,Supply chain woes stunt united kingdom manufacturing growth in August - PMI,2021-09-01 10:15:00+00:00,2021-09-01 17:15:00+07:00,reuters.com,English,United States,"[""monetary_geoeconomic""]",https://www.reuters.com/resizer/ztFP0DDWO-msuRNbxR1SXysyp_4=/1200x628/smart/filters:quality(80)/cloudfront-us-east-2.images.arcpublishing.com/reuters/H3D4ZNHMIVIUFOTYZ54LCOOVUA.jpg,2026-09-09T08:21:33.592815Z,,20210901T101500Z,gdelt_first_seen,"[""https://www.reuters.com/world/uk/supply-chain-woes-stunt-uk-manufacturing-growth-august-pmi-2021-09-01/""]",1,[],"[{""domain"":""reuters.com"",""language"":""English"",""logical_end"":""2021-09-02T00:00:00Z"",""logical_start"":""2021-09-01T00:00:00Z"",""query_category"":""monetary_geoeconomic"",""query_string"":""(\""Federal Reserve\"" OR \""interest rate\"" OR \""rate hike\"" OR inflation OR CPI) domain:reuters.com sourcelang:english"",""requested_end"":""20210902000001"",""requested_start"":""20210831235959"",""retrieved_at_utc"":""2026-09-09T08:21:33.592815Z"",""seendate"":""20210901T101500Z"",""socialimage"":""https://www.reuters.com/resizer/ztFP0DDWO-msuRNbxR1SXysyp_4=/1200x628/smart/filters:quality(80)/cloudfront-us-east-2.images.arcpublishing.com/reuters/H3D4ZNHMIVIUFOTYZ54LCOOVUA.jpg"",""sourcecountry"":""United States"",""title"":""Supply chain woes stunt united kingdom manufacturing growth in August - PMI"",""url"":""https://www.reuters.com/world/uk/supply-chain-woes-stunt-uk-manufacturing-growth-august-pmi-2021-09-01/"",""url_mobile"":""""}]"
77eb965ed6940b69c0cadda1f7eaac8211aa7f43d84c4f5a0492934d90dc3f69,https://www.reuters.com/article/us-afghanistan-conflict/with-kabul-airport-closed-fearful-afghans-rush-for-the-border-idUSKBN2FX2TS,https://www.reuters.com/article/us-afghanistan-conflict/with-kabul-airport-closed-fearful-afghans-rush-for-the-border-idUSKBN2FX2TS,"With Kabul airport closed , fearful Afghans rush for the border",2021-09-01 10:30:00+00:00,2021-09-01 17:30:00+07:00,reuters.com,English,United States,"[""armed_conflict""]",https://static.reuters.com/resources/r/?m=02&d=20210901&t=2&i=1573534853&r=LYNXMPEH801IA,2026-09-09T08:08:23.781656Z,https://mobile.reuters.com/article/amp/idUSKBN2FX2TC,20210901T103000Z,gdelt_first_seen,"[""https://www.reuters.com/article/us-afghanistan-conflict/with-kabul-airport-closed-fearful-afghans-rush-for-the-border-idUSKBN2FX2TS""]",1,[],"[{""domain"":""reuters.com"",""language"":""English"",""logical_end"":""2021-09-02T00:00:00Z"",""logical_start"":""2021-09-01T00:00:00Z"",""query_category"":""armed_conflict"",""query_string"":""(war OR invasion OR missile OR airstrike OR ceasefire OR military OR conflict) domain:reuters.com sourcelang:english"",""requested_end"":""20210902000001"",""requested_start"":""20210831235959"",""retrieved_at_utc"":""2026-09-09T08:08:23.781656Z"",""seendate"":""20210901T103000Z"",""socialimage"":""https://static.reuters.com/resources/r/?m=02&d=20210901&t=2&i=1573534853&r=LYNXMPEH801IA"",""sourcecountry"":""United States"",""title"":""With Kabul airport closed , fearful Afghans rush for the border"",""url"":""https://www.reuters.com/article/us-afghanistan-conflict/with-kabul-airport-closed-fearful-afghans-rush-for-the-border-idUSKBN2FX2TS"",""url_mobile"":""https://mobile.reuters.com/article/amp/idUSKBN2FX2TC""}]"
4115ca0060c49cd05864a7b699ad35d63138a79ba830c41f19391a907f836bf6,https://www.reuters.com/article/us-usa-ukraine/biden-to-pledge-security-aid-in-first-meeting-with-ukraines-zelenskiy-idUSKBN2FX2XY,https://www.reuters.com/article/us-usa-ukraine/biden-to-pledge-security-aid-in-first-meeting-with-ukraines-zelenskiy-idUSKBN2FX2XY,Biden to pledge security aid in first meeting with Ukraine Zelenskiy,2021-09-01 10:30:00+00:00,2021-09-01 17:30:00+07:00,reuters.com,English,United States,"[""armed_conflict""]",https://static.reuters.com/resources/r/?m=02&d=20210901&t=2&i=1573540421&r=LYNXMPEH801KG,2026-09-09T08:08:23.781656Z,https://mobile.reuters.com/article/amp/idUSKBN2FX2XY,20210901T103000Z,gdelt_first_seen,"[""https://www.reuters.com/article/us-usa-ukraine/biden-to-pledge-security-aid-in-first-meeting-with-ukraines-zelenskiy-idUSKBN2FX2XY""]",1,[],"[{""domain"":""reuters.com"",""language"":""English"",""logical_end"":""2021-09-02T00:00:00Z"",""logical_start"":""2021-09-01T00:00:00Z"",""query_category"":""armed_conflict"",""query_string"":""(war OR invasion OR missile OR airstrike OR ceasefire OR military OR conflict) domain:reuters.com sourcelang:english"",""requested_end"":""20210902000001"",""requested_start"":""20210831235959"",""retrieved_at_utc"":""2026-09-09T08:08:23.781656Z"",""seendate"":""20210901T103000Z"",""socialimage"":""https://static.reuters.com/resources/r/?m=02&d=20210901&t=2&i=1573540421&r=LYNXMPEH801KG"",""sourcecountry"":""United States"",""title"":""Biden to pledge security aid in first meeting with Ukraine Zelenskiy"",""url"":""https://www.reuters.com/article/us-usa-ukraine/biden-to-pledge-security-aid-in-first-meeting-with-ukraines-zelenskiy-idUSKBN2FX2XY"",""url_mobile"":""https://mobile.reuters.com/article/amp/idUSKBN2FX2XY""}]"
f1c9845df79a10e335ddc063892124e14c5205f08038c301bbc5a601aa06dee5,https://www.reuters.com/world/russias-putin-says-us-afghan-foray-achieved-nothing-tragedy-2021-09-01/,https://www.reuters.com/world/russias-putin-says-us-afghan-foray-achieved-nothing-tragedy-2021-09-01/,Russia Putin says U . S . Afghan foray achieved nothing but tragedy,2021-09-01 10:30:00+00:00,2021-09-01 17:30:00+07:00,reuters.com,English,United States,"[""armed_conflict""]",https://www.reuters.com/resizer/0z_Vadc5-EIBJ1SXaBCY1c-pq3Q=/1200x628/smart/filters:quality(80)/cloudfront-us-east-2.images.arcpublishing.com/reuters/FQ5EWG3TCBKLZHO4TB5BQCNRTQ.jpg,2026-09-09T08:08:23.781656Z,,20210901T103000Z,gdelt_first_seen,"[""https://www.reuters.com/world/russias-putin-says-us-afghan-foray-achieved-nothing-tragedy-2021-09-01/""]",1,[],"[{""domain"":""reuters.com"",""language"":""English"",""logical_end"":""2021-09-02T00:00:00Z"",""logical_start"":""2021-09-01T00:00:00Z"",""query_category"":""armed_conflict"",""query_string"":""(war OR invasion OR missile OR airstrike OR ceasefire OR military OR conflict) domain:reuters.com sourcelang:english"",""requested_end"":""20210902000001"",""requested_start"":""20210831235959"",""retrieved_at_utc"":""2026-09-09T08:08:23.781656Z"",""seendate"":""20210901T103000Z"",""socialimage"":""https://www.reuters.com/resizer/0z_Vadc5-EIBJ1SXaBCY1c-pq3Q=/1200x628/smart/filters:quality(80)/cloudfront-us-east-2.images.arcpublishing.com/reuters/FQ5EWG3TCBKLZHO4TB5BQCNRTQ.jpg"",""sourcecountry"":""United States"",""title"":""Russia Putin says U . S . Afghan foray achieved nothing but tragedy"",""url"":""https://www.reuters.com/world/russias-putin-says-us-afghan-foray-achieved-nothing-tragedy-2021-09-01/"",""url_mobile"":""""}]"
1d308baf2b342e6c85b289aa327027c287bcc8290c985c2da90dd10b664c6aa3,https://www.reuters.com/world/afghanistan-pullout-spurs-eu-revive-rapid-reaction-force-2021-09-01/,https://www.reuters.com/world/afghanistan-pullout-spurs-eu-revive-rapid-reaction-force-2021-09-01/,Analysis : Afghanistan pullout spurs EU to revive rapid reaction force,2021-09-01 10:45:00+00:00,2021-09-01 17:45:00+07:00,reuters.com,English,United States,"[""armed_conflict""]",https://www.reuters.com/resizer/OACDwJIREoFoFKhZSDZCL434pVQ=/1200x628/smart/filters:quality(80)/cloudfront-us-east-2.images.arcpublishing.com/reuters/FPSW27ZW2RLWTNYUVCQNFEZTKA.jpg,2026-09-09T08:08:23.781656Z,,20210901T104500Z,gdelt_first_seen,"[""https://www.reuters.com/world/afghanistan-pullout-spurs-eu-revive-rapid-reaction-force-2021-09-01/""]",1,[],"[{""domain"":""reuters.com"",""language"":""English"",""logical_end"":""2021-09-02T00:00:00Z"",""logical_start"":""2021-09-01T00:00:00Z"",""query_category"":""armed_conflict"",""query_string"":""(war OR invasion OR missile OR airstrike OR ceasefire OR military OR conflict) domain:reuters.com sourcelang:english"",""requested_end"":""20210902000001"",""requested_start"":""20210831235959"",""retrieved_at_utc"":""2026-09-09T08:08:23.781656Z"",""seendate"":""20210901T104500Z"",""socialimage"":""https://www.reuters.com/resizer/OACDwJIREoFoFKhZSDZCL434pVQ=/1200x628/smart/filters:quality(80)/cloudfront-us-east-2.images.arcpublishing.com/reuters/FPSW27ZW2RLWTNYUVCQNFEZTKA.jpg"",""sourcecountry"":""United States"",""title"":""Analysis : Afghanistan pullout spurs EU to revive rapid reaction force"",""url"":""https://www.reuters.com/world/afghanistan-pullout-spurs-eu-revive-rapid-reaction-force-2021-09-01/"",""url_mobile"":""""}]"
2b1a6f5974a6bfed6d968dd7ac161e365f184cb30f23488c23d30ff11ae104dd,https://www.reuters.com/world/afghan-migrants-stranded-serbia-fear-families-under-taliban-rule-2021-09-01/,https://www.reuters.com/world/afghan-migrants-stranded-serbia-fear-families-under-taliban-rule-2021-09-01/,Afghan migrants stranded in Serbia fear for families under Taliban rule,2021-09-01 11:15:00+00:00,2021-09-01 18:15:00+07:00,reuters.com,English,United States,"[""armed_conflict""]",https://www.reuters.com/resizer/colgrPnAutXeajS_tC9hNfIZ9bc=/1200x628/smart/filters:quality(80)/cloudfront-us-east-2.images.arcpublishing.com/reuters/TWVP64PB6RNA5GJ2L54ZYKKQGA.jpg,2026-09-09T08:08:23.781656Z,,20210901T111500Z,gdelt_first_seen,"[""https://www.reuters.com/world/afghan-migrants-stranded-serbia-fear-families-under-taliban-rule-2021-09-01/""]",1,[],"[{""domain"":""reuters.com"",""language"":""English"",""logical_end"":""2021-09-02T00:00:00Z"",""logical_start"":""2021-09-01T00:00:00Z"",""query_category"":""armed_conflict"",""query_string"":""(war OR invasion OR missile OR airstrike OR ceasefire OR military OR conflict) domain:reuters.com sourcelang:english"",""requested_end"":""20210902000001"",""requested_start"":""20210831235959"",""retrieved_at_utc"":""2026-09-09T08:08:23.781656Z"",""seendate"":""20210901T111500Z"",""socialimage"":""https://www.reuters.com/resizer/colgrPnAutXeajS_tC9hNfIZ9bc=/1200x628/smart/filters:quality(80)/cloudfront-us-east-2.images.arcpublishing.com/reuters/TWVP64PB6RNA5GJ2L54ZYKKQGA.jpg"",""sourcecountry"":""United States"",""title"":""Afghan migrants stranded in Serbia fear for families under Taliban rule"",""url"":""https://www.reuters.com/world/afghan-migrants-stranded-serbia-fear-families-under-taliban-rule-2021-09-01/"",""url_mobile"":""""}]"
f661bfb8b159d20590d96ecc9d04114b9c2d21b9f0e023199819b7d0c8bb5b32,https://www.reuters.com/article/global-precious/precious-gold-listless-as-investors-seek-direction-from-u-s-jobs-data-idUSL1N2Q3045,https://www.reuters.com/article/global-precious/precious-gold-listless-as-investors-seek-direction-from-u-s-jobs-data-idUSL1N2Q3045,PRECIOUS - Gold listless as investors seek direction from U . S . jobs data,2021-09-01 12:00:00+00:00,2021-09-01 19:00:00+07:00,reuters.com,English,United States,"[""monetary_geoeconomic""]",https://s1.reutersmedia.net/resources_v2/images/rcom-default.png,2026-09-09T08:21:33.592815Z,https://mobile.reuters.com/article/amp/idUSL1N2Q3045,20210901T120000Z,gdelt_first_seen,"[""https://www.reuters.com/article/global-precious/precious-gold-listless-as-investors-seek-direction-from-u-s-jobs-data-idUSL1N2Q3045""]",1,[],"[{""domain"":""reuters.com"",""language"":""English"",""logical_end"":""2021-09-02T00:00:00Z"",""logical_start"":""2021-09-01T00:00:00Z"",""query_category"":""monetary_geoeconomic"",""query_string"":""(\""Federal Reserve\"" OR \""interest rate\"" OR \""rate hike\"" OR inflation OR CPI) domain:reuters.com sourcelang:english"",""requested_end"":""20210902000001"",""requested_start"":""20210831235959"",""retrieved_at_utc"":""2026-09-09T08:21:33.592815Z"",""seendate"":""20210901T120000Z"",""socialimage"":""https://s1.reutersmedia.net/resources_v2/images/rcom-default.png"",""sourcecountry"":""United States"",""title"":""PRECIOUS - Gold listless as investors seek direction from U . S . jobs data"",""url"":""https://www.reuters.com/article/global-precious/precious-gold-listless-as-investors-seek-direction-from-u-s-jobs-data-idUSL1N2Q3045"",""url_mobile"":""https://mobile.reuters.com/article/amp/idUSL1N2Q3045""}]"
125df1fcfef0789dd7e9054dc275ea22cb8f74107ac690830013a52aa380c36e,https://www.reuters.com/world/americas/argentinas-markets-are-flying-yes-you-read-that-right-2021-09-01/,https://www.reuters.com/world/americas/argentinas-markets-are-flying-yes-you-read-that-right-2021-09-01/,"Analysis : Argentina markets are flying ( yes , you read that right )",2021-09-01 12:00:00+00:00,2021-09-01 19:00:00+07:00,reuters.com,English,United States,"[""monetary_geoeconomic""]",https://www.reuters.com/resizer/m6A6-72vmB1H-SzXoqnAsTDmtXQ=/1200x628/smart/filters:quality(80)/cloudfront-us-east-2.images.arcpublishing.com/reuters/N7YFUVLMIFALRGXMKWFU54FMDM.JPG,2026-09-09T08:21:33.592815Z,,20210901T120000Z,gdelt_first_seen,"[""https://www.reuters.com/world/americas/argentinas-markets-are-flying-yes-you-read-that-right-2021-09-01/""]",1,[],"[{""domain"":""reuters.com"",""language"":""English"",""logical_end"":""2021-09-02T00:00:00Z"",""logical_start"":""2021-09-01T00:00:00Z"",""query_category"":""monetary_geoeconomic"",""query_string"":""(\""Federal Reserve\"" OR \""interest rate\"" OR \""rate hike\"" OR inflation OR CPI) domain:reuters.com sourcelang:english"",""requested_end"":""20210902000001"",""requested_start"":""20210831235959"",""retrieved_at_utc"":""2026-09-09T08:21:33.592815Z"",""seendate"":""20210901T120000Z"",""socialimage"":""https://www.reuters.com/resizer/m6A6-72vmB1H-SzXoqnAsTDmtXQ=/1200x628/smart/filters:quality(80)/cloudfront-us-east-2.images.arcpublishing.com/reuters/N7YFUVLMIFALRGXMKWFU54FMDM.JPG"",""sourcecountry"":""United States"",""title"":""Analysis : Argentina markets are flying ( yes , you read that right ) "",""url"":""https://www.reuters.com/world/americas/argentinas-markets-are-flying-yes-you-read-that-right-2021-09-01/"",""url_mobile"":""""}]"
3a70cd1cb3998241ca0b09ce0a6dae6bc7471ce925f3116952a5f3f2000bba35,https://www.reuters.com/world/asia-pacific/aviation-insurers-hold-back-afghanistan-flights-after-us-troops-leave-2021-09-01/,https://www.reuters.com/world/asia-pacific/aviation-insurers-hold-back-afghanistan-flights-after-us-troops-leave-2021-09-01/,Aviation insurers hold back on Afghanistan flights after U . S . troops leave,2021-09-01 12:00:00+00:00,2021-09-01 19:00:00+07:00,reuters.com,English,United States,"[""armed_conflict""]",https://www.reuters.com/resizer/LErCmuQBcOZVgPHS66NaNUOIIaM=/1200x628/smart/filters:quality(80)/cloudfront-us-east-2.images.arcpublishing.com/reuters/XYMGG6XSNJL55NDMVROMU473TQ.jpg,2026-09-09T08:08:23.781656Z,,20210901T120000Z,gdelt_first_seen,"[""https://www.reuters.com/world/asia-pacific/aviation-insurers-hold-back-afghanistan-flights-after-us-troops-leave-2021-09-01/""]",1,[],"[{""domain"":""reuters.com"",""language"":""English"",""logical_end"":""2021-09-02T00:00:00Z"",""logical_start"":""2021-09-01T00:00:00Z"",""query_category"":""armed_conflict"",""query_string"":""(war OR invasion OR missile OR airstrike OR ceasefire OR military OR conflict) domain:reuters.com sourcelang:english"",""requested_end"":""20210902000001"",""requested_start"":""20210831235959"",""retrieved_at_utc"":""2026-09-09T08:08:23.781656Z"",""seendate"":""20210901T120000Z"",""socialimage"":""https://www.reuters.com/resizer/LErCmuQBcOZVgPHS66NaNUOIIaM=/1200x628/smart/filters:quality(80)/cloudfront-us-east-2.images.arcpublishing.com/reuters/XYMGG6XSNJL55NDMVROMU473TQ.jpg"",""sourcecountry"":""United States"",""title"":""Aviation insurers hold back on Afghanistan flights after U . S . troops leave"",""url"":""https://www.reuters.com/world/asia-pacific/aviation-insurers-hold-back-afghanistan-flights-after-us-troops-leave-2021-09-01/"",""url_mobile"":""""}]"
462ebe49f2f8272633c7e3df86020053a012ac68228cafa23418d27c9f41d558,https://www.reuters.com/world/middle-east/euro-holds-near-one-month-high-after-inflation-jolt-2021-09-01/,https://www.reuters.com/world/middle-east/euro-holds-near-one-month-high-after-inflation-jolt-2021-09-01/,Euro holds near one - month high after inflation jolt,2021-09-01 12:00:00+00:00,2021-09-01 19:00:00+07:00,reuters.com,English,United States,"[""monetary_geoeconomic""]",https://www.reuters.com/resizer/Tx1liSU7kAeibsD4ZSdbsnOn9VU=/1200x628/smart/filters:quality(80)/cloudfront-us-east-2.images.arcpublishing.com/reuters/3RMDTMLIBFNVZN6QZNSYJJ7NBM.jpg,2026-09-09T08:21:33.592815Z,,20210901T120000Z,gdelt_first_seen,"[""https://www.reuters.com/world/middle-east/euro-holds-near-one-month-high-after-inflation-jolt-2021-09-01/""]",1,[],"[{""domain"":""reuters.com"",""language"":""English"",""logical_end"":""2021-09-02T00:00:00Z"",""logical_start"":""2021-09-01T00:00:00Z"",""query_category"":""monetary_geoeconomic"",""query_string"":""(\""Federal Reserve\"" OR \""interest rate\"" OR \""rate hike\"" OR inflation OR CPI) domain:reuters.com sourcelang:english"",""requested_end"":""20210902000001"",""requested_start"":""20210831235959"",""retrieved_at_utc"":""2026-09-09T08:21:33.592815Z"",""seendate"":""20210901T120000Z"",""socialimage"":""https://www.reuters.com/resizer/Tx1liSU7kAeibsD4ZSdbsnOn9VU=/1200x628/smart/filters:quality(80)/cloudfront-us-east-2.images.arcpublishing.com/reuters/3RMDTMLIBFNVZN6QZNSYJJ7NBM.jpg"",""sourcecountry"":""United States"",""title"":""Euro holds near one - month high after inflation jolt"",""url"":""https://www.reuters.com/world/middle-east/euro-holds-near-one-month-high-after-inflation-jolt-2021-09-01/"",""url_mobile"":""""}]"
9f5989adb99cca0fa50d1bb80e438ef52e2160dc301af463c1b98d9531f8cd78,https://www.reuters.com/article/global-precious/precious-gold-bides-time-with-focus-on-u-s-jobs-data-idUSL4N2Q321Q,https://www.reuters.com/article/global-precious/precious-gold-bides-time-with-focus-on-u-s-jobs-data-idUSL4N2Q321Q,Gold bides time with focus on U . S . jobs data,2021-09-01 12:15:00+00:00,2021-09-01 19:15:00+07:00,reuters.com,English,United States,"[""monetary_geoeconomic""]",https://static.reuters.com/resources/r/?m=02&d=20210901&t=2&i=1573528497&r=LYNXMPEH801E9,2026-09-09T08:21:33.592815Z,https://mobile.reuters.com/article/amp/idUSKBN2FX2OU,20210901T121500Z,gdelt_first_seen,"[""https://www.reuters.com/article/global-precious/precious-gold-bides-time-with-focus-on-u-s-jobs-data-idUSL4N2Q321Q""]",1,[],"[{""domain"":""reuters.com"",""language"":""English"",""logical_end"":""2021-09-02T00:00:00Z"",""logical_start"":""2021-09-01T00:00:00Z"",""query_category"":""monetary_geoeconomic"",""query_string"":""(\""Federal Reserve\"" OR \""interest rate\"" OR \""rate hike\"" OR inflation OR CPI) domain:reuters.com sourcelang:english"",""requested_end"":""20210902000001"",""requested_start"":""20210831235959"",""retrieved_at_utc"":""2026-09-09T08:21:33.592815Z"",""seendate"":""20210901T121500Z"",""socialimage"":""https://static.reuters.com/resources/r/?m=02&d=20210901&t=2&i=1573528497&r=LYNXMPEH801E9"",""sourcecountry"":""United States"",""title"":""Gold bides time with focus on U . S . jobs data"",""url"":""https://www.reuters.com/article/global-precious/precious-gold-bides-time-with-focus-on-u-s-jobs-data-idUSL4N2Q321Q"",""url_mobile"":""https://mobile.reuters.com/article/amp/idUSKBN2FX2OU""}]"
5433ba0524f01eb73b24913893ff962b810e9948aad0a888ec5752ae967e50ac,https://www.reuters.com/world/asia-pacific/new-era-afghanistan-starts-with-long-queues-rising-prices-2021-09-01/,https://www.reuters.com/world/asia-pacific/new-era-afghanistan-starts-with-long-queues-rising-prices-2021-09-01/,"New era for Afghanistan starts with long queues , rising prices",2021-09-01 12:15:00+00:00,2021-09-01 19:15:00+07:00,reuters.com,English,United States,"[""monetary_geoeconomic""]",https://www.reuters.com/resizer/70VMV1p-3SdZmyW2FlYmwYs6h04=/1200x628/smart/filters:quality(80)/cloudfront-us-east-2.images.arcpublishing.com/reuters/X3IWYQ5WRNKW3CZNFZWAMJZRMM.jpg,2026-09-09T08:21:33.592815Z,,20210901T121500Z,gdelt_first_seen,"[""https://www.reuters.com/world/asia-pacific/new-era-afghanistan-starts-with-long-queues-rising-prices-2021-09-01/""]",1,[],"[{""domain"":""reuters.com"",""language"":""English"",""logical_end"":""2021-09-02T00:00:00Z"",""logical_start"":""2021-09-01T00:00:00Z"",""query_category"":""monetary_geoeconomic"",""query_string"":""(\""Federal Reserve\"" OR \""interest rate\"" OR \""rate hike\"" OR inflation OR CPI) domain:reuters.com sourcelang:english"",""requested_end"":""20210902000001"",""requested_start"":""20210831235959"",""retrieved_at_utc"":""2026-09-09T08:21:33.592815Z"",""seendate"":""20210901T121500Z"",""socialimage"":""https://www.reuters.com/resizer/70VMV1p-3SdZmyW2FlYmwYs6h04=/1200x628/smart/filters:quality(80)/cloudfront-us-east-2.images.arcpublishing.com/reuters/X3IWYQ5WRNKW3CZNFZWAMJZRMM.jpg"",""sourcecountry"":""United States"",""title"":""New era for Afghanistan starts with long queues , rising prices"",""url"":""https://www.reuters.com/world/asia-pacific/new-era-afghanistan-starts-with-long-queues-rising-prices-2021-09-01/"",""url_mobile"":""""}]"
1830f646c28a45382b7262cc307a46ad2bebd1c1efbeb10c8c20e6e0a9cb0b8e,https://www.reuters.com/article/us-afghanistan-conflict-economy/new-era-for-afghanistan-starts-with-long-queues-rising-prices-idUSKBN2FX39Q,https://www.reuters.com/article/us-afghanistan-conflict-economy/new-era-for-afghanistan-starts-with-long-queues-rising-prices-idUSKBN2FX39Q,"New era for Afghanistan starts with long queues , rising prices",2021-09-01 12:30:00+00:00,2021-09-01 19:30:00+07:00,reuters.com,English,United States,"[""monetary_geoeconomic""]",https://static.reuters.com/resources/r/?m=02&d=20210901&t=2&i=1573555815&r=LYNXMPEH801R5,2026-09-09T08:21:33.592815Z,https://mobile.reuters.com/article/amp/idUSKBN2FX39Q,20210901T123000Z,gdelt_first_seen,"[""https://www.reuters.com/article/us-afghanistan-conflict-economy/new-era-for-afghanistan-starts-with-long-queues-rising-prices-idUSKBN2FX39Q""]",1,[],"[{""domain"":""reuters.com"",""language"":""English"",""logical_end"":""2021-09-02T00:00:00Z"",""logical_start"":""2021-09-01T00:00:00Z"",""query_category"":""monetary_geoeconomic"",""query_string"":""(\""Federal Reserve\"" OR \""interest rate\"" OR \""rate hike\"" OR inflation OR CPI) domain:reuters.com sourcelang:english"",""requested_end"":""20210902000001"",""requested_start"":""20210831235959"",""retrieved_at_utc"":""2026-09-09T08:21:33.592815Z"",""seendate"":""20210901T123000Z"",""socialimage"":""https://static.reuters.com/resources/r/?m=02&d=20210901&t=2&i=1573555815&r=LYNXMPEH801R5"",""sourcecountry"":""United States"",""title"":""New era for Afghanistan starts with long queues , rising prices"",""url"":""https://www.reuters.com/article/us-afghanistan-conflict-economy/new-era-for-afghanistan-starts-with-long-queues-rising-prices-idUSKBN2FX39Q"",""url_mobile"":""https://mobile.reuters.com/article/amp/idUSKBN2FX39Q""}]"
41905b01786c4fe4a40392d659d59c56f72ee12feb42b8b2f443b510d34945ce,https://www.reuters.com/article/us-afghanistan-conflict-panjshir/taliban-says-it-has-surrounded-afghan-resistance-fighters-calls-for-peace-idUSKBN2FX3AQ,https://www.reuters.com/article/us-afghanistan-conflict-panjshir/taliban-says-it-has-surrounded-afghan-resistance-fighters-calls-for-peace-idUSKBN2FX3AQ,"Taliban says it has surrounded Afghan resistance fighters , calls for peace",2021-09-01 12:30:00+00:00,2021-09-01 19:30:00+07:00,reuters.com,English,United States,"[""armed_conflict""]",https://static.reuters.com/resources/r/?m=02&d=20210901&t=2&i=1573556958&r=LYNXMPEH801RL,2026-09-09T08:08:23.781656Z,https://mobile.reuters.com/article/amp/idUSKBN2FX3AQ,20210901T123000Z,gdelt_first_seen,"[""https://www.reuters.com/article/us-afghanistan-conflict-panjshir/taliban-says-it-has-surrounded-afghan-resistance-fighters-calls-for-peace-idUSKBN2FX3AQ""]",1,[],"[{""domain"":""reuters.com"",""language"":""English"",""logical_end"":""2021-09-02T00:00:00Z"",""logical_start"":""2021-09-01T00:00:00Z"",""query_category"":""armed_conflict"",""query_string"":""(war OR invasion OR missile OR airstrike OR ceasefire OR military OR conflict) domain:reuters.com sourcelang:english"",""requested_end"":""20210902000001"",""requested_start"":""20210831235959"",""retrieved_at_utc"":""2026-09-09T08:08:23.781656Z"",""seendate"":""20210901T123000Z"",""socialimage"":""https://static.reuters.com/resources/r/?m=02&d=20210901&t=2&i=1573556958&r=LYNXMPEH801RL"",""sourcecountry"":""United States"",""title"":""Taliban says it has surrounded Afghan resistance fighters , calls for peace"",""url"":""https://www.reuters.com/article/us-afghanistan-conflict-panjshir/taliban-says-it-has-surrounded-afghan-resistance-fighters-calls-for-peace-idUSKBN2FX3AQ"",""url_mobile"":""https://mobile.reuters.com/article/amp/idUSKBN2FX3AQ""}]"
b523bfecac23c92847b2acdc6916150ad7e87a40b5d71d834bc1474219512f52,https://www.reuters.com/world/armenian-soldier-killed-by-azeri-sniper-fire-border-tass-2021-09-01/,https://www.reuters.com/world/armenian-soldier-killed-by-azeri-sniper-fire-border-tass-2021-09-01/,Armenian soldier killed by Azeri sniper fire on border - TASS,2021-09-01 12:30:00+00:00,2021-09-01 19:30:00+07:00,reuters.com,English,United States,"[""armed_conflict""]",https://www.reuters.com/pf/resources/images/reuters/reuters-default.png?d=50,2026-09-09T08:08:23.781656Z,,20210901T123000Z,gdelt_first_seen,"[""https://www.reuters.com/world/armenian-soldier-killed-by-azeri-sniper-fire-border-tass-2021-09-01/""]",1,[],"[{""domain"":""reuters.com"",""language"":""English"",""logical_end"":""2021-09-02T00:00:00Z"",""logical_start"":""2021-09-01T00:00:00Z"",""query_category"":""armed_conflict"",""query_string"":""(war OR invasion OR missile OR airstrike OR ceasefire OR military OR conflict) domain:reuters.com sourcelang:english"",""requested_end"":""20210902000001"",""requested_start"":""20210831235959"",""retrieved_at_utc"":""2026-09-09T08:08:23.781656Z"",""seendate"":""20210901T123000Z"",""socialimage"":""https://www.reuters.com/pf/resources/images/reuters/reuters-default.png?d=50"",""sourcecountry"":""United States"",""title"":""Armenian soldier killed by Azeri sniper fire on border - TASS"",""url"":""https://www.reuters.com/world/armenian-soldier-killed-by-azeri-sniper-fire-border-tass-2021-09-01/"",""url_mobile"":""""}]"
3a459cec4bb15c4cc32dd6ac20accd14fb1b7dccd567a4e7ee4c453d5fcf11a4,https://www.reuters.com/world/china/pope-defends-deal-with-china-says-dialogue-necessary-2021-09-01/,https://www.reuters.com/world/china/pope-defends-deal-with-china-says-dialogue-necessary-2021-09-01/,"Pope defends deal with China , says dialogue necessary",2021-09-01 13:00:00+00:00,2021-09-01 20:00:00+07:00,reuters.com,English,United States,"[""armed_conflict""]",https://www.reuters.com/resizer/4iqG9Td00TE7gP3tWcxO30hT3Ow=/1200x628/smart/filters:quality(80)/cloudfront-us-east-2.images.arcpublishing.com/reuters/UF27JF32HRMTTB7YWEFIY7SFFA.jpg,2026-09-09T08:08:23.781656Z,,20210901T130000Z,gdelt_first_seen,"[""https://www.reuters.com/world/china/pope-defends-deal-with-china-says-dialogue-necessary-2021-09-01/""]",1,[],"[{""domain"":""reuters.com"",""language"":""English"",""logical_end"":""2021-09-02T00:00:00Z"",""logical_start"":""2021-09-01T00:00:00Z"",""query_category"":""armed_conflict"",""query_string"":""(war OR invasion OR missile OR airstrike OR ceasefire OR military OR conflict) domain:reuters.com sourcelang:english"",""requested_end"":""20210902000001"",""requested_start"":""20210831235959"",""retrieved_at_utc"":""2026-09-09T08:08:23.781656Z"",""seendate"":""20210901T130000Z"",""socialimage"":""https://www.reuters.com/resizer/4iqG9Td00TE7gP3tWcxO30hT3Ow=/1200x628/smart/filters:quality(80)/cloudfront-us-east-2.images.arcpublishing.com/reuters/UF27JF32HRMTTB7YWEFIY7SFFA.jpg"",""sourcecountry"":""United States"",""title"":""Pope defends deal with China , says dialogue necessary"",""url"":""https://www.reuters.com/world/china/pope-defends-deal-with-china-says-dialogue-necessary-2021-09-01/"",""url_mobile"":""""}]"
b37aa3a8cedf358b92eddf48099bec2afbbb6556eb1a8cab65ffa46c3852bb1f,https://www.reuters.com/world/rescue-boat-keeps-migrant-plight-spotlight-mediterranean-arrivals-soar-2021-09-01/,https://www.reuters.com/world/rescue-boat-keeps-migrant-plight-spotlight-mediterranean-arrivals-soar-2021-09-01/,Rescue boat keeps migrant plight in spotlight as Mediterranean arrivals soar,2021-09-01 13:15:00+00:00,2021-09-01 20:15:00+07:00,reuters.com,English,United States,"[""armed_conflict""]",https://www.reuters.com/resizer/0Hiz5lahGuT-ivAqVMeGJZg1mg8=/1200x628/smart/filters:quality(80)/cloudfront-us-east-2.images.arcpublishing.com/reuters/MTFTUMJB4RMV3AILV2ST2APTSM.jpg,2026-09-09T08:08:23.781656Z,,20210901T131500Z,gdelt_first_seen,"[""https://www.reuters.com/world/rescue-boat-keeps-migrant-plight-spotlight-mediterranean-arrivals-soar-2021-09-01/""]",1,[],"[{""domain"":""reuters.com"",""language"":""English"",""logical_end"":""2021-09-02T00:00:00Z"",""logical_start"":""2021-09-01T00:00:00Z"",""query_category"":""armed_conflict"",""query_string"":""(war OR invasion OR missile OR airstrike OR ceasefire OR military OR conflict) domain:reuters.com sourcelang:english"",""requested_end"":""20210902000001"",""requested_start"":""20210831235959"",""retrieved_at_utc"":""2026-09-09T08:08:23.781656Z"",""seendate"":""20210901T131500Z"",""socialimage"":""https://www.reuters.com/resizer/0Hiz5lahGuT-ivAqVMeGJZg1mg8=/1200x628/smart/filters:quality(80)/cloudfront-us-east-2.images.arcpublishing.com/reuters/MTFTUMJB4RMV3AILV2ST2APTSM.jpg"",""sourcecountry"":""United States"",""title"":""Rescue boat keeps migrant plight in spotlight as Mediterranean arrivals soar"",""url"":""https://www.reuters.com/world/rescue-boat-keeps-migrant-plight-spotlight-mediterranean-arrivals-soar-2021-09-01/"",""url_mobile"":""""}]"
29d22ee74f8048fefa843a5addbb345b26b6ceef92776a413dbc1b76c8c41aca,https://www.reuters.com/article/afghanistan-conflict-economy/new-era-for-afghanistan-starts-with-long-queues-rising-prices-idUSL8N2PY5CI,https://www.reuters.com/article/afghanistan-conflict-economy/new-era-for-afghanistan-starts-with-long-queues-rising-prices-idUSL8N2PY5CI,"New era for Afghanistan starts with long queues , rising prices",2021-09-01 13:45:00+00:00,2021-09-01 20:45:00+07:00,reuters.com,English,United States,"[""monetary_geoeconomic""]",https://static.reuters.com/resources/r/?m=02&d=20210901&t=2&i=1573564249&r=LYNXMPEH801VA,2026-09-09T08:21:33.592815Z,https://mobile.reuters.com/article/amp/idUSKBN2FX39Q,20210901T134500Z,gdelt_first_seen,"[""https://www.reuters.com/article/afghanistan-conflict-economy/new-era-for-afghanistan-starts-with-long-queues-rising-prices-idUSL8N2PY5CI""]",1,[],"[{""domain"":""reuters.com"",""language"":""English"",""logical_end"":""2021-09-02T00:00:00Z"",""logical_start"":""2021-09-01T00:00:00Z"",""query_category"":""monetary_geoeconomic"",""query_string"":""(\""Federal Reserve\"" OR \""interest rate\"" OR \""rate hike\"" OR inflation OR CPI) domain:reuters.com sourcelang:english"",""requested_end"":""20210902000001"",""requested_start"":""20210831235959"",""retrieved_at_utc"":""2026-09-09T08:21:33.592815Z"",""seendate"":""20210901T134500Z"",""socialimage"":""https://static.reuters.com/resources/r/?m=02&d=20210901&t=2&i=1573564249&r=LYNXMPEH801VA"",""sourcecountry"":""United States"",""title"":""New era for Afghanistan starts with long queues , rising prices"",""url"":""https://www.reuters.com/article/afghanistan-conflict-economy/new-era-for-afghanistan-starts-with-long-queues-rising-prices-idUSL8N2PY5CI"",""url_mobile"":""https://mobile.reuters.com/article/amp/idUSKBN2FX39Q""}]"
e8bda239e1f891bf72681ffa0ca5adca95f0508f12a43899172c9e606f21f4b2,https://www.reuters.com/article/businessNews/idUSKBN2FX393,https://www.reuters.com/article/businessNews/idUSKBN2FX393,Insurers may take $18 billion hit from Hurricane Ida - industry experts,2021-09-01 13:45:00+00:00,2021-09-01 20:45:00+07:00,reuters.com,English,United States,"[""monetary_geoeconomic""]",https://static.reuters.com/resources/r/?m=02&d=20210901&t=2&i=1573554422&r=LYNXMPEH801QT,2026-09-09T08:21:33.592815Z,https://mobile.reuters.com/article/amp/idUSKBN2FX393,20210901T134500Z,gdelt_first_seen,"[""https://www.reuters.com/article/businessNews/idUSKBN2FX393""]",1,[],"[{""domain"":""reuters.com"",""language"":""English"",""logical_end"":""2021-09-02T00:00:00Z"",""logical_start"":""2021-09-01T00:00:00Z"",""query_category"":""monetary_geoeconomic"",""query_string"":""(\""Federal Reserve\"" OR \""interest rate\"" OR \""rate hike\"" OR inflation OR CPI) domain:reuters.com sourcelang:english"",""requested_end"":""20210902000001"",""requested_start"":""20210831235959"",""retrieved_at_utc"":""2026-09-09T08:21:33.592815Z"",""seendate"":""20210901T134500Z"",""socialimage"":""https://static.reuters.com/resources/r/?m=02&d=20210901&t=2&i=1573554422&r=LYNXMPEH801QT"",""sourcecountry"":""United States"",""title"":""Insurers may take $18 billion hit from Hurricane Ida - industry experts"",""url"":""https://www.reuters.com/article/businessNews/idUSKBN2FX393"",""url_mobile"":""https://mobile.reuters.com/article/amp/idUSKBN2FX393""}]"
8c4e828ed20d5c75fd4ac60eab821aa438ce2acd0d66f4357f01af367092d031,https://www.reuters.com/article/ousivMolt/idUSKBN2FX39I,https://www.reuters.com/article/ousivMolt/idUSKBN2FX39I,S & P 500 poised for record open as focus turns to economic data,2021-09-01 13:45:00+00:00,2021-09-01 20:45:00+07:00,reuters.com,English,United States,"[""energy_geopolitics"",""monetary_geoeconomic""]",https://static.reuters.com/resources/r/?m=02&d=20210901&t=2&i=1573554873&r=LYNXMPEH801R2,2026-09-09T08:16:13.990578Z,https://mobile.reuters.com/article/amp/idUSKBN2FX39I,20210901T134500Z,gdelt_first_seen,"[""https://www.reuters.com/article/ousivMolt/idUSKBN2FX39I""]",2,[],"[{""domain"":""reuters.com"",""language"":""English"",""logical_end"":""2021-09-02T00:00:00Z"",""logical_start"":""2021-09-01T00:00:00Z"",""query_category"":""energy_geopolitics"",""query_string"":""(OPEC OR \""oil embargo\"" OR \""oil supply\"" OR \""energy crisis\"" OR \""natural gas\"") domain:reuters.com sourcelang:english"",""requested_end"":""20210902000001"",""requested_start"":""20210831235959"",""retrieved_at_utc"":""2026-09-09T08:16:13.990578Z"",""seendate"":""20210901T134500Z"",""socialimage"":""https://static.reuters.com/resources/r/?m=02&d=20210901&t=2&i=1573554873&r=LYNXMPEH801R2"",""sourcecountry"":""United States"",""title"":""S & P 500 poised for record open as focus turns to economic data"",""url"":""https://www.reuters.com/article/ousivMolt/idUSKBN2FX39I"",""url_mobile"":""https://mobile.reuters.com/article/amp/idUSKBN2FX39I""},{""domain"":""reuters.com"",""language"":""English"",""logical_end"":""2021-09-02T00:00:00Z"",""logical_start"":""2021-09-01T00:00:00Z"",""query_category"":""monetary_geoeconomic"",""query_string"":""(\""Federal Reserve\"" OR \""interest rate\"" OR \""rate hike\"" OR inflation OR CPI) domain:reuters.com sourcelang:english"",""requested_end"":""20210902000001"",""requested_start"":""20210831235959"",""retrieved_at_utc"":""2026-09-09T08:21:33.592815Z"",""seendate"":""20210901T134500Z"",""socialimage"":""https://static.reuters.com/resources/r/?m=02&d=20210901&t=2&i=1573554873&r=LYNXMPEH801R2"",""sourcecountry"":""United States"",""title"":""S & P 500 poised for record open as focus turns to economic data"",""url"":""https://www.reuters.com/article/ousivMolt/idUSKBN2FX39I"",""url_mobile"":""https://mobile.reuters.com/article/amp/idUSKBN2FX39I""}]"
09dd8f1d9c78cc9d175c2461e9a78c0f3583265e80cdfe8b27c81266239f98f1,https://www.reuters.com/article/worldNews/idUSKBN2FX344,https://www.reuters.com/article/worldNews/idUSKBN2FX344,Analysis : Afghanistan pullout spurs EU to revive rapid reaction force,2021-09-01 13:45:00+00:00,2021-09-01 20:45:00+07:00,reuters.com,English,United States,"[""armed_conflict""]",https://static.reuters.com/resources/r/?m=02&d=20210901&t=2&i=1573547967&r=LYNXMPEH801O8,2026-09-09T08:08:23.781656Z,https://mobile.reuters.com/article/amp/idUSKBN2FX344,20210901T134500Z,gdelt_first_seen,"[""https://www.reuters.com/article/worldNews/idUSKBN2FX344""]",1,[],"[{""domain"":""reuters.com"",""language"":""English"",""logical_end"":""2021-09-02T00:00:00Z"",""logical_start"":""2021-09-01T00:00:00Z"",""query_category"":""armed_conflict"",""query_string"":""(war OR invasion OR missile OR airstrike OR ceasefire OR military OR conflict) domain:reuters.com sourcelang:english"",""requested_end"":""20210902000001"",""requested_start"":""20210831235959"",""retrieved_at_utc"":""2026-09-09T08:08:23.781656Z"",""seendate"":""20210901T134500Z"",""socialimage"":""https://static.reuters.com/resources/r/?m=02&d=20210901&t=2&i=1573547967&r=LYNXMPEH801O8"",""sourcecountry"":""United States"",""title"":""Analysis : Afghanistan pullout spurs EU to revive rapid reaction force"",""url"":""https://www.reuters.com/article/worldNews/idUSKBN2FX344"",""url_mobile"":""https://mobile.reuters.com/article/amp/idUSKBN2FX344""}]"
84d3ffa5df6149bb3887bdafac6b09cd43cd96a23504d811e1a2a33256bc8c8a,https://www.reuters.com/article/worldNews/idUSKBN2FX3AQ,https://www.reuters.com/article/worldNews/idUSKBN2FX3AQ,"Taliban says it has surrounded Afghan resistance fighters , calls for peace",2021-09-01 13:45:00+00:00,2021-09-01 20:45:00+07:00,reuters.com,English,United States,"[""armed_conflict""]",https://static.reuters.com/resources/r/?m=02&d=20210901&t=2&i=1573556958&r=LYNXMPEH801RL,2026-09-09T08:08:23.781656Z,https://mobile.reuters.com/article/amp/idUSKBN2FX3AQ,20210901T134500Z,gdelt_first_seen,"[""https://www.reuters.com/article/worldNews/idUSKBN2FX3AQ""]",1,[],"[{""domain"":""reuters.com"",""language"":""English"",""logical_end"":""2021-09-02T00:00:00Z"",""logical_start"":""2021-09-01T00:00:00Z"",""query_category"":""armed_conflict"",""query_string"":""(war OR invasion OR missile OR airstrike OR ceasefire OR military OR conflict) domain:reuters.com sourcelang:english"",""requested_end"":""20210902000001"",""requested_start"":""20210831235959"",""retrieved_at_utc"":""2026-09-09T08:08:23.781656Z"",""seendate"":""20210901T134500Z"",""socialimage"":""https://static.reuters.com/resources/r/?m=02&d=20210901&t=2&i=1573556958&r=LYNXMPEH801RL"",""sourcecountry"":""United States"",""title"":""Taliban says it has surrounded Afghan resistance fighters , calls for peace"",""url"":""https://www.reuters.com/article/worldNews/idUSKBN2FX3AQ"",""url_mobile"":""https://mobile.reuters.com/article/amp/idUSKBN2FX3AQ""}]"
71298e2d45a2eea5450aabcc985a98b3f730b67990d5b6f4fa9ac1c9b3c50d70,https://www.reuters.com/business/us-mortgage-applications-decline-with-drop-refinancing-mba-2021-09-01/,https://www.reuters.com/business/us-mortgage-applications-decline-with-drop-refinancing-mba-2021-09-01/,U . S . mortgage applications decline with drop in refinancing - MBA,2021-09-01 13:45:00+00:00,2021-09-01 20:45:00+07:00,reuters.com,English,United States,"[""monetary_geoeconomic""]",https://www.reuters.com/resizer/McRnU9VxfSNVZGHEXOo7Eo1sTyQ=/1200x628/smart/filters:quality(80)/cloudfront-us-east-2.images.arcpublishing.com/reuters/3TLLEGEIYBKTXMJS3UOFJM7Y4I.jpg,2026-09-09T08:21:33.592815Z,,20210901T134500Z,gdelt_first_seen,"[""https://www.reuters.com/business/us-mortgage-applications-decline-with-drop-refinancing-mba-2021-09-01/""]",1,[],"[{""domain"":""reuters.com"",""language"":""English"",""logical_end"":""2021-09-02T00:00:00Z"",""logical_start"":""2021-09-01T00:00:00Z"",""query_category"":""monetary_geoeconomic"",""query_string"":""(\""Federal Reserve\"" OR \""interest rate\"" OR \""rate hike\"" OR inflation OR CPI) domain:reuters.com sourcelang:english"",""requested_end"":""20210902000001"",""requested_start"":""20210831235959"",""retrieved_at_utc"":""2026-09-09T08:21:33.592815Z"",""seendate"":""20210901T134500Z"",""socialimage"":""https://www.reuters.com/resizer/McRnU9VxfSNVZGHEXOo7Eo1sTyQ=/1200x628/smart/filters:quality(80)/cloudfront-us-east-2.images.arcpublishing.com/reuters/3TLLEGEIYBKTXMJS3UOFJM7Y4I.jpg"",""sourcecountry"":""United States"",""title"":""U . S . mortgage applications decline with drop in refinancing - MBA"",""url"":""https://www.reuters.com/business/us-mortgage-applications-decline-with-drop-refinancing-mba-2021-09-01/"",""url_mobile"":""""}]"
f80702b5fe88cf8f932dfdbbbdb6220b0e837c3684d45844981863d87dfb0178,https://www.reuters.com/world/americas/brazils-gdp-slipped-01-q2-second-covid-19-wave-stalled-recovery-2021-09-01/,https://www.reuters.com/world/americas/brazils-gdp-slipped-01-q2-second-covid-19-wave-stalled-recovery-2021-09-01/,Brazil GDP slipped 0 . 1 % in Q2 as second COVID - 19 wave stalled recovery,2021-09-01 13:45:00+00:00,2021-09-01 20:45:00+07:00,reuters.com,English,United States,"[""monetary_geoeconomic""]",https://www.reuters.com/pf/resources/images/reuters/reuters-default.png?d=50,2026-09-09T08:21:33.592815Z,,20210901T134500Z,gdelt_first_seen,"[""https://www.reuters.com/world/americas/brazils-gdp-slipped-01-q2-second-covid-19-wave-stalled-recovery-2021-09-01/""]",1,[],"[{""domain"":""reuters.com"",""language"":""English"",""logical_end"":""2021-09-02T00:00:00Z"",""logical_start"":""2021-09-01T00:00:00Z"",""query_category"":""monetary_geoeconomic"",""query_string"":""(\""Federal Reserve\"" OR \""interest rate\"" OR \""rate hike\"" OR inflation OR CPI) domain:reuters.com sourcelang:english"",""requested_end"":""20210902000001"",""requested_start"":""20210831235959"",""retrieved_at_utc"":""2026-09-09T08:21:33.592815Z"",""seendate"":""20210901T134500Z"",""socialimage"":""https://www.reuters.com/pf/resources/images/reuters/reuters-default.png?d=50"",""sourcecountry"":""United States"",""title"":""Brazil GDP slipped 0 . 1 % in Q2 as second COVID - 19 wave stalled recovery"",""url"":""https://www.reuters.com/world/americas/brazils-gdp-slipped-01-q2-second-covid-19-wave-stalled-recovery-2021-09-01/"",""url_mobile"":""""}]"
d19e96ad89bade7c463b68be8593ba846c23102023ed376fccbb120eafa888a1,https://www.reuters.com/business/gain-futures-set-sp-500-new-high-ahead-data-2021-09-01/,https://www.reuters.com/business/gain-futures-set-sp-500-new-high-ahead-data-2021-09-01/,S & P 500 poised for record open as focus turns to economic data,2021-09-01 14:00:00+00:00,2021-09-01 21:00:00+07:00,reuters.com,English,United States,"[""energy_geopolitics"",""monetary_geoeconomic""]",https://www.reuters.com/resizer/GfILaPBPGlGFfpP9aJbZ-tHKfFs=/1200x628/smart/filters:quality(80)/cloudfront-us-east-2.images.arcpublishing.com/reuters/XVMZB24H3RIT3IXH2NOVOGWWYE.jpg,2026-09-09T08:16:13.990578Z,,20210901T140000Z,gdelt_first_seen,"[""https://www.reuters.com/business/gain-futures-set-sp-500-new-high-ahead-data-2021-09-01/""]",2,[],"[{""domain"":""reuters.com"",""language"":""English"",""logical_end"":""2021-09-02T00:00:00Z"",""logical_start"":""2021-09-01T00:00:00Z"",""query_category"":""energy_geopolitics"",""query_string"":""(OPEC OR \""oil embargo\"" OR \""oil supply\"" OR \""energy crisis\"" OR \""natural gas\"") domain:reuters.com sourcelang:english"",""requested_end"":""20210902000001"",""requested_start"":""20210831235959"",""retrieved_at_utc"":""2026-09-09T08:16:13.990578Z"",""seendate"":""20210901T140000Z"",""socialimage"":""https://www.reuters.com/resizer/GfILaPBPGlGFfpP9aJbZ-tHKfFs=/1200x628/smart/filters:quality(80)/cloudfront-us-east-2.images.arcpublishing.com/reuters/XVMZB24H3RIT3IXH2NOVOGWWYE.jpg"",""sourcecountry"":""United States"",""title"":""S & P 500 poised for record open as focus turns to economic data"",""url"":""https://www.reuters.com/business/gain-futures-set-sp-500-new-high-ahead-data-2021-09-01/"",""url_mobile"":""""},{""domain"":""reuters.com"",""language"":""English"",""logical_end"":""2021-09-02T00:00:00Z"",""logical_start"":""2021-09-01T00:00:00Z"",""query_category"":""monetary_geoeconomic"",""query_string"":""(\""Federal Reserve\"" OR \""interest rate\"" OR \""rate hike\"" OR inflation OR CPI) domain:reuters.com sourcelang:english"",""requested_end"":""20210902000001"",""requested_start"":""20210831235959"",""retrieved_at_utc"":""2026-09-09T08:21:33.592815Z"",""seendate"":""20210901T140000Z"",""socialimage"":""https://www.reuters.com/resizer/GfILaPBPGlGFfpP9aJbZ-tHKfFs=/1200x628/smart/filters:quality(80)/cloudfront-us-east-2.images.arcpublishing.com/reuters/XVMZB24H3RIT3IXH2NOVOGWWYE.jpg"",""sourcecountry"":""United States"",""title"":""S & P 500 poised for record open as focus turns to economic data"",""url"":""https://www.reuters.com/business/gain-futures-set-sp-500-new-high-ahead-data-2021-09-01/"",""url_mobile"":""""}]"
e26ef905649ee8f1adeaab0b7cf95610e7862720adada04b3535cff88343452d,https://www.reuters.com/business/insurers-may-take-18-bln-hit-hurricane-ida-industry-experts-2021-09-01/,https://www.reuters.com/business/insurers-may-take-18-bln-hit-hurricane-ida-industry-experts-2021-09-01/,Insurers may take $18 bln hit from Hurricane Ida - industry experts,2021-09-01 14:00:00+00:00,2021-09-01 21:00:00+07:00,reuters.com,English,United States,"[""monetary_geoeconomic""]",https://www.reuters.com/resizer/5piXPesR23AEH0fXwZouAjteBUw=/1200x628/smart/filters:quality(80)/cloudfront-us-east-2.images.arcpublishing.com/reuters/6YFXKTJHZFJO5BFCDSHT77ZRNY.jpg,2026-09-09T08:21:33.592815Z,,20210901T140000Z,gdelt_first_seen,"[""https://www.reuters.com/business/insurers-may-take-18-bln-hit-hurricane-ida-industry-experts-2021-09-01/""]",1,[],"[{""domain"":""reuters.com"",""language"":""English"",""logical_end"":""2021-09-02T00:00:00Z"",""logical_start"":""2021-09-01T00:00:00Z"",""query_category"":""monetary_geoeconomic"",""query_string"":""(\""Federal Reserve\"" OR \""interest rate\"" OR \""rate hike\"" OR inflation OR CPI) domain:reuters.com sourcelang:english"",""requested_end"":""20210902000001"",""requested_start"":""20210831235959"",""retrieved_at_utc"":""2026-09-09T08:21:33.592815Z"",""seendate"":""20210901T140000Z"",""socialimage"":""https://www.reuters.com/resizer/5piXPesR23AEH0fXwZouAjteBUw=/1200x628/smart/filters:quality(80)/cloudfront-us-east-2.images.arcpublishing.com/reuters/6YFXKTJHZFJO5BFCDSHT77ZRNY.jpg"",""sourcecountry"":""United States"",""title"":""Insurers may take $18 bln hit from Hurricane Ida - industry experts"",""url"":""https://www.reuters.com/business/insurers-may-take-18-bln-hit-hurricane-ida-industry-experts-2021-09-01/"",""url_mobile"":""""}]"
56f735f38d805454ae13ccee98c04c8d0862fb58b512636143e06acdf172eb06,https://www.reuters.com/world/middle-east/mideast-stocks-dubai-index-highest-over-2-years-saudi-dips-2021-09-01/,https://www.reuters.com/world/middle-east/mideast-stocks-dubai-index-highest-over-2-years-saudi-dips-2021-09-01/,MIDEAST STOCKS Dubai index at highest in over 2 years ; Saudi dips,2021-09-01 14:00:00+00:00,2021-09-01 21:00:00+07:00,reuters.com,English,United States,"[""energy_geopolitics""]",https://www.reuters.com/pf/resources/images/reuters/reuters-default.png?d=50,2026-09-09T08:16:13.990578Z,,20210901T140000Z,gdelt_first_seen,"[""https://www.reuters.com/world/middle-east/mideast-stocks-dubai-index-highest-over-2-years-saudi-dips-2021-09-01/""]",1,[],"[{""domain"":""reuters.com"",""language"":""English"",""logical_end"":""2021-09-02T00:00:00Z"",""logical_start"":""2021-09-01T00:00:00Z"",""query_category"":""energy_geopolitics"",""query_string"":""(OPEC OR \""oil embargo\"" OR \""oil supply\"" OR \""energy crisis\"" OR \""natural gas\"") domain:reuters.com sourcelang:english"",""requested_end"":""20210902000001"",""requested_start"":""20210831235959"",""retrieved_at_utc"":""2026-09-09T08:16:13.990578Z"",""seendate"":""20210901T140000Z"",""socialimage"":""https://www.reuters.com/pf/resources/images/reuters/reuters-default.png?d=50"",""sourcecountry"":""United States"",""title"":""MIDEAST STOCKS Dubai index at highest in over 2 years ; Saudi dips"",""url"":""https://www.reuters.com/world/middle-east/mideast-stocks-dubai-index-highest-over-2-years-saudi-dips-2021-09-01/"",""url_mobile"":""""}]"
4ffc8f5be737af223bc649f3492f62e9a784dec87e295cdbff1396b9de01606f,https://www.reuters.com/article/chile-economy/chiles-cenbank-hikes-gdp-growth-prediction-amid-rapid-recovery-from-covid-19-idUSC0N2HW01P,https://www.reuters.com/article/chile-economy/chiles-cenbank-hikes-gdp-growth-prediction-amid-rapid-recovery-from-covid-19-idUSC0N2HW01P,Chile Cenbank hikes GDP growth prediction amid rapid recovery from COVID - 19,2021-09-01 14:15:00+00:00,2021-09-01 21:15:00+07:00,reuters.com,English,United States,"[""monetary_geoeconomic""]",https://s1.reutersmedia.net/resources_v2/images/rcom-default.png,2026-09-09T08:21:33.592815Z,https://mobile.reuters.com/article/amp/idUSC0N2HW01P,20210901T141500Z,gdelt_first_seen,"[""https://www.reuters.com/article/chile-economy/chiles-cenbank-hikes-gdp-growth-prediction-amid-rapid-recovery-from-covid-19-idUSC0N2HW01P""]",1,[],"[{""domain"":""reuters.com"",""language"":""English"",""logical_end"":""2021-09-02T00:00:00Z"",""logical_start"":""2021-09-01T00:00:00Z"",""query_category"":""monetary_geoeconomic"",""query_string"":""(\""Federal Reserve\"" OR \""interest rate\"" OR \""rate hike\"" OR inflation OR CPI) domain:reuters.com sourcelang:english"",""requested_end"":""20210902000001"",""requested_start"":""20210831235959"",""retrieved_at_utc"":""2026-09-09T08:21:33.592815Z"",""seendate"":""20210901T141500Z"",""socialimage"":""https://s1.reutersmedia.net/resources_v2/images/rcom-default.png"",""sourcecountry"":""United States"",""title"":""Chile Cenbank hikes GDP growth prediction amid  rapid recovery  from COVID - 19"",""url"":""https://www.reuters.com/article/chile-economy/chiles-cenbank-hikes-gdp-growth-prediction-amid-rapid-recovery-from-covid-19-idUSC0N2HW01P"",""url_mobile"":""https://mobile.reuters.com/article/amp/idUSC0N2HW01P""}]"
7b87c10ba3cf70ffa562b92aa27569e0c9a3b0f61496daf96cd579c76ffd1691,https://www.reuters.com/world/europe/russia-deliver-huge-military-equipment-consignment-belarus-soon-belta-2021-09-01/,https://www.reuters.com/world/europe/russia-deliver-huge-military-equipment-consignment-belarus-soon-belta-2021-09-01/,Russia to deliver huge military hardware consignment to Belarus - Belta,2021-09-01 14:30:00+00:00,2021-09-01 21:30:00+07:00,reuters.com,English,United States,"[""armed_conflict""]",https://www.reuters.com/pf/resources/images/reuters/reuters-default.png?d=50,2026-09-09T08:08:23.781656Z,,20210901T143000Z,gdelt_first_seen,"[""https://www.reuters.com/world/europe/russia-deliver-huge-military-equipment-consignment-belarus-soon-belta-2021-09-01/""]",1,[],"[{""domain"":""reuters.com"",""language"":""English"",""logical_end"":""2021-09-02T00:00:00Z"",""logical_start"":""2021-09-01T00:00:00Z"",""query_category"":""armed_conflict"",""query_string"":""(war OR invasion OR missile OR airstrike OR ceasefire OR military OR conflict) domain:reuters.com sourcelang:english"",""requested_end"":""20210902000001"",""requested_start"":""20210831235959"",""retrieved_at_utc"":""2026-09-09T08:08:23.781656Z"",""seendate"":""20210901T143000Z"",""socialimage"":""https://www.reuters.com/pf/resources/images/reuters/reuters-default.png?d=50"",""sourcecountry"":""United States"",""title"":""Russia to deliver huge military hardware consignment to Belarus - Belta"",""url"":""https://www.reuters.com/world/europe/russia-deliver-huge-military-equipment-consignment-belarus-soon-belta-2021-09-01/"",""url_mobile"":""""}]"
65772f9275bfb0dfeb5c9a333860408815dc8c82c82d5959ec098ebca7edf380,https://www.reuters.com/article/argentina-grains/argentina-grains-exports-brought-in-3-bln-in-august-ciara-cec-idUSL1N2Q31AB,https://www.reuters.com/article/argentina-grains/argentina-grains-exports-brought-in-3-bln-in-august-ciara-cec-idUSL1N2Q31AB,Argentina grains exports brought in $3 bln in August - CIARA - CEC,2021-09-01 14:45:00+00:00,2021-09-01 21:45:00+07:00,reuters.com,English,United States,"[""monetary_geoeconomic""]",https://s1.reutersmedia.net/resources_v2/images/rcom-default.png,2026-09-09T08:21:33.592815Z,https://mobile.reuters.com/article/amp/idUSL1N2Q31AB,20210901T144500Z,gdelt_first_seen,"[""https://www.reuters.com/article/argentina-grains/argentina-grains-exports-brought-in-3-bln-in-august-ciara-cec-idUSL1N2Q31AB""]",1,[],"[{""domain"":""reuters.com"",""language"":""English"",""logical_end"":""2021-09-02T00:00:00Z"",""logical_start"":""2021-09-01T00:00:00Z"",""query_category"":""monetary_geoeconomic"",""query_string"":""(\""Federal Reserve\"" OR \""interest rate\"" OR \""rate hike\"" OR inflation OR CPI) domain:reuters.com sourcelang:english"",""requested_end"":""20210902000001"",""requested_start"":""20210831235959"",""retrieved_at_utc"":""2026-09-09T08:21:33.592815Z"",""seendate"":""20210901T144500Z"",""socialimage"":""https://s1.reutersmedia.net/resources_v2/images/rcom-default.png"",""sourcecountry"":""United States"",""title"":""Argentina grains exports brought in $3 bln in August - CIARA - CEC"",""url"":""https://www.reuters.com/article/argentina-grains/argentina-grains-exports-brought-in-3-bln-in-august-ciara-cec-idUSL1N2Q31AB"",""url_mobile"":""https://mobile.reuters.com/article/amp/idUSL1N2Q31AB""}]"
b9036e266b32b6da64fd62af1aef60646abc47a94ba68b4ce2f6d2744b7d73fc,https://www.reuters.com/world/africa/nigerias-buhari-sacks-power-farming-ministers-2021-09-01/,https://www.reuters.com/world/africa/nigerias-buhari-sacks-power-farming-ministers-2021-09-01/,Nigeria Buhari sacks power and farming ministers,2021-09-01 14:45:00+00:00,2021-09-01 21:45:00+07:00,reuters.com,English,United States,"[""monetary_geoeconomic""]",https://www.reuters.com/resizer/zcXalYwgBjJWMMECYWKNlzoWuAE=/1200x628/smart/filters:quality(80)/cloudfront-us-east-2.images.arcpublishing.com/reuters/VWSDLRAF7BOKDFV4TIZ4TYF3MU.jpg,2026-09-09T08:21:33.592815Z,,20210901T144500Z,gdelt_first_seen,"[""https://www.reuters.com/world/africa/nigerias-buhari-sacks-power-farming-ministers-2021-09-01/""]",1,[],"[{""domain"":""reuters.com"",""language"":""English"",""logical_end"":""2021-09-02T00:00:00Z"",""logical_start"":""2021-09-01T00:00:00Z"",""query_category"":""monetary_geoeconomic"",""query_string"":""(\""Federal Reserve\"" OR \""interest rate\"" OR \""rate hike\"" OR inflation OR CPI) domain:reuters.com sourcelang:english"",""requested_end"":""20210902000001"",""requested_start"":""20210831235959"",""retrieved_at_utc"":""2026-09-09T08:21:33.592815Z"",""seendate"":""20210901T144500Z"",""socialimage"":""https://www.reuters.com/resizer/zcXalYwgBjJWMMECYWKNlzoWuAE=/1200x628/smart/filters:quality(80)/cloudfront-us-east-2.images.arcpublishing.com/reuters/VWSDLRAF7BOKDFV4TIZ4TYF3MU.jpg"",""sourcecountry"":""United States"",""title"":""Nigeria Buhari sacks power and farming ministers"",""url"":""https://www.reuters.com/world/africa/nigerias-buhari-sacks-power-farming-ministers-2021-09-01/"",""url_mobile"":""""}]"
9e539a2fe11c8077e971acb0e461458583b68ef5042ede5b0233a38e29296d9b,https://www.reuters.com/article/iraq-oil-exports/update-1-iraqs-oil-exports-rise-to-3-054-mln-bpd-in-august-oil-ministry-idUSL1N2Q30NZ,https://www.reuters.com/article/iraq-oil-exports/update-1-iraqs-oil-exports-rise-to-3-054-mln-bpd-in-august-oil-ministry-idUSL1N2Q30NZ,UPDATE 1 - Iraq oil exports rise to 3 . 054 mln bpd in August – oil ministry,2021-09-01 15:00:00+00:00,2021-09-01 22:00:00+07:00,reuters.com,English,United States,"[""energy_geopolitics""]",https://s1.reutersmedia.net/resources_v2/images/rcom-default.png,2026-09-09T08:16:13.990578Z,https://mobile.reuters.com/article/amp/idUSL1N2Q30NZ,20210901T150000Z,gdelt_first_seen,"[""https://www.reuters.com/article/iraq-oil-exports/update-1-iraqs-oil-exports-rise-to-3-054-mln-bpd-in-august-oil-ministry-idUSL1N2Q30NZ""]",1,[],"[{""domain"":""reuters.com"",""language"":""English"",""logical_end"":""2021-09-02T00:00:00Z"",""logical_start"":""2021-09-01T00:00:00Z"",""query_category"":""energy_geopolitics"",""query_string"":""(OPEC OR \""oil embargo\"" OR \""oil supply\"" OR \""energy crisis\"" OR \""natural gas\"") domain:reuters.com sourcelang:english"",""requested_end"":""20210902000001"",""requested_start"":""20210831235959"",""retrieved_at_utc"":""2026-09-09T08:16:13.990578Z"",""seendate"":""20210901T150000Z"",""socialimage"":""https://s1.reutersmedia.net/resources_v2/images/rcom-default.png"",""sourcecountry"":""United States"",""title"":""UPDATE 1 - Iraq oil exports rise to 3 . 054 mln bpd in August – oil ministry"",""url"":""https://www.reuters.com/article/iraq-oil-exports/update-1-iraqs-oil-exports-rise-to-3-054-mln-bpd-in-august-oil-ministry-idUSL1N2Q30NZ"",""url_mobile"":""https://mobile.reuters.com/article/amp/idUSL1N2Q30NZ""}]"
c63482e4b7f1f4f254173d5033db31aa08d41f0aa3335cf8d03ae6c6517d65c6,https://www.reuters.com/world/africa/iamgold-suspends-convoys-burkina-faso-gold-mine-after-attack-2021-09-01/,https://www.reuters.com/world/africa/iamgold-suspends-convoys-burkina-faso-gold-mine-after-attack-2021-09-01/,Iamgold suspends convoys to Burkina Faso gold mine after attack,2021-09-01 15:15:00+00:00,2021-09-01 22:15:00+07:00,reuters.com,English,United States,"[""armed_conflict""]",https://www.reuters.com/resizer/rnooGDbYO17shUaPFFdDjsFCt9I=/1200x628/smart/filters:quality(80)/cloudfront-us-east-2.images.arcpublishing.com/reuters/C5WJCKNHHBPTJO2DQ6OKOBMIGM.jpg,2026-09-09T08:08:23.781656Z,,20210901T151500Z,gdelt_first_seen,"[""https://www.reuters.com/world/africa/iamgold-suspends-convoys-burkina-faso-gold-mine-after-attack-2021-09-01/""]",1,[],"[{""domain"":""reuters.com"",""language"":""English"",""logical_end"":""2021-09-02T00:00:00Z"",""logical_start"":""2021-09-01T00:00:00Z"",""query_category"":""armed_conflict"",""query_string"":""(war OR invasion OR missile OR airstrike OR ceasefire OR military OR conflict) domain:reuters.com sourcelang:english"",""requested_end"":""20210902000001"",""requested_start"":""20210831235959"",""retrieved_at_utc"":""2026-09-09T08:08:23.781656Z"",""seendate"":""20210901T151500Z"",""socialimage"":""https://www.reuters.com/resizer/rnooGDbYO17shUaPFFdDjsFCt9I=/1200x628/smart/filters:quality(80)/cloudfront-us-east-2.images.arcpublishing.com/reuters/C5WJCKNHHBPTJO2DQ6OKOBMIGM.jpg"",""sourcecountry"":""United States"",""title"":""Iamgold suspends convoys to Burkina Faso gold mine after attack"",""url"":""https://www.reuters.com/world/africa/iamgold-suspends-convoys-burkina-faso-gold-mine-after-attack-2021-09-01/"",""url_mobile"":""""}]"
3274fb8017174d29b5a1e1c9862d244bb208f79c5699108f3c19f9aabe57468b,https://www.reuters.com/world/americas/drought-may-force-brazil-ration-power-says-vice-president-mourao-2021-09-01/,https://www.reuters.com/world/americas/drought-may-force-brazil-ration-power-says-vice-president-mourao-2021-09-01/,"Drought may force Brazil to ration power , says Vice President Mourao",2021-09-01 15:15:00+00:00,2021-09-01 22:15:00+07:00,reuters.com,English,United States,"[""energy_geopolitics"",""monetary_geoeconomic""]",https://www.reuters.com/resizer/9ck2H9aN-3GyK136gPs61iWq41U=/1200x628/smart/filters:quality(80)/cloudfront-us-east-2.images.arcpublishing.com/reuters/YF7JRM55KNMRDPDQHO34PZJBNI.jpg,2026-09-09T08:16:13.990578Z,,20210901T151500Z,gdelt_first_seen,"[""https://www.reuters.com/world/americas/drought-may-force-brazil-ration-power-says-vice-president-mourao-2021-09-01/""]",2,[],"[{""domain"":""reuters.com"",""language"":""English"",""logical_end"":""2021-09-02T00:00:00Z"",""logical_start"":""2021-09-01T00:00:00Z"",""query_category"":""energy_geopolitics"",""query_string"":""(OPEC OR \""oil embargo\"" OR \""oil supply\"" OR \""energy crisis\"" OR \""natural gas\"") domain:reuters.com sourcelang:english"",""requested_end"":""20210902000001"",""requested_start"":""20210831235959"",""retrieved_at_utc"":""2026-09-09T08:16:13.990578Z"",""seendate"":""20210901T151500Z"",""socialimage"":""https://www.reuters.com/resizer/9ck2H9aN-3GyK136gPs61iWq41U=/1200x628/smart/filters:quality(80)/cloudfront-us-east-2.images.arcpublishing.com/reuters/YF7JRM55KNMRDPDQHO34PZJBNI.jpg"",""sourcecountry"":""United States"",""title"":""Drought may force Brazil to ration power , says Vice President Mourao"",""url"":""https://www.reuters.com/world/americas/drought-may-force-brazil-ration-power-says-vice-president-mourao-2021-09-01/"",""url_mobile"":""""},{""domain"":""reuters.com"",""language"":""English"",""logical_end"":""2021-09-02T00:00:00Z"",""logical_start"":""2021-09-01T00:00:00Z"",""query_category"":""monetary_geoeconomic"",""query_string"":""(\""Federal Reserve\"" OR \""interest rate\"" OR \""rate hike\"" OR inflation OR CPI) domain:reuters.com sourcelang:english"",""requested_end"":""20210902000001"",""requested_start"":""20210831235959"",""retrieved_at_utc"":""2026-09-09T08:21:33.592815Z"",""seendate"":""20210901T151500Z"",""socialimage"":""https://www.reuters.com/resizer/9ck2H9aN-3GyK136gPs61iWq41U=/1200x628/smart/filters:quality(80)/cloudfront-us-east-2.images.arcpublishing.com/reuters/YF7JRM55KNMRDPDQHO34PZJBNI.jpg"",""sourcecountry"":""United States"",""title"":""Drought may force Brazil to ration power , says Vice President Mourao"",""url"":""https://www.reuters.com/world/americas/drought-may-force-brazil-ration-power-says-vice-president-mourao-2021-09-01/"",""url_mobile"":""""}]"
bfe56c2612aa2f422555d5895e5ad8f1687c1923dd8bff9ceaec5b8c7f32ea03,https://www.reuters.com/world/uk/bank-england-names-huw-pill-new-chief-economist-2021-09-01/,https://www.reuters.com/world/uk/bank-england-names-huw-pill-new-chief-economist-2021-09-01/,Bank of England names former Goldman economist Pill to top economics role,2021-09-01 15:15:00+00:00,2021-09-01 22:15:00+07:00,reuters.com,English,United States,"[""monetary_geoeconomic""]",https://www.reuters.com/resizer/Ddep9qqhFnIvFDauaoMxhz1_HoI=/1200x628/smart/filters:quality(80)/cloudfront-us-east-2.images.arcpublishing.com/reuters/N3PZM7XDTFMPHAAKXR5LB3JHKI.jpg,2026-09-09T08:21:33.592815Z,,20210901T151500Z,gdelt_first_seen,"[""https://www.reuters.com/world/uk/bank-england-names-huw-pill-new-chief-economist-2021-09-01/""]",1,[],"[{""domain"":""reuters.com"",""language"":""English"",""logical_end"":""2021-09-02T00:00:00Z"",""logical_start"":""2021-09-01T00:00:00Z"",""query_category"":""monetary_geoeconomic"",""query_string"":""(\""Federal Reserve\"" OR \""interest rate\"" OR \""rate hike\"" OR inflation OR CPI) domain:reuters.com sourcelang:english"",""requested_end"":""20210902000001"",""requested_start"":""20210831235959"",""retrieved_at_utc"":""2026-09-09T08:21:33.592815Z"",""seendate"":""20210901T151500Z"",""socialimage"":""https://www.reuters.com/resizer/Ddep9qqhFnIvFDauaoMxhz1_HoI=/1200x628/smart/filters:quality(80)/cloudfront-us-east-2.images.arcpublishing.com/reuters/N3PZM7XDTFMPHAAKXR5LB3JHKI.jpg"",""sourcecountry"":""United States"",""title"":""Bank of England names former Goldman economist Pill to top economics role"",""url"":""https://www.reuters.com/world/uk/bank-england-names-huw-pill-new-chief-economist-2021-09-01/"",""url_mobile"":""""}]"
6ec0ad0b18c927700f1a612c7d52802add7276e46c9ac33b1ae2915b1fdb7d29,https://www.reuters.com/article/us-afghanistan-conflict/now-in-control-taliban-confront-economy-in-turmoil-humanitarian-crisis-idUSKBN2FX2TS,https://www.reuters.com/article/us-afghanistan-conflict/now-in-control-taliban-confront-economy-in-turmoil-humanitarian-crisis-idUSKBN2FX2TS,"Now in control , Taliban confront economy in turmoil , humanitarian crisis",2021-09-01 15:30:00+00:00,2021-09-01 22:30:00+07:00,reuters.com,English,United States,"[""armed_conflict"",""monetary_geoeconomic""]",https://static.reuters.com/resources/r/?m=02&d=20210901&t=2&i=1573571016&r=LYNXMPEH801YX,2026-09-09T08:08:23.781656Z,https://mobile.reuters.com/article/amp/idUSKBN2FX2TS,20210901T153000Z,gdelt_first_seen,"[""https://www.reuters.com/article/us-afghanistan-conflict/now-in-control-taliban-confront-economy-in-turmoil-humanitarian-crisis-idUSKBN2FX2TS""]",2,[],"[{""domain"":""reuters.com"",""language"":""English"",""logical_end"":""2021-09-02T00:00:00Z"",""logical_start"":""2021-09-01T00:00:00Z"",""query_category"":""armed_conflict"",""query_string"":""(war OR invasion OR missile OR airstrike OR ceasefire OR military OR conflict) domain:reuters.com sourcelang:english"",""requested_end"":""20210902000001"",""requested_start"":""20210831235959"",""retrieved_at_utc"":""2026-09-09T08:08:23.781656Z"",""seendate"":""20210901T153000Z"",""socialimage"":""https://static.reuters.com/resources/r/?m=02&d=20210901&t=2&i=1573571016&r=LYNXMPEH801YX"",""sourcecountry"":""United States"",""title"":""Now in control , Taliban confront economy in turmoil , humanitarian crisis"",""url"":""https://www.reuters.com/article/us-afghanistan-conflict/now-in-control-taliban-confront-economy-in-turmoil-humanitarian-crisis-idUSKBN2FX2TS"",""url_mobile"":""https://mobile.reuters.com/article/amp/idUSKBN2FX2TS""},{""domain"":""reuters.com"",""language"":""English"",""logical_end"":""2021-09-02T00:00:00Z"",""logical_start"":""2021-09-01T00:00:00Z"",""query_category"":""monetary_geoeconomic"",""query_string"":""(\""Federal Reserve\"" OR \""interest rate\"" OR \""rate hike\"" OR inflation OR CPI) domain:reuters.com sourcelang:english"",""requested_end"":""20210902000001"",""requested_start"":""20210831235959"",""retrieved_at_utc"":""2026-09-09T08:21:33.592815Z"",""seendate"":""20210901T153000Z"",""socialimage"":""https://static.reuters.com/resources/r/?m=02&d=20210901&t=2&i=1573571016&r=LYNXMPEH801YX"",""sourcecountry"":""United States"",""title"":""Now in control , Taliban confront economy in turmoil , humanitarian crisis"",""url"":""https://www.reuters.com/article/us-afghanistan-conflict/now-in-control-taliban-confront-economy-in-turmoil-humanitarian-crisis-idUSKBN2FX2TS"",""url_mobile"":""https://mobile.reuters.com/article/amp/idUSKBN2FX2TS""}]"
229257cfe5a1bc77a715129ae1bab6a4d3043730b656647f0dd491896350e1e7,https://www.reuters.com/article/us-burkina-security-iamgold/iamgold-suspends-convoys-to-burkina-faso-gold-mine-after-attack-idUSKBN2FX3HK,https://www.reuters.com/article/us-burkina-security-iamgold/iamgold-suspends-convoys-to-burkina-faso-gold-mine-after-attack-idUSKBN2FX3HK,Iamgold suspends convoys to Burkina Faso gold mine after attack,2021-09-01 15:30:00+00:00,2021-09-01 22:30:00+07:00,reuters.com,English,United States,"[""armed_conflict""]",https://static.reuters.com/resources/r/?m=02&d=20210901&t=2&i=1573565302&r=LYNXMPEH801VY,2026-09-09T08:08:23.781656Z,https://mobile.reuters.com/article/amp/idUSKBN2FX3HK,20210901T153000Z,gdelt_first_seen,"[""https://www.reuters.com/article/us-burkina-security-iamgold/iamgold-suspends-convoys-to-burkina-faso-gold-mine-after-attack-idUSKBN2FX3HK""]",1,[],"[{""domain"":""reuters.com"",""language"":""English"",""logical_end"":""2021-09-02T00:00:00Z"",""logical_start"":""2021-09-01T00:00:00Z"",""query_category"":""armed_conflict"",""query_string"":""(war OR invasion OR missile OR airstrike OR ceasefire OR military OR conflict) domain:reuters.com sourcelang:english"",""requested_end"":""20210902000001"",""requested_start"":""20210831235959"",""retrieved_at_utc"":""2026-09-09T08:08:23.781656Z"",""seendate"":""20210901T153000Z"",""socialimage"":""https://static.reuters.com/resources/r/?m=02&d=20210901&t=2&i=1573565302&r=LYNXMPEH801VY"",""sourcecountry"":""United States"",""title"":""Iamgold suspends convoys to Burkina Faso gold mine after attack"",""url"":""https://www.reuters.com/article/us-burkina-security-iamgold/iamgold-suspends-convoys-to-burkina-faso-gold-mine-after-attack-idUSKBN2FX3HK"",""url_mobile"":""https://mobile.reuters.com/article/amp/idUSKBN2FX3HK""}]"
f7c2483261216489ae8a5105558cf9965e9eb15cd323507dfcc68d91892b395f,https://www.reuters.com/article/us-eu-defence-reaction-analysis/analysis-afghanistan-pullout-spurs-eu-to-revive-rapid-reaction-force-idUSKBN2FX344,https://www.reuters.com/article/us-eu-defence-reaction-analysis/analysis-afghanistan-pullout-spurs-eu-to-revive-rapid-reaction-force-idUSKBN2FX344,Analysis : Afghanistan pullout spurs EU to revive rapid reaction force,2021-09-01 15:30:00+00:00,2021-09-01 22:30:00+07:00,reuters.com,English,United States,"[""armed_conflict""]",https://static.reuters.com/resources/r/?m=02&d=20210901&t=2&i=1573547967&r=LYNXMPEH801O8,2026-09-09T08:08:23.781656Z,https://mobile.reuters.com/article/amp/idUSKBN2FX344,20210901T153000Z,gdelt_first_seen,"[""https://www.reuters.com/article/us-eu-defence-reaction-analysis/analysis-afghanistan-pullout-spurs-eu-to-revive-rapid-reaction-force-idUSKBN2FX344""]",1,[],"[{""domain"":""reuters.com"",""language"":""English"",""logical_end"":""2021-09-02T00:00:00Z"",""logical_start"":""2021-09-01T00:00:00Z"",""query_category"":""armed_conflict"",""query_string"":""(war OR invasion OR missile OR airstrike OR ceasefire OR military OR conflict) domain:reuters.com sourcelang:english"",""requested_end"":""20210902000001"",""requested_start"":""20210831235959"",""retrieved_at_utc"":""2026-09-09T08:08:23.781656Z"",""seendate"":""20210901T153000Z"",""socialimage"":""https://static.reuters.com/resources/r/?m=02&d=20210901&t=2&i=1573547967&r=LYNXMPEH801O8"",""sourcecountry"":""United States"",""title"":""Analysis : Afghanistan pullout spurs EU to revive rapid reaction force"",""url"":""https://www.reuters.com/article/us-eu-defence-reaction-analysis/analysis-afghanistan-pullout-spurs-eu-to-revive-rapid-reaction-force-idUSKBN2FX344"",""url_mobile"":""https://mobile.reuters.com/article/amp/idUSKBN2FX344""}]"
5d95bd7fe8cdfdce7a043db86970d6d847a12c095e047821fa7fa72b441960de,https://www.reuters.com/world/germany-urges-resumption-iran-nuclear-talks-2021-09-01/,https://www.reuters.com/world/germany-urges-resumption-iran-nuclear-talks-2021-09-01/,"France , Germany urge Iran to return speedily to nuclear deal talks",2021-09-01 15:30:00+00:00,2021-09-01 22:30:00+07:00,reuters.com,English,United States,"[""sanctions""]",https://www.reuters.com/resizer/nFhXVyu1mGebaBpDGuTpQOKL6tg=/1200x628/smart/filters:quality(80)/cloudfront-us-east-2.images.arcpublishing.com/reuters/V6VZIHKIDRN73IEGQUL6KJNQHU.jpg,2026-09-09T08:10:28.322759Z,,20210901T153000Z,gdelt_first_seen,"[""https://www.reuters.com/world/germany-urges-resumption-iran-nuclear-talks-2021-09-01/""]",1,[],"[{""domain"":""reuters.com"",""language"":""English"",""logical_end"":""2021-09-02T00:00:00Z"",""logical_start"":""2021-09-01T00:00:00Z"",""query_category"":""sanctions"",""query_string"":""(sanction OR sanctions OR embargo OR \""asset freeze\"" OR \""export restriction\"") domain:reuters.com sourcelang:english"",""requested_end"":""20210902000001"",""requested_start"":""20210831235959"",""retrieved_at_utc"":""2026-09-09T08:10:28.322759Z"",""seendate"":""20210901T153000Z"",""socialimage"":""https://www.reuters.com/resizer/nFhXVyu1mGebaBpDGuTpQOKL6tg=/1200x628/smart/filters:quality(80)/cloudfront-us-east-2.images.arcpublishing.com/reuters/V6VZIHKIDRN73IEGQUL6KJNQHU.jpg"",""sourcecountry"":""United States"",""title"":""France , Germany urge Iran to return speedily to nuclear deal talks"",""url"":""https://www.reuters.com/world/germany-urges-resumption-iran-nuclear-talks-2021-09-01/"",""url_mobile"":""""}]"
aeae61aa86d95999d3943a5f33ad8e9185165a170846f367474387a4a5c57322,https://www.reuters.com/article/russia-economy/russias-jobless-rate-returns-to-2019-levels-wages-rise-idUSL1N2Q30RI,https://www.reuters.com/article/russia-economy/russias-jobless-rate-returns-to-2019-levels-wages-rise-idUSL1N2Q30RI,"Russia jobless rate returns to 2019 levels , wages rise",2021-09-01 16:30:00+00:00,2021-09-01 23:30:00+07:00,reuters.com,English,United States,"[""monetary_geoeconomic""]",https://s1.reutersmedia.net/resources_v2/images/rcom-default.png,2026-09-09T08:21:33.592815Z,https://mobile.reuters.com/article/amp/idUSL1N2Q30RI,20210901T163000Z,gdelt_first_seen,"[""https://www.reuters.com/article/russia-economy/russias-jobless-rate-returns-to-2019-levels-wages-rise-idUSL1N2Q30RI""]",1,[],"[{""domain"":""reuters.com"",""language"":""English"",""logical_end"":""2021-09-02T00:00:00Z"",""logical_start"":""2021-09-01T00:00:00Z"",""query_category"":""monetary_geoeconomic"",""query_string"":""(\""Federal Reserve\"" OR \""interest rate\"" OR \""rate hike\"" OR inflation OR CPI) domain:reuters.com sourcelang:english"",""requested_end"":""20210902000001"",""requested_start"":""20210831235959"",""retrieved_at_utc"":""2026-09-09T08:21:33.592815Z"",""seendate"":""20210901T163000Z"",""socialimage"":""https://s1.reutersmedia.net/resources_v2/images/rcom-default.png"",""sourcecountry"":""United States"",""title"":""Russia jobless rate returns to 2019 levels , wages rise"",""url"":""https://www.reuters.com/article/russia-economy/russias-jobless-rate-returns-to-2019-levels-wages-rise-idUSL1N2Q30RI"",""url_mobile"":""https://mobile.reuters.com/article/amp/idUSL1N2Q30RI""}]"
02cbcc66e0aa0128545f88f0257d0a23345707c9980e604f82d061f9e2f22f59,https://www.reuters.com/article/global-forex/forex-euro-holds-near-one-month-high-after-inflation-jolt-idUSL4N2Q32FV,https://www.reuters.com/article/global-forex/forex-euro-holds-near-one-month-high-after-inflation-jolt-idUSL4N2Q32FV,FOREX - Euro holds near one - month high after inflation jolt,2021-09-01 17:00:00+00:00,2021-09-02 00:00:00+07:00,reuters.com,English,United States,"[""monetary_geoeconomic""]",https://s1.reutersmedia.net/resources_v2/images/rcom-default.png,2026-09-09T08:21:33.592815Z,https://mobile.reuters.com/article/amp/idUSL4N2Q32FV,20210901T170000Z,gdelt_first_seen,"[""https://www.reuters.com/article/global-forex/forex-euro-holds-near-one-month-high-after-inflation-jolt-idUSL4N2Q32FV""]",1,[],"[{""domain"":""reuters.com"",""language"":""English"",""logical_end"":""2021-09-02T00:00:00Z"",""logical_start"":""2021-09-01T00:00:00Z"",""query_category"":""monetary_geoeconomic"",""query_string"":""(\""Federal Reserve\"" OR \""interest rate\"" OR \""rate hike\"" OR inflation OR CPI) domain:reuters.com sourcelang:english"",""requested_end"":""20210902000001"",""requested_start"":""20210831235959"",""retrieved_at_utc"":""2026-09-09T08:21:33.592815Z"",""seendate"":""20210901T170000Z"",""socialimage"":""https://s1.reutersmedia.net/resources_v2/images/rcom-default.png"",""sourcecountry"":""United States"",""title"":""FOREX - Euro holds near one - month high after inflation jolt"",""url"":""https://www.reuters.com/article/global-forex/forex-euro-holds-near-one-month-high-after-inflation-jolt-idUSL4N2Q32FV"",""url_mobile"":""https://mobile.reuters.com/article/amp/idUSL4N2Q32FV""}]"
2d613df51c3e35307f95508d4f3f734027d3d5425c558aa40cd68dbe3b175820,https://www.reuters.com/article/us-afghanistan-conflict-usa-accountabili/everybody-screwed-up-blame-game-begins-over-turbulent-u-s-exit-from-afghanistan-idUSKBN2FX3XK,https://www.reuters.com/article/us-afghanistan-conflict-usa-accountabili/everybody-screwed-up-blame-game-begins-over-turbulent-u-s-exit-from-afghanistan-idUSKBN2FX3XK,Everybody screwed up : Blame game begins over turbulent U . S . exit from Afghanistan,2021-09-01 17:15:00+00:00,2021-09-02 00:15:00+07:00,reuters.com,English,United States,"[""armed_conflict""]",https://static.reuters.com/resources/r/?m=02&d=20210901&t=2&i=1573582255&r=LYNXMPEH8023P,2026-09-09T08:08:23.781656Z,https://mobile.reuters.com/article/amp/idUSKBN2FX3XK,20210901T171500Z,gdelt_first_seen,"[""https://www.reuters.com/article/us-afghanistan-conflict-usa-accountabili/everybody-screwed-up-blame-game-begins-over-turbulent-u-s-exit-from-afghanistan-idUSKBN2FX3XK""]",1,[],"[{""domain"":""reuters.com"",""language"":""English"",""logical_end"":""2021-09-02T00:00:00Z"",""logical_start"":""2021-09-01T00:00:00Z"",""query_category"":""armed_conflict"",""query_string"":""(war OR invasion OR missile OR airstrike OR ceasefire OR military OR conflict) domain:reuters.com sourcelang:english"",""requested_end"":""20210902000001"",""requested_start"":""20210831235959"",""retrieved_at_utc"":""2026-09-09T08:08:23.781656Z"",""seendate"":""20210901T171500Z"",""socialimage"":""https://static.reuters.com/resources/r/?m=02&d=20210901&t=2&i=1573582255&r=LYNXMPEH8023P"",""sourcecountry"":""United States"",""title"":""  Everybody screwed up : Blame game begins over turbulent U . S . exit from Afghanistan"",""url"":""https://www.reuters.com/article/us-afghanistan-conflict-usa-accountabili/everybody-screwed-up-blame-game-begins-over-turbulent-u-s-exit-from-afghanistan-idUSKBN2FX3XK"",""url_mobile"":""https://mobile.reuters.com/article/amp/idUSKBN2FX3XK""}]"
ebed2fb54ec523860f67356b20f014782f7c0900629de153b33914796ee64daa,https://www.reuters.com/article/us-afghanistan-conflict/taliban-confront-afghan-economy-in-turmoil-humanitarian-crisis-idUSKBN2FX2TS,https://www.reuters.com/article/us-afghanistan-conflict/taliban-confront-afghan-economy-in-turmoil-humanitarian-crisis-idUSKBN2FX2TS,"Taliban confront Afghan economy in turmoil , humanitarian crisis",2021-09-01 17:15:00+00:00,2021-09-02 00:15:00+07:00,reuters.com,English,United States,"[""armed_conflict"",""monetary_geoeconomic""]",https://static.reuters.com/resources/r/?m=02&d=20210901&t=2&i=1573571033&r=LYNXMPEH801YZ,2026-09-09T08:08:23.781656Z,https://mobile.reuters.com/article/amp/idUSKBN2FX2TC,20210901T171500Z,gdelt_first_seen,"[""https://www.reuters.com/article/us-afghanistan-conflict/taliban-confront-afghan-economy-in-turmoil-humanitarian-crisis-idUSKBN2FX2TS""]",2,[],"[{""domain"":""reuters.com"",""language"":""English"",""logical_end"":""2021-09-02T00:00:00Z"",""logical_start"":""2021-09-01T00:00:00Z"",""query_category"":""armed_conflict"",""query_string"":""(war OR invasion OR missile OR airstrike OR ceasefire OR military OR conflict) domain:reuters.com sourcelang:english"",""requested_end"":""20210902000001"",""requested_start"":""20210831235959"",""retrieved_at_utc"":""2026-09-09T08:08:23.781656Z"",""seendate"":""20210901T171500Z"",""socialimage"":""https://static.reuters.com/resources/r/?m=02&d=20210901&t=2&i=1573571033&r=LYNXMPEH801YZ"",""sourcecountry"":""United States"",""title"":""Taliban confront Afghan economy in turmoil , humanitarian crisis"",""url"":""https://www.reuters.com/article/us-afghanistan-conflict/taliban-confront-afghan-economy-in-turmoil-humanitarian-crisis-idUSKBN2FX2TS"",""url_mobile"":""https://mobile.reuters.com/article/amp/idUSKBN2FX2TC""},{""domain"":""reuters.com"",""language"":""English"",""logical_end"":""2021-09-02T00:00:00Z"",""logical_start"":""2021-09-01T00:00:00Z"",""query_category"":""monetary_geoeconomic"",""query_string"":""(\""Federal Reserve\"" OR \""interest rate\"" OR \""rate hike\"" OR inflation OR CPI) domain:reuters.com sourcelang:english"",""requested_end"":""20210902000001"",""requested_start"":""20210831235959"",""retrieved_at_utc"":""2026-09-09T08:21:33.592815Z"",""seendate"":""20210901T171500Z"",""socialimage"":""https://static.reuters.com/resources/r/?m=02&d=20210901&t=2&i=1573571033&r=LYNXMPEH801YZ"",""sourcecountry"":""United States"",""title"":""Taliban confront Afghan economy in turmoil , humanitarian crisis"",""url"":""https://www.reuters.com/article/us-afghanistan-conflict/taliban-confront-afghan-economy-in-turmoil-humanitarian-crisis-idUSKBN2FX2TS"",""url_mobile"":""https://mobile.reuters.com/article/amp/idUSKBN2FX2TC""}]"
21a3bc81ef9344337bed842b0814db3bbe6cc52fed00c9ee1cab523b41c09698,https://www.reuters.com/article/us-congo-security/scores-feared-missing-after-ambush-in-eastern-congo-idUSKBN2FX3QK,https://www.reuters.com/article/us-congo-security/scores-feared-missing-after-ambush-in-eastern-congo-idUSKBN2FX3QK,Scores feared missing after ambush in eastern Congo,2021-09-01 17:15:00+00:00,2021-09-02 00:15:00+07:00,reuters.com,English,United States,"[""armed_conflict""]",https://s1.reutersmedia.net/resources_v2/images/rcom-default.png,2026-09-09T08:08:23.781656Z,https://mobile.reuters.com/article/amp/idUSKBN2FX3QK,20210901T171500Z,gdelt_first_seen,"[""https://www.reuters.com/article/us-congo-security/scores-feared-missing-after-ambush-in-eastern-congo-idUSKBN2FX3QK""]",1,[],"[{""domain"":""reuters.com"",""language"":""English"",""logical_end"":""2021-09-02T00:00:00Z"",""logical_start"":""2021-09-01T00:00:00Z"",""query_category"":""armed_conflict"",""query_string"":""(war OR invasion OR missile OR airstrike OR ceasefire OR military OR conflict) domain:reuters.com sourcelang:english"",""requested_end"":""20210902000001"",""requested_start"":""20210831235959"",""retrieved_at_utc"":""2026-09-09T08:08:23.781656Z"",""seendate"":""20210901T171500Z"",""socialimage"":""https://s1.reutersmedia.net/resources_v2/images/rcom-default.png"",""sourcecountry"":""United States"",""title"":""Scores feared missing after ambush in eastern Congo"",""url"":""https://www.reuters.com/article/us-congo-security/scores-feared-missing-after-ambush-in-eastern-congo-idUSKBN2FX3QK"",""url_mobile"":""https://mobile.reuters.com/article/amp/idUSKBN2FX3QK""}]"
b4a8d3aa24368228d7627c1565ff170849d9c6fa88878b232ba8b7548f9e0a07,https://www.reuters.com/article/us-health-coronavirus-cuba-vaccines/cuba-prepares-to-vaccinate-its-children-entire-population-idUSKBN2FX3RY,https://www.reuters.com/article/us-health-coronavirus-cuba-vaccines/cuba-prepares-to-vaccinate-its-children-entire-population-idUSKBN2FX3RY,"Cuba prepares to vaccinate its children , entire population",2021-09-01 17:15:00+00:00,2021-09-02 00:15:00+07:00,reuters.com,English,United States,"[""sanctions""]",https://static.reuters.com/resources/r/?m=02&d=20210901&t=2&i=1573576433&r=LYNXMPEH8021B,2026-09-09T08:10:28.322759Z,https://mobile.reuters.com/article/amp/idUSKBN2FX3RY,20210901T171500Z,gdelt_first_seen,"[""https://www.reuters.com/article/us-health-coronavirus-cuba-vaccines/cuba-prepares-to-vaccinate-its-children-entire-population-idUSKBN2FX3RY""]",1,[],"[{""domain"":""reuters.com"",""language"":""English"",""logical_end"":""2021-09-02T00:00:00Z"",""logical_start"":""2021-09-01T00:00:00Z"",""query_category"":""sanctions"",""query_string"":""(sanction OR sanctions OR embargo OR \""asset freeze\"" OR \""export restriction\"") domain:reuters.com sourcelang:english"",""requested_end"":""20210902000001"",""requested_start"":""20210831235959"",""retrieved_at_utc"":""2026-09-09T08:10:28.322759Z"",""seendate"":""20210901T171500Z"",""socialimage"":""https://static.reuters.com/resources/r/?m=02&d=20210901&t=2&i=1573576433&r=LYNXMPEH8021B"",""sourcecountry"":""United States"",""title"":""Cuba prepares to vaccinate its children , entire population"",""url"":""https://www.reuters.com/article/us-health-coronavirus-cuba-vaccines/cuba-prepares-to-vaccinate-its-children-entire-population-idUSKBN2FX3RY"",""url_mobile"":""https://mobile.reuters.com/article/amp/idUSKBN2FX3RY""}]"
e96ac117e9e20f1adbeedec145e7da8c3bc61b83adb23478fc411e723a963349,https://www.reuters.com/article/us-lebanon-crisis/lebanon-in-free-fall-must-not-become-horror-story-u-s-senator-warns-idUSKBN2FX3V2,https://www.reuters.com/article/us-lebanon-crisis/lebanon-in-free-fall-must-not-become-horror-story-u-s-senator-warns-idUSKBN2FX3V2,"Lebanon in free fall , must not become horror story , U . S . senator warns",2021-09-01 17:15:00+00:00,2021-09-02 00:15:00+07:00,reuters.com,English,United States,"[""armed_conflict"",""sanctions""]",https://static.reuters.com/resources/r/?m=02&d=20210901&t=2&i=1573580049&r=LYNXMPEH8022R,2026-09-09T08:08:23.781656Z,https://mobile.reuters.com/article/amp/idUSKBN2FX3VI,20210901T171500Z,gdelt_first_seen,"[""https://www.reuters.com/article/us-lebanon-crisis/lebanon-in-free-fall-must-not-become-horror-story-u-s-senator-warns-idUSKBN2FX3V2""]",2,[],"[{""domain"":""reuters.com"",""language"":""English"",""logical_end"":""2021-09-02T00:00:00Z"",""logical_start"":""2021-09-01T00:00:00Z"",""query_category"":""armed_conflict"",""query_string"":""(war OR invasion OR missile OR airstrike OR ceasefire OR military OR conflict) domain:reuters.com sourcelang:english"",""requested_end"":""20210902000001"",""requested_start"":""20210831235959"",""retrieved_at_utc"":""2026-09-09T08:08:23.781656Z"",""seendate"":""20210901T171500Z"",""socialimage"":""https://static.reuters.com/resources/r/?m=02&d=20210901&t=2&i=1573580049&r=LYNXMPEH8022R"",""sourcecountry"":""United States"",""title"":""Lebanon in free fall , must not become  horror story , U . S . senator warns"",""url"":""https://www.reuters.com/article/us-lebanon-crisis/lebanon-in-free-fall-must-not-become-horror-story-u-s-senator-warns-idUSKBN2FX3V2"",""url_mobile"":""https://mobile.reuters.com/article/amp/idUSKBN2FX3VI""},{""domain"":""reuters.com"",""language"":""English"",""logical_end"":""2021-09-02T00:00:00Z"",""logical_start"":""2021-09-01T00:00:00Z"",""query_category"":""sanctions"",""query_string"":""(sanction OR sanctions OR embargo OR \""asset freeze\"" OR \""export restriction\"") domain:reuters.com sourcelang:english"",""requested_end"":""20210902000001"",""requested_start"":""20210831235959"",""retrieved_at_utc"":""2026-09-09T08:10:28.322759Z"",""seendate"":""20210901T171500Z"",""socialimage"":""https://static.reuters.com/resources/r/?m=02&d=20210901&t=2&i=1573580049&r=LYNXMPEH8022R"",""sourcecountry"":""United States"",""title"":""Lebanon in free fall , must not become  horror story , U . S . senator warns"",""url"":""https://www.reuters.com/article/us-lebanon-crisis/lebanon-in-free-fall-must-not-become-horror-story-u-s-senator-warns-idUSKBN2FX3V2"",""url_mobile"":""https://mobile.reuters.com/article/amp/idUSKBN2FX3VI""}]"
127df0da0bcf2494b34dc125d7e53ac538d6cc6696b007191fbfc579da5a1d64,https://www.reuters.com/article/ousivMolt/idUSKBN2FX32C,https://www.reuters.com/article/ousivMolt/idUSKBN2FX32C,"U . S . childcare in short supply as burned - out workers quit , new hires hard to find",2021-09-01 17:30:00+00:00,2021-09-02 00:30:00+07:00,reuters.com,English,United States,"[""monetary_geoeconomic""]",https://static.reuters.com/resources/r/?m=02&d=20210901&t=2&i=1573557264&r=LYNXMPEH801MV,2026-09-09T08:21:33.592815Z,https://mobile.reuters.com/article/amp/idUSKBN2FX32C,20210901T173000Z,gdelt_first_seen,"[""https://www.reuters.com/article/ousivMolt/idUSKBN2FX32C""]",1,[],"[{""domain"":""reuters.com"",""language"":""English"",""logical_end"":""2021-09-02T00:00:00Z"",""logical_start"":""2021-09-01T00:00:00Z"",""query_category"":""monetary_geoeconomic"",""query_string"":""(\""Federal Reserve\"" OR \""interest rate\"" OR \""rate hike\"" OR inflation OR CPI) domain:reuters.com sourcelang:english"",""requested_end"":""20210902000001"",""requested_start"":""20210831235959"",""retrieved_at_utc"":""2026-09-09T08:21:33.592815Z"",""seendate"":""20210901T173000Z"",""socialimage"":""https://static.reuters.com/resources/r/?m=02&d=20210901&t=2&i=1573557264&r=LYNXMPEH801MV"",""sourcecountry"":""United States"",""title"":""U . S . childcare in short supply as burned - out workers quit , new hires hard to find"",""url"":""https://www.reuters.com/article/ousivMolt/idUSKBN2FX32C"",""url_mobile"":""https://mobile.reuters.com/article/amp/idUSKBN2FX32C""}]"
149bc1a1a25a8b9fdb20fc96a522e797fc94a2e67ee3855a93b575f34466dba6,https://www.reuters.com/article/topNews/idUSKBN2FX39I,https://www.reuters.com/article/topNews/idUSKBN2FX39I,Tech stocks power Nasdaq to record high ; PVH Corp surges,2021-09-01 17:30:00+00:00,2021-09-02 00:30:00+07:00,reuters.com,English,United States,"[""monetary_geoeconomic""]",https://static.reuters.com/resources/r/?m=02&d=20210901&t=2&i=1573571204&r=LYNXMPEH801ZI,2026-09-09T08:21:33.592815Z,https://mobile.reuters.com/article/amp/idUSKBN2FX39I,20210901T173000Z,gdelt_first_seen,"[""https://www.reuters.com/article/topNews/idUSKBN2FX39I""]",1,[],"[{""domain"":""reuters.com"",""language"":""English"",""logical_end"":""2021-09-02T00:00:00Z"",""logical_start"":""2021-09-01T00:00:00Z"",""query_category"":""monetary_geoeconomic"",""query_string"":""(\""Federal Reserve\"" OR \""interest rate\"" OR \""rate hike\"" OR inflation OR CPI) domain:reuters.com sourcelang:english"",""requested_end"":""20210902000001"",""requested_start"":""20210831235959"",""retrieved_at_utc"":""2026-09-09T08:21:33.592815Z"",""seendate"":""20210901T173000Z"",""socialimage"":""https://static.reuters.com/resources/r/?m=02&d=20210901&t=2&i=1573571204&r=LYNXMPEH801ZI"",""sourcecountry"":""United States"",""title"":""Tech stocks power Nasdaq to record high ; PVH Corp surges"",""url"":""https://www.reuters.com/article/topNews/idUSKBN2FX39I"",""url_mobile"":""https://mobile.reuters.com/article/amp/idUSKBN2FX39I""}]"
8d6371dc61523afe68e88868b87563aaeb61456a409aaf1510c02040e7d022dd,https://www.reuters.com/article/topNews/idUSKBN2FX3XK,https://www.reuters.com/article/topNews/idUSKBN2FX3XK,Everybody screwed up : Blame game begins over turbulent U . S . exit from Afghanistan,2021-09-01 17:30:00+00:00,2021-09-02 00:30:00+07:00,reuters.com,English,United States,"[""armed_conflict""]",https://static.reuters.com/resources/r/?m=02&d=20210901&t=2&i=1573582255&r=LYNXMPEH8023P,2026-09-09T08:08:23.781656Z,https://mobile.reuters.com/article/amp/idUSKBN2FX3XK,20210901T173000Z,gdelt_first_seen,"[""https://www.reuters.com/article/topNews/idUSKBN2FX3XK""]",1,[],"[{""domain"":""reuters.com"",""language"":""English"",""logical_end"":""2021-09-02T00:00:00Z"",""logical_start"":""2021-09-01T00:00:00Z"",""query_category"":""armed_conflict"",""query_string"":""(war OR invasion OR missile OR airstrike OR ceasefire OR military OR conflict) domain:reuters.com sourcelang:english"",""requested_end"":""20210902000001"",""requested_start"":""20210831235959"",""retrieved_at_utc"":""2026-09-09T08:08:23.781656Z"",""seendate"":""20210901T173000Z"",""socialimage"":""https://static.reuters.com/resources/r/?m=02&d=20210901&t=2&i=1573582255&r=LYNXMPEH8023P"",""sourcecountry"":""United States"",""title"":""  Everybody screwed up : Blame game begins over turbulent U . S . exit from Afghanistan"",""url"":""https://www.reuters.com/article/topNews/idUSKBN2FX3XK"",""url_mobile"":""https://mobile.reuters.com/article/amp/idUSKBN2FX3XK""}]"
3c6c0fe82adab54d32977730de438474067d0935cb6eb264c4710efd3a1a0970,https://www.reuters.com/article/russia-cpi/update-1-russian-inflation-hits-fresh-five-year-high-ahead-of-central-bank-meeting-idUSL1N2Q31SE,https://www.reuters.com/article/russia-cpi/update-1-russian-inflation-hits-fresh-five-year-high-ahead-of-central-bank-meeting-idUSL1N2Q31SE,UPDATE 1 - Russian inflation hits fresh five - year high ahead of central bank meeting,2021-09-01 18:15:00+00:00,2021-09-02 01:15:00+07:00,reuters.com,English,United States,"[""monetary_geoeconomic""]",https://s1.reutersmedia.net/resources_v2/images/rcom-default.png,2026-09-09T08:21:33.592815Z,https://mobile.reuters.com/article/amp/idUSL1N2Q31SE,20210901T181500Z,gdelt_first_seen,"[""https://www.reuters.com/article/russia-cpi/update-1-russian-inflation-hits-fresh-five-year-high-ahead-of-central-bank-meeting-idUSL1N2Q31SE""]",1,[],"[{""domain"":""reuters.com"",""language"":""English"",""logical_end"":""2021-09-02T00:00:00Z"",""logical_start"":""2021-09-01T00:00:00Z"",""query_category"":""monetary_geoeconomic"",""query_string"":""(\""Federal Reserve\"" OR \""interest rate\"" OR \""rate hike\"" OR inflation OR CPI) domain:reuters.com sourcelang:english"",""requested_end"":""20210902000001"",""requested_start"":""20210831235959"",""retrieved_at_utc"":""2026-09-09T08:21:33.592815Z"",""seendate"":""20210901T181500Z"",""socialimage"":""https://s1.reutersmedia.net/resources_v2/images/rcom-default.png"",""sourcecountry"":""United States"",""title"":""UPDATE 1 - Russian inflation hits fresh five - year high ahead of central bank meeting"",""url"":""https://www.reuters.com/article/russia-cpi/update-1-russian-inflation-hits-fresh-five-year-high-ahead-of-central-bank-meeting-idUSL1N2Q31SE"",""url_mobile"":""https://mobile.reuters.com/article/amp/idUSL1N2Q31SE""}]"
1bdb966d6adb99f4f651707206b3c4ef37d752ead51dd98f50d7ac538d317421,https://www.reuters.com/article/global-precious/precious-gold-see-saws-in-tight-range-as-focus-stays-on-u-s-labour-data-idUSL4N2Q32ZN,https://www.reuters.com/article/global-precious/precious-gold-see-saws-in-tight-range-as-focus-stays-on-u-s-labour-data-idUSL4N2Q32ZN,Gold see - saws in tight range as focus stays on U . S . labour data,2021-09-01 18:30:00+00:00,2021-09-02 01:30:00+07:00,reuters.com,English,United States,"[""monetary_geoeconomic""]",https://static.reuters.com/resources/r/?m=02&d=20210901&t=2&i=1573528497&r=LYNXMPEH801E9,2026-09-09T08:21:33.592815Z,https://mobile.reuters.com/article/amp/idUSKBN2FX2OU,20210901T183000Z,gdelt_first_seen,"[""https://www.reuters.com/article/global-precious/precious-gold-see-saws-in-tight-range-as-focus-stays-on-u-s-labour-data-idUSL4N2Q32ZN""]",1,[],"[{""domain"":""reuters.com"",""language"":""English"",""logical_end"":""2021-09-02T00:00:00Z"",""logical_start"":""2021-09-01T00:00:00Z"",""query_category"":""monetary_geoeconomic"",""query_string"":""(\""Federal Reserve\"" OR \""interest rate\"" OR \""rate hike\"" OR inflation OR CPI) domain:reuters.com sourcelang:english"",""requested_end"":""20210902000001"",""requested_start"":""20210831235959"",""retrieved_at_utc"":""2026-09-09T08:21:33.592815Z"",""seendate"":""20210901T183000Z"",""socialimage"":""https://static.reuters.com/resources/r/?m=02&d=20210901&t=2&i=1573528497&r=LYNXMPEH801E9"",""sourcecountry"":""United States"",""title"":""Gold see - saws in tight range as focus stays on U . S . labour data"",""url"":""https://www.reuters.com/article/global-precious/precious-gold-see-saws-in-tight-range-as-focus-stays-on-u-s-labour-data-idUSL4N2Q32ZN"",""url_mobile"":""https://mobile.reuters.com/article/amp/idUSKBN2FX2OU""}]"
64bb47ca0b42ec600435b3d33642d4aa88cec5f4ae35501452815df4c3069b65,https://www.reuters.com/world/middle-east/kuwait-oil-minister-says-opec-keen-providing-markets-with-enough-supplies-kuna-2021-09-01/,https://www.reuters.com/world/middle-east/kuwait-oil-minister-says-opec-keen-providing-markets-with-enough-supplies-kuna-2021-09-01/,Kuwait oil minister says OPEC+ keen on providing markets with enough supplies - KUNA,2021-09-01 19:00:00+00:00,2021-09-02 02:00:00+07:00,reuters.com,English,United States,"[""energy_geopolitics""]",https://www.reuters.com/resizer/d6a_gyALM285esx582HOcvSOAJ0=/1200x628/smart/filters:quality(80)/cloudfront-us-east-2.images.arcpublishing.com/reuters/V5GVT6ZU55KLRAHGBH4QISIKHM.jpg,2026-09-09T08:16:13.990578Z,,20210901T190000Z,gdelt_first_seen,"[""https://www.reuters.com/world/middle-east/kuwait-oil-minister-says-opec-keen-providing-markets-with-enough-supplies-kuna-2021-09-01/""]",1,[],"[{""domain"":""reuters.com"",""language"":""English"",""logical_end"":""2021-09-02T00:00:00Z"",""logical_start"":""2021-09-01T00:00:00Z"",""query_category"":""energy_geopolitics"",""query_string"":""(OPEC OR \""oil embargo\"" OR \""oil supply\"" OR \""energy crisis\"" OR \""natural gas\"") domain:reuters.com sourcelang:english"",""requested_end"":""20210902000001"",""requested_start"":""20210831235959"",""retrieved_at_utc"":""2026-09-09T08:16:13.990578Z"",""seendate"":""20210901T190000Z"",""socialimage"":""https://www.reuters.com/resizer/d6a_gyALM285esx582HOcvSOAJ0=/1200x628/smart/filters:quality(80)/cloudfront-us-east-2.images.arcpublishing.com/reuters/V5GVT6ZU55KLRAHGBH4QISIKHM.jpg"",""sourcecountry"":""United States"",""title"":""Kuwait oil minister says OPEC+ keen on providing markets with enough supplies - KUNA"",""url"":""https://www.reuters.com/world/middle-east/kuwait-oil-minister-says-opec-keen-providing-markets-with-enough-supplies-kuna-2021-09-01/"",""url_mobile"":""""}]"
d0832c5c5d6391826828330a501d6f91f08df78c2405645642c664dcdf58c3d4,https://www.reuters.com/article/russia-cpi-annual/russias-annual-inflation-accelerates-to-6-79-economy-ministry-idUSR4N2PK02B,https://www.reuters.com/article/russia-cpi-annual/russias-annual-inflation-accelerates-to-6-79-economy-ministry-idUSR4N2PK02B,Russia annual inflation accelerates to 6 . 79 % - economy ministry,2021-09-01 19:15:00+00:00,2021-09-02 02:15:00+07:00,reuters.com,English,United States,"[""monetary_geoeconomic""]",https://s1.reutersmedia.net/resources_v2/images/rcom-default.png,2026-09-09T08:21:33.592815Z,https://mobile.reuters.com/article/amp/idUSR4N2PK02B,20210901T191500Z,gdelt_first_seen,"[""https://www.reuters.com/article/russia-cpi-annual/russias-annual-inflation-accelerates-to-6-79-economy-ministry-idUSR4N2PK02B""]",1,[],"[{""domain"":""reuters.com"",""language"":""English"",""logical_end"":""2021-09-02T00:00:00Z"",""logical_start"":""2021-09-01T00:00:00Z"",""query_category"":""monetary_geoeconomic"",""query_string"":""(\""Federal Reserve\"" OR \""interest rate\"" OR \""rate hike\"" OR inflation OR CPI) domain:reuters.com sourcelang:english"",""requested_end"":""20210902000001"",""requested_start"":""20210831235959"",""retrieved_at_utc"":""2026-09-09T08:21:33.592815Z"",""seendate"":""20210901T191500Z"",""socialimage"":""https://s1.reutersmedia.net/resources_v2/images/rcom-default.png"",""sourcecountry"":""United States"",""title"":""Russia annual inflation accelerates to 6 . 79 % - economy ministry"",""url"":""https://www.reuters.com/article/russia-cpi-annual/russias-annual-inflation-accelerates-to-6-79-economy-ministry-idUSR4N2PK02B"",""url_mobile"":""https://mobile.reuters.com/article/amp/idUSR4N2PK02B""}]"
55d7fa94e54030b473b2ecd7571b04e420ce8a8566e0d95b2a96eb88cc4caafa,https://www.reuters.com/world/middle-east/iran-determined-increase-its-oil-exports-despite-us-sanctions-oil-minister-2021-09-01/,https://www.reuters.com/world/middle-east/iran-determined-increase-its-oil-exports-despite-us-sanctions-oil-minister-2021-09-01/,Iran determined to increase its oil exports despite U . S . sanctions - oil minister,2021-09-01 19:15:00+00:00,2021-09-02 02:15:00+07:00,reuters.com,English,United States,"[""sanctions""]",https://www.reuters.com/resizer/ZugFAjtK1TzIR-HO1iQGKhiBKU4=/1200x628/smart/filters:quality(80)/cloudfront-us-east-2.images.arcpublishing.com/reuters/KJW7HFM5HRNZHBHPKV3HLPSOHE.jpg,2026-09-09T08:10:28.322759Z,,20210901T191500Z,gdelt_first_seen,"[""https://www.reuters.com/world/middle-east/iran-determined-increase-its-oil-exports-despite-us-sanctions-oil-minister-2021-09-01/""]",1,[],"[{""domain"":""reuters.com"",""language"":""English"",""logical_end"":""2021-09-02T00:00:00Z"",""logical_start"":""2021-09-01T00:00:00Z"",""query_category"":""sanctions"",""query_string"":""(sanction OR sanctions OR embargo OR \""asset freeze\"" OR \""export restriction\"") domain:reuters.com sourcelang:english"",""requested_end"":""20210902000001"",""requested_start"":""20210831235959"",""retrieved_at_utc"":""2026-09-09T08:10:28.322759Z"",""seendate"":""20210901T191500Z"",""socialimage"":""https://www.reuters.com/resizer/ZugFAjtK1TzIR-HO1iQGKhiBKU4=/1200x628/smart/filters:quality(80)/cloudfront-us-east-2.images.arcpublishing.com/reuters/KJW7HFM5HRNZHBHPKV3HLPSOHE.jpg"",""sourcecountry"":""United States"",""title"":""Iran determined to increase its oil exports despite U . S . sanctions - oil minister"",""url"":""https://www.reuters.com/world/middle-east/iran-determined-increase-its-oil-exports-despite-us-sanctions-oil-minister-2021-09-01/"",""url_mobile"":""""}]"
002e17ebd479c059c5ec9b1e1cdd83771f923b937c80ca6dceffcf2ea2d999cd,https://www.reuters.com/business/finance/us-consumer-watchdog-proposes-small-business-lending-data-rules-2021-09-01/,https://www.reuters.com/business/finance/us-consumer-watchdog-proposes-small-business-lending-data-rules-2021-09-01/,U . S . consumer watchdog proposes small business lending data rules,2021-09-01 19:45:00+00:00,2021-09-02 02:45:00+07:00,reuters.com,English,United States,"[""monetary_geoeconomic""]",https://www.reuters.com/resizer/4X3AuVYNWXIGJylC5ZW3ZWylKQ4=/1200x628/smart/filters:quality(80)/cloudfront-us-east-2.images.arcpublishing.com/reuters/2L7CNRQJIFI75A6HMWQVESL5YE.jpg,2026-09-09T08:21:33.592815Z,,20210901T194500Z,gdelt_first_seen,"[""https://www.reuters.com/business/finance/us-consumer-watchdog-proposes-small-business-lending-data-rules-2021-09-01/""]",1,[],"[{""domain"":""reuters.com"",""language"":""English"",""logical_end"":""2021-09-02T00:00:00Z"",""logical_start"":""2021-09-01T00:00:00Z"",""query_category"":""monetary_geoeconomic"",""query_string"":""(\""Federal Reserve\"" OR \""interest rate\"" OR \""rate hike\"" OR inflation OR CPI) domain:reuters.com sourcelang:english"",""requested_end"":""20210902000001"",""requested_start"":""20210831235959"",""retrieved_at_utc"":""2026-09-09T08:21:33.592815Z"",""seendate"":""20210901T194500Z"",""socialimage"":""https://www.reuters.com/resizer/4X3AuVYNWXIGJylC5ZW3ZWylKQ4=/1200x628/smart/filters:quality(80)/cloudfront-us-east-2.images.arcpublishing.com/reuters/2L7CNRQJIFI75A6HMWQVESL5YE.jpg"",""sourcecountry"":""United States"",""title"":""U . S . consumer watchdog proposes small business lending data rules"",""url"":""https://www.reuters.com/business/finance/us-consumer-watchdog-proposes-small-business-lending-data-rules-2021-09-01/"",""url_mobile"":""""}]"
ab7b959f3651396b2d4d14d9d154e12f872d217d2978fd3f4c946e305f73b7e8,https://www.reuters.com/business/finance/wells-fargos-long-road-repair-extends-with-prospect-more-penalties-2021-09-01/,https://www.reuters.com/business/finance/wells-fargos-long-road-repair-extends-with-prospect-more-penalties-2021-09-01/,Analysis : Wells Fargo long road to repair extends with prospect of more penalties,2021-09-01 19:45:00+00:00,2021-09-02 02:45:00+07:00,reuters.com,English,United States,"[""monetary_geoeconomic"",""sanctions""]",https://www.reuters.com/resizer/F3P4BPhEyFue19q8LNwjLbtRdtQ=/1200x628/smart/filters:quality(80)/cloudfront-us-east-2.images.arcpublishing.com/reuters/RUXSZ5HVB5N7JICMUNGC5NNIEU.jpg,2026-09-09T08:21:33.592815Z,,20210901T194500Z,gdelt_first_seen,"[""https://www.reuters.com/business/finance/wells-fargos-long-road-repair-extends-with-prospect-more-penalties-2021-09-01/""]",2,[],"[{""domain"":""reuters.com"",""language"":""English"",""logical_end"":""2021-09-02T00:00:00Z"",""logical_start"":""2021-09-01T00:00:00Z"",""query_category"":""monetary_geoeconomic"",""query_string"":""(\""Federal Reserve\"" OR \""interest rate\"" OR \""rate hike\"" OR inflation OR CPI) domain:reuters.com sourcelang:english"",""requested_end"":""20210902000001"",""requested_start"":""20210831235959"",""retrieved_at_utc"":""2026-09-09T08:21:33.592815Z"",""seendate"":""20210901T194500Z"",""socialimage"":""https://www.reuters.com/resizer/F3P4BPhEyFue19q8LNwjLbtRdtQ=/1200x628/smart/filters:quality(80)/cloudfront-us-east-2.images.arcpublishing.com/reuters/RUXSZ5HVB5N7JICMUNGC5NNIEU.jpg"",""sourcecountry"":""United States"",""title"":""Analysis : Wells Fargo long road to repair extends with prospect of more penalties"",""url"":""https://www.reuters.com/business/finance/wells-fargos-long-road-repair-extends-with-prospect-more-penalties-2021-09-01/"",""url_mobile"":""""},{""domain"":""reuters.com"",""language"":""English"",""logical_end"":""2021-09-02T00:00:00Z"",""logical_start"":""2021-09-01T00:00:00Z"",""query_category"":""sanctions"",""query_string"":""(sanction OR sanctions OR embargo OR \""asset freeze\"" OR \""export restriction\"") domain:reuters.com sourcelang:english"",""requested_end"":""20210902000001"",""requested_start"":""20210831235959"",""retrieved_at_utc"":""2026-09-09T08:10:28.322759Z"",""seendate"":""20210901T194500Z"",""socialimage"":""https://www.reuters.com/resizer/F3P4BPhEyFue19q8LNwjLbtRdtQ=/1200x628/smart/filters:quality(80)/cloudfront-us-east-2.images.arcpublishing.com/reuters/RUXSZ5HVB5N7JICMUNGC5NNIEU.jpg"",""sourcecountry"":""United States"",""title"":""Analysis : Wells Fargo long road to repair extends with prospect of more penalties"",""url"":""https://www.reuters.com/business/finance/wells-fargos-long-road-repair-extends-with-prospect-more-penalties-2021-09-01/"",""url_mobile"":""""}]"
214f918b59c2172362bcde6f8a482a3ed8adfc02af824da66720b0d5027dfc71,https://www.reuters.com/lifestyle/almodovar-opens-venice-film-fest-with-tribute-those-who-disappeared-under-franco-2021-09-01/,https://www.reuters.com/lifestyle/almodovar-opens-venice-film-fest-with-tribute-those-who-disappeared-under-franco-2021-09-01/,Almodovar opens Venice film fest with tribute to those who disappeared under Franco,2021-09-01 19:45:00+00:00,2021-09-02 02:45:00+07:00,reuters.com,English,United States,"[""armed_conflict""]",https://www.reuters.com/resizer/ITEJ3InzNh2mLMxX5V8VzuzrjEw=/1200x628/smart/filters:quality(80)/cloudfront-us-east-2.images.arcpublishing.com/reuters/K6MAOBPB3VM2TN2RWKFHONKO7M.jpg,2026-09-09T08:08:23.781656Z,,20210901T194500Z,gdelt_first_seen,"[""https://www.reuters.com/lifestyle/almodovar-opens-venice-film-fest-with-tribute-those-who-disappeared-under-franco-2021-09-01/""]",1,[],"[{""domain"":""reuters.com"",""language"":""English"",""logical_end"":""2021-09-02T00:00:00Z"",""logical_start"":""2021-09-01T00:00:00Z"",""query_category"":""armed_conflict"",""query_string"":""(war OR invasion OR missile OR airstrike OR ceasefire OR military OR conflict) domain:reuters.com sourcelang:english"",""requested_end"":""20210902000001"",""requested_start"":""20210831235959"",""retrieved_at_utc"":""2026-09-09T08:08:23.781656Z"",""seendate"":""20210901T194500Z"",""socialimage"":""https://www.reuters.com/resizer/ITEJ3InzNh2mLMxX5V8VzuzrjEw=/1200x628/smart/filters:quality(80)/cloudfront-us-east-2.images.arcpublishing.com/reuters/K6MAOBPB3VM2TN2RWKFHONKO7M.jpg"",""sourcecountry"":""United States"",""title"":""Almodovar opens Venice film fest with tribute to those who disappeared under Franco"",""url"":""https://www.reuters.com/lifestyle/almodovar-opens-venice-film-fest-with-tribute-those-who-disappeared-under-franco-2021-09-01/"",""url_mobile"":""""}]"
79298552e09f09687b9bca5165a60ec97dde77117966e87d0f94edd385cbcb97,https://www.reuters.com/world/us/biden-administration-working-accommodate-50000-afghans-military-bases-2021-09-01/,https://www.reuters.com/world/us/biden-administration-working-accommodate-50000-afghans-military-bases-2021-09-01/,"Biden administration working to accommodate 50 , 000 Afghans on military bases",2021-09-01 19:45:00+00:00,2021-09-02 02:45:00+07:00,reuters.com,English,United States,"[""armed_conflict""]",https://www.reuters.com/resizer/s55rcU8C0DfXmiHtxD0WbdI2wSo=/1200x628/smart/filters:quality(80)/cloudfront-us-east-2.images.arcpublishing.com/reuters/G3PRPTA2BNLFJIEG4SADEF25BE.jpg,2026-09-09T08:08:23.781656Z,,20210901T194500Z,gdelt_first_seen,"[""https://www.reuters.com/world/us/biden-administration-working-accommodate-50000-afghans-military-bases-2021-09-01/""]",1,[],"[{""domain"":""reuters.com"",""language"":""English"",""logical_end"":""2021-09-02T00:00:00Z"",""logical_start"":""2021-09-01T00:00:00Z"",""query_category"":""armed_conflict"",""query_string"":""(war OR invasion OR missile OR airstrike OR ceasefire OR military OR conflict) domain:reuters.com sourcelang:english"",""requested_end"":""20210902000001"",""requested_start"":""20210831235959"",""retrieved_at_utc"":""2026-09-09T08:08:23.781656Z"",""seendate"":""20210901T194500Z"",""socialimage"":""https://www.reuters.com/resizer/s55rcU8C0DfXmiHtxD0WbdI2wSo=/1200x628/smart/filters:quality(80)/cloudfront-us-east-2.images.arcpublishing.com/reuters/G3PRPTA2BNLFJIEG4SADEF25BE.jpg"",""sourcecountry"":""United States"",""title"":""Biden administration working to accommodate 50 , 000 Afghans on military bases"",""url"":""https://www.reuters.com/world/us/biden-administration-working-accommodate-50000-afghans-military-bases-2021-09-01/"",""url_mobile"":""""}]"
0783cd5b328d28c63aaea3f78adf8e13cced6fcc56b4cb517ecec6c78b6af03c,https://www.reuters.com/world/us/us-offshore-oil-output-inches-back-infrastructure-woes-slow-recovery-2021-09-01/,https://www.reuters.com/world/us/us-offshore-oil-output-inches-back-infrastructure-woes-slow-recovery-2021-09-01/,U . S . offshore oil output inches back as infrastructure woes slow recovery,2021-09-01 19:45:00+00:00,2021-09-02 02:45:00+07:00,reuters.com,English,United States,"[""energy_geopolitics""]",https://www.reuters.com/resizer/bGAyT9JDBfHAhIwR4lFfdFi6z_w=/1200x628/smart/filters:quality(80)/cloudfront-us-east-2.images.arcpublishing.com/reuters/4RO555XXFNO37COC7EXJX7QGUE.jpg,2026-09-09T08:16:13.990578Z,,20210901T194500Z,gdelt_first_seen,"[""https://www.reuters.com/world/us/us-offshore-oil-output-inches-back-infrastructure-woes-slow-recovery-2021-09-01/""]",1,[],"[{""domain"":""reuters.com"",""language"":""English"",""logical_end"":""2021-09-02T00:00:00Z"",""logical_start"":""2021-09-01T00:00:00Z"",""query_category"":""energy_geopolitics"",""query_string"":""(OPEC OR \""oil embargo\"" OR \""oil supply\"" OR \""energy crisis\"" OR \""natural gas\"") domain:reuters.com sourcelang:english"",""requested_end"":""20210902000001"",""requested_start"":""20210831235959"",""retrieved_at_utc"":""2026-09-09T08:16:13.990578Z"",""seendate"":""20210901T194500Z"",""socialimage"":""https://www.reuters.com/resizer/bGAyT9JDBfHAhIwR4lFfdFi6z_w=/1200x628/smart/filters:quality(80)/cloudfront-us-east-2.images.arcpublishing.com/reuters/4RO555XXFNO37COC7EXJX7QGUE.jpg"",""sourcecountry"":""United States"",""title"":""U . S . offshore oil output inches back as infrastructure woes slow recovery"",""url"":""https://www.reuters.com/world/us/us-offshore-oil-output-inches-back-infrastructure-woes-slow-recovery-2021-09-01/"",""url_mobile"":""""}]"
4eaf04d293bc86c4f87d4fb8e0fa02d526d2853ee90a2f93ae06f7c071ea6c7e,https://www.reuters.com/article/usa-stocks/us-stocks-wall-street-scales-new-heights-powered-by-tech-stocks-idUSL1N2Q31Z5,https://www.reuters.com/article/usa-stocks/us-stocks-wall-street-scales-new-heights-powered-by-tech-stocks-idUSL1N2Q31Z5,"Wall Street scales new heights , powered by tech stocks",2021-09-01 20:00:00+00:00,2021-09-02 03:00:00+07:00,reuters.com,English,United States,"[""energy_geopolitics"",""monetary_geoeconomic""]",https://static.reuters.com/resources/r/?m=02&d=20210901&t=2&i=1573590021&r=LYNXMPEH8026M,2026-09-09T08:16:13.990578Z,https://mobile.reuters.com/article/amp/idUSKBN2FX39I,20210901T200000Z,gdelt_first_seen,"[""https://www.reuters.com/article/usa-stocks/us-stocks-wall-street-scales-new-heights-powered-by-tech-stocks-idUSL1N2Q31Z5""]",2,[],"[{""domain"":""reuters.com"",""language"":""English"",""logical_end"":""2021-09-02T00:00:00Z"",""logical_start"":""2021-09-01T00:00:00Z"",""query_category"":""energy_geopolitics"",""query_string"":""(OPEC OR \""oil embargo\"" OR \""oil supply\"" OR \""energy crisis\"" OR \""natural gas\"") domain:reuters.com sourcelang:english"",""requested_end"":""20210902000001"",""requested_start"":""20210831235959"",""retrieved_at_utc"":""2026-09-09T08:16:13.990578Z"",""seendate"":""20210901T200000Z"",""socialimage"":""https://static.reuters.com/resources/r/?m=02&d=20210901&t=2&i=1573590021&r=LYNXMPEH8026M"",""sourcecountry"":""United States"",""title"":""Wall Street scales new heights , powered by tech stocks"",""url"":""https://www.reuters.com/article/usa-stocks/us-stocks-wall-street-scales-new-heights-powered-by-tech-stocks-idUSL1N2Q31Z5"",""url_mobile"":""https://mobile.reuters.com/article/amp/idUSKBN2FX39I""},{""domain"":""reuters.com"",""language"":""English"",""logical_end"":""2021-09-02T00:00:00Z"",""logical_start"":""2021-09-01T00:00:00Z"",""query_category"":""monetary_geoeconomic"",""query_string"":""(\""Federal Reserve\"" OR \""interest rate\"" OR \""rate hike\"" OR inflation OR CPI) domain:reuters.com sourcelang:english"",""requested_end"":""20210902000001"",""requested_start"":""20210831235959"",""retrieved_at_utc"":""2026-09-09T08:21:33.592815Z"",""seendate"":""20210901T200000Z"",""socialimage"":""https://static.reuters.com/resources/r/?m=02&d=20210901&t=2&i=1573590021&r=LYNXMPEH8026M"",""sourcecountry"":""United States"",""title"":""Wall Street scales new heights , powered by tech stocks"",""url"":""https://www.reuters.com/article/usa-stocks/us-stocks-wall-street-scales-new-heights-powered-by-tech-stocks-idUSL1N2Q31Z5"",""url_mobile"":""https://mobile.reuters.com/article/amp/idUSKBN2FX39I""}]"
013ee89378e7b375ad278a7bfc23277ca130acacbb7922c77156c54ccd817b42,https://www.reuters.com/article/global-forex-idUSL1N2Q327M,https://www.reuters.com/article/global-forex-idUSL1N2Q327M,Dollar softens after ADP ; euro hits one - month high,2021-09-01 20:15:00+00:00,2021-09-02 03:15:00+07:00,reuters.com,English,United States,"[""monetary_geoeconomic""]",https://static.reuters.com/resources/r/?m=02&d=20210901&t=2&i=1573596158&r=LYNXMPEH8029O,2026-09-09T08:21:33.592815Z,https://mobile.reuters.com/article/amp/idUSKBN2FX2CQ,20210901T201500Z,gdelt_first_seen,"[""https://www.reuters.com/article/global-forex-idUSL1N2Q327M""]",1,[],"[{""domain"":""reuters.com"",""language"":""English"",""logical_end"":""2021-09-02T00:00:00Z"",""logical_start"":""2021-09-01T00:00:00Z"",""query_category"":""monetary_geoeconomic"",""query_string"":""(\""Federal Reserve\"" OR \""interest rate\"" OR \""rate hike\"" OR inflation OR CPI) domain:reuters.com sourcelang:english"",""requested_end"":""20210902000001"",""requested_start"":""20210831235959"",""retrieved_at_utc"":""2026-09-09T08:21:33.592815Z"",""seendate"":""20210901T201500Z"",""socialimage"":""https://static.reuters.com/resources/r/?m=02&d=20210901&t=2&i=1573596158&r=LYNXMPEH8029O"",""sourcecountry"":""United States"",""title"":""Dollar softens after ADP ; euro hits one - month high"",""url"":""https://www.reuters.com/article/global-forex-idUSL1N2Q327M"",""url_mobile"":""https://mobile.reuters.com/article/amp/idUSKBN2FX2CQ""}]"
4f0ad33191d7a69732d439f4387bc07c896709534ea553359c7e27d7df8f9dad,https://www.reuters.com/article/usa-cfpb-smallbusiness/update-2-u-s-consumer-watchdog-proposes-small-business-lending-data-rules-idUSL1N2Q31RI,https://www.reuters.com/article/usa-cfpb-smallbusiness/update-2-u-s-consumer-watchdog-proposes-small-business-lending-data-rules-idUSL1N2Q31RI,U . S . consumer watchdog proposes small business lending data rules,2021-09-01 20:15:00+00:00,2021-09-02 03:15:00+07:00,reuters.com,English,United States,"[""monetary_geoeconomic""]",https://static.reuters.com/resources/r/?m=02&d=20210901&t=2&i=1573593407&r=LYNXMPEH8022X,2026-09-09T08:21:33.592815Z,https://mobile.reuters.com/article/amp/idUSKBN2FX3VP,20210901T201500Z,gdelt_first_seen,"[""https://www.reuters.com/article/usa-cfpb-smallbusiness/update-2-u-s-consumer-watchdog-proposes-small-business-lending-data-rules-idUSL1N2Q31RI""]",1,[],"[{""domain"":""reuters.com"",""language"":""English"",""logical_end"":""2021-09-02T00:00:00Z"",""logical_start"":""2021-09-01T00:00:00Z"",""query_category"":""monetary_geoeconomic"",""query_string"":""(\""Federal Reserve\"" OR \""interest rate\"" OR \""rate hike\"" OR inflation OR CPI) domain:reuters.com sourcelang:english"",""requested_end"":""20210902000001"",""requested_start"":""20210831235959"",""retrieved_at_utc"":""2026-09-09T08:21:33.592815Z"",""seendate"":""20210901T201500Z"",""socialimage"":""https://static.reuters.com/resources/r/?m=02&d=20210901&t=2&i=1573593407&r=LYNXMPEH8022X"",""sourcecountry"":""United States"",""title"":""U . S . consumer watchdog proposes small business lending data rules"",""url"":""https://www.reuters.com/article/usa-cfpb-smallbusiness/update-2-u-s-consumer-watchdog-proposes-small-business-lending-data-rules-idUSL1N2Q31RI"",""url_mobile"":""https://mobile.reuters.com/article/amp/idUSKBN2FX3VP""}]"
61b84b76cd1c1ff2ef71c42dfecdcfecef38cbea272f94084237925ce35571ad,https://www.reuters.com/article/us-afghanistan-conflict/taliban-grapple-with-afghan-economy-in-chaos-humanitarian-crisis-idUSKBN2FX2TS,https://www.reuters.com/article/us-afghanistan-conflict/taliban-grapple-with-afghan-economy-in-chaos-humanitarian-crisis-idUSKBN2FX2TS,"Taliban grapple with Afghan economy in chaos , humanitarian crisis",2021-09-01 20:30:00+00:00,2021-09-02 03:30:00+07:00,reuters.com,English,United States,"[""armed_conflict"",""monetary_geoeconomic""]",https://static.reuters.com/resources/r/?m=02&d=20210901&t=2&i=1573592477&r=LYNXMPEH8027Q,2026-09-09T08:08:23.781656Z,https://mobile.reuters.com/article/amp/idUSKBN2FX2TS,20210901T203000Z,gdelt_first_seen,"[""https://www.reuters.com/article/us-afghanistan-conflict/taliban-grapple-with-afghan-economy-in-chaos-humanitarian-crisis-idUSKBN2FX2TS""]",2,[],"[{""domain"":""reuters.com"",""language"":""English"",""logical_end"":""2021-09-02T00:00:00Z"",""logical_start"":""2021-09-01T00:00:00Z"",""query_category"":""armed_conflict"",""query_string"":""(war OR invasion OR missile OR airstrike OR ceasefire OR military OR conflict) domain:reuters.com sourcelang:english"",""requested_end"":""20210902000001"",""requested_start"":""20210831235959"",""retrieved_at_utc"":""2026-09-09T08:08:23.781656Z"",""seendate"":""20210901T203000Z"",""socialimage"":""https://static.reuters.com/resources/r/?m=02&d=20210901&t=2&i=1573592477&r=LYNXMPEH8027Q"",""sourcecountry"":""United States"",""title"":""Taliban grapple with Afghan economy in chaos , humanitarian crisis"",""url"":""https://www.reuters.com/article/us-afghanistan-conflict/taliban-grapple-with-afghan-economy-in-chaos-humanitarian-crisis-idUSKBN2FX2TS"",""url_mobile"":""https://mobile.reuters.com/article/amp/idUSKBN2FX2TS""},{""domain"":""reuters.com"",""language"":""English"",""logical_end"":""2021-09-02T00:00:00Z"",""logical_start"":""2021-09-01T00:00:00Z"",""query_category"":""monetary_geoeconomic"",""query_string"":""(\""Federal Reserve\"" OR \""interest rate\"" OR \""rate hike\"" OR inflation OR CPI) domain:reuters.com sourcelang:english"",""requested_end"":""20210902000001"",""requested_start"":""20210831235959"",""retrieved_at_utc"":""2026-09-09T08:21:33.592815Z"",""seendate"":""20210901T203000Z"",""socialimage"":""https://static.reuters.com/resources/r/?m=02&d=20210901&t=2&i=1573592477&r=LYNXMPEH8027Q"",""sourcecountry"":""United States"",""title"":""Taliban grapple with Afghan economy in chaos , humanitarian crisis"",""url"":""https://www.reuters.com/article/us-afghanistan-conflict/taliban-grapple-with-afghan-economy-in-chaos-humanitarian-crisis-idUSKBN2FX2TS"",""url_mobile"":""https://mobile.reuters.com/article/amp/idUSKBN2FX2TS""}]"
3bea41304fb474474b89c6ea5f410a0a4fbd1f1780becbce892a11301ff56cc0,https://www.reuters.com/article/us-congo-security/four-killed-dozens-kidnapped-in-eastern-congo-ambush-idUSKBN2FX3QK,https://www.reuters.com/article/us-congo-security/four-killed-dozens-kidnapped-in-eastern-congo-ambush-idUSKBN2FX3QK,"Four killed , dozens kidnapped in eastern Congo ambush",2021-09-01 20:30:00+00:00,2021-09-02 03:30:00+07:00,reuters.com,English,United States,"[""armed_conflict""]",https://s1.reutersmedia.net/resources_v2/images/rcom-default.png,2026-09-09T08:08:23.781656Z,https://mobile.reuters.com/article/amp/idUSKBN2FX3QK,20210901T203000Z,gdelt_first_seen,"[""https://www.reuters.com/article/us-congo-security/four-killed-dozens-kidnapped-in-eastern-congo-ambush-idUSKBN2FX3QK""]",1,[],"[{""domain"":""reuters.com"",""language"":""English"",""logical_end"":""2021-09-02T00:00:00Z"",""logical_start"":""2021-09-01T00:00:00Z"",""query_category"":""armed_conflict"",""query_string"":""(war OR invasion OR missile OR airstrike OR ceasefire OR military OR conflict) domain:reuters.com sourcelang:english"",""requested_end"":""20210902000001"",""requested_start"":""20210831235959"",""retrieved_at_utc"":""2026-09-09T08:08:23.781656Z"",""seendate"":""20210901T203000Z"",""socialimage"":""https://s1.reutersmedia.net/resources_v2/images/rcom-default.png"",""sourcecountry"":""United States"",""title"":""Four killed , dozens kidnapped in eastern Congo ambush"",""url"":""https://www.reuters.com/article/us-congo-security/four-killed-dozens-kidnapped-in-eastern-congo-ambush-idUSKBN2FX3QK"",""url_mobile"":""https://mobile.reuters.com/article/amp/idUSKBN2FX3QK""}]"
f6c617e19154ca2aac0c47da3a68de0b9697d9d542a637a5265371aabc9bc0f9,https://www.reuters.com/article/us-syria-security-south-deraa/russian-troops-patrol-birthplace-of-syria-uprising-after-fighting-abates-idUSKBN2FX415,https://www.reuters.com/article/us-syria-security-south-deraa/russian-troops-patrol-birthplace-of-syria-uprising-after-fighting-abates-idUSKBN2FX415,Russian troops patrol birthplace of Syria uprising after fighting abates,2021-09-01 20:30:00+00:00,2021-09-02 03:30:00+07:00,reuters.com,English,United States,"[""armed_conflict""]",https://static.reuters.com/resources/r/?m=02&d=20210901&t=2&i=1573587921&r=LYNXMPEH8025T,2026-09-09T08:08:23.781656Z,https://mobile.reuters.com/article/amp/idUSKBN2FX415,20210901T203000Z,gdelt_first_seen,"[""https://www.reuters.com/article/us-syria-security-south-deraa/russian-troops-patrol-birthplace-of-syria-uprising-after-fighting-abates-idUSKBN2FX415""]",1,[],"[{""domain"":""reuters.com"",""language"":""English"",""logical_end"":""2021-09-02T00:00:00Z"",""logical_start"":""2021-09-01T00:00:00Z"",""query_category"":""armed_conflict"",""query_string"":""(war OR invasion OR missile OR airstrike OR ceasefire OR military OR conflict) domain:reuters.com sourcelang:english"",""requested_end"":""20210902000001"",""requested_start"":""20210831235959"",""retrieved_at_utc"":""2026-09-09T08:08:23.781656Z"",""seendate"":""20210901T203000Z"",""socialimage"":""https://static.reuters.com/resources/r/?m=02&d=20210901&t=2&i=1573587921&r=LYNXMPEH8025T"",""sourcecountry"":""United States"",""title"":""Russian troops patrol birthplace of Syria uprising after fighting abates"",""url"":""https://www.reuters.com/article/us-syria-security-south-deraa/russian-troops-patrol-birthplace-of-syria-uprising-after-fighting-abates-idUSKBN2FX415"",""url_mobile"":""https://mobile.reuters.com/article/amp/idUSKBN2FX415""}]"
4f179d6f82cc08273e2a20266d1c1accc6cddce05666d88bb4e4f1fdbe5261cf,https://www.reuters.com/article/global-forex/forex-dollar-softens-after-adp-euro-hits-one-month-high-idUSL1N2Q327M,https://www.reuters.com/article/global-forex/forex-dollar-softens-after-adp-euro-hits-one-month-high-idUSL1N2Q327M,Dollar softens after ADP ; euro hits one - month high,2021-09-01 21:00:00+00:00,2021-09-02 04:00:00+07:00,reuters.com,English,United States,"[""monetary_geoeconomic""]",https://static.reuters.com/resources/r/?m=02&d=20210901&t=2&i=1573596158&r=LYNXMPEH8029O,2026-09-09T08:21:33.592815Z,https://mobile.reuters.com/article/amp/idUSKBN2FX2CQ,20210901T210000Z,gdelt_first_seen,"[""https://www.reuters.com/article/global-forex/forex-dollar-softens-after-adp-euro-hits-one-month-high-idUSL1N2Q327M""]",1,[],"[{""domain"":""reuters.com"",""language"":""English"",""logical_end"":""2021-09-02T00:00:00Z"",""logical_start"":""2021-09-01T00:00:00Z"",""query_category"":""monetary_geoeconomic"",""query_string"":""(\""Federal Reserve\"" OR \""interest rate\"" OR \""rate hike\"" OR inflation OR CPI) domain:reuters.com sourcelang:english"",""requested_end"":""20210902000001"",""requested_start"":""20210831235959"",""retrieved_at_utc"":""2026-09-09T08:21:33.592815Z"",""seendate"":""20210901T210000Z"",""socialimage"":""https://static.reuters.com/resources/r/?m=02&d=20210901&t=2&i=1573596158&r=LYNXMPEH8029O"",""sourcecountry"":""United States"",""title"":""Dollar softens after ADP ; euro hits one - month high"",""url"":""https://www.reuters.com/article/global-forex/forex-dollar-softens-after-adp-euro-hits-one-month-high-idUSL1N2Q327M"",""url_mobile"":""https://mobile.reuters.com/article/amp/idUSKBN2FX2CQ""}]"
be54f00f6509f1ef3d81e6ee42499aae06266a5acdc98daa8b84a84153418683,https://www.reuters.com/article/rwanda-eurobonds-idUSL8N2PA0WB,https://www.reuters.com/article/rwanda-eurobonds-idUSL8N2PA0WB,Rwanda raises $620 million through a 10 - year Eurobond,2021-09-01 21:00:00+00:00,2021-09-02 04:00:00+07:00,reuters.com,English,United States,"[""monetary_geoeconomic""]",https://s1.reutersmedia.net/resources_v2/images/rcom-default.png,2026-09-09T08:21:33.592815Z,https://mobile.reuters.com/article/amp/idUSL8N2PA0WB,20210901T210000Z,gdelt_first_seen,"[""https://www.reuters.com/article/rwanda-eurobonds-idUSL8N2PA0WB""]",1,[],"[{""domain"":""reuters.com"",""language"":""English"",""logical_end"":""2021-09-02T00:00:00Z"",""logical_start"":""2021-09-01T00:00:00Z"",""query_category"":""monetary_geoeconomic"",""query_string"":""(\""Federal Reserve\"" OR \""interest rate\"" OR \""rate hike\"" OR inflation OR CPI) domain:reuters.com sourcelang:english"",""requested_end"":""20210902000001"",""requested_start"":""20210831235959"",""retrieved_at_utc"":""2026-09-09T08:21:33.592815Z"",""seendate"":""20210901T210000Z"",""socialimage"":""https://s1.reutersmedia.net/resources_v2/images/rcom-default.png"",""sourcecountry"":""United States"",""title"":""Rwanda raises $620 million through a 10 - year Eurobond"",""url"":""https://www.reuters.com/article/rwanda-eurobonds-idUSL8N2PA0WB"",""url_mobile"":""https://mobile.reuters.com/article/amp/idUSL8N2PA0WB""}]"
7a853603e178dfc90f1f6e6650d07aa2a441150bdce37566072dcf6d2090284e,https://www.reuters.com/article/norway-swf-idUSL8N2PP1NB,https://www.reuters.com/article/norway-swf-idUSL8N2PP1NB,UPDATE 3 - Norway wealth fund earned $111 bln in H1 but warns of inflation risk,2021-09-01 21:15:00+00:00,2021-09-02 04:15:00+07:00,reuters.com,English,United States,"[""monetary_geoeconomic""]",https://s1.reutersmedia.net/resources_v2/images/rcom-default.png,2026-09-09T08:21:33.592815Z,https://mobile.reuters.com/article/amp/idUSL8N2PP1NB,20210901T211500Z,gdelt_first_seen,"[""https://www.reuters.com/article/norway-swf-idUSL8N2PP1NB""]",1,[],"[{""domain"":""reuters.com"",""language"":""English"",""logical_end"":""2021-09-02T00:00:00Z"",""logical_start"":""2021-09-01T00:00:00Z"",""query_category"":""monetary_geoeconomic"",""query_string"":""(\""Federal Reserve\"" OR \""interest rate\"" OR \""rate hike\"" OR inflation OR CPI) domain:reuters.com sourcelang:english"",""requested_end"":""20210902000001"",""requested_start"":""20210831235959"",""retrieved_at_utc"":""2026-09-09T08:21:33.592815Z"",""seendate"":""20210901T211500Z"",""socialimage"":""https://s1.reutersmedia.net/resources_v2/images/rcom-default.png"",""sourcecountry"":""United States"",""title"":""UPDATE 3 - Norway wealth fund earned $111 bln in H1 but warns of inflation risk"",""url"":""https://www.reuters.com/article/norway-swf-idUSL8N2PP1NB"",""url_mobile"":""https://mobile.reuters.com/article/amp/idUSL8N2PP1NB""}]"
cd963a774cf510a7af632fd5807b628dcb63d7b1c890b51abb90487efd9977f7,https://www.reuters.com/article/usa-nuclearpower-illinois-idUSL1N2Q32K3,https://www.reuters.com/article/usa-nuclearpower-illinois-idUSL1N2Q32K3,"UPDATE 1 - Illinois Senate passes bill to save nuclear plants , sends to House",2021-09-01 21:15:00+00:00,2021-09-02 04:15:00+07:00,reuters.com,English,United States,"[""energy_geopolitics""]",https://s1.reutersmedia.net/resources_v2/images/rcom-default.png,2026-09-09T08:16:13.990578Z,https://mobile.reuters.com/article/amp/idUSL1N2Q32K3,20210901T211500Z,gdelt_first_seen,"[""https://www.reuters.com/article/usa-nuclearpower-illinois-idUSL1N2Q32K3""]",1,[],"[{""domain"":""reuters.com"",""language"":""English"",""logical_end"":""2021-09-02T00:00:00Z"",""logical_start"":""2021-09-01T00:00:00Z"",""query_category"":""energy_geopolitics"",""query_string"":""(OPEC OR \""oil embargo\"" OR \""oil supply\"" OR \""energy crisis\"" OR \""natural gas\"") domain:reuters.com sourcelang:english"",""requested_end"":""20210902000001"",""requested_start"":""20210831235959"",""retrieved_at_utc"":""2026-09-09T08:16:13.990578Z"",""seendate"":""20210901T211500Z"",""socialimage"":""https://s1.reutersmedia.net/resources_v2/images/rcom-default.png"",""sourcecountry"":""United States"",""title"":""UPDATE 1 - Illinois Senate passes bill to save nuclear plants , sends to House"",""url"":""https://www.reuters.com/article/usa-nuclearpower-illinois-idUSL1N2Q32K3"",""url_mobile"":""https://mobile.reuters.com/article/amp/idUSL1N2Q32K3""}]"
693dfec1e9fe3d8f62f935775fc9b035f39624d85ce57c1517881653f6be7923,https://www.reuters.com/article/businessNews/idUSKBN2FX3VP,https://www.reuters.com/article/businessNews/idUSKBN2FX3VP,U . S . consumer watchdog proposes small business lending data rules,2021-09-01 21:30:00+00:00,2021-09-02 04:30:00+07:00,reuters.com,English,United States,"[""monetary_geoeconomic""]",https://static.reuters.com/resources/r/?m=02&d=20210901&t=2&i=1573593407&r=LYNXMPEH8022X,2026-09-09T08:21:33.592815Z,https://mobile.reuters.com/article/amp/idUSKBN2FX3VP,20210901T213000Z,gdelt_first_seen,"[""https://www.reuters.com/article/businessNews/idUSKBN2FX3VP""]",1,[],"[{""domain"":""reuters.com"",""language"":""English"",""logical_end"":""2021-09-02T00:00:00Z"",""logical_start"":""2021-09-01T00:00:00Z"",""query_category"":""monetary_geoeconomic"",""query_string"":""(\""Federal Reserve\"" OR \""interest rate\"" OR \""rate hike\"" OR inflation OR CPI) domain:reuters.com sourcelang:english"",""requested_end"":""20210902000001"",""requested_start"":""20210831235959"",""retrieved_at_utc"":""2026-09-09T08:21:33.592815Z"",""seendate"":""20210901T213000Z"",""socialimage"":""https://static.reuters.com/resources/r/?m=02&d=20210901&t=2&i=1573593407&r=LYNXMPEH8022X"",""sourcecountry"":""United States"",""title"":""U . S . consumer watchdog proposes small business lending data rules"",""url"":""https://www.reuters.com/article/businessNews/idUSKBN2FX3VP"",""url_mobile"":""https://mobile.reuters.com/article/amp/idUSKBN2FX3VP""}]"
a6e90741c9b4c7ebad42075fdcfdf7dbad40cb9e4ddc97076b55c8456f004529,https://www.reuters.com/article/politicsNews/idUSKBN2FX3XK,https://www.reuters.com/article/politicsNews/idUSKBN2FX3XK,Everybody screwed up : Blame game begins over turbulent U . S . exit from Afghanistan,2021-09-01 21:30:00+00:00,2021-09-02 04:30:00+07:00,reuters.com,English,United States,"[""armed_conflict""]",https://static.reuters.com/resources/r/?m=02&d=20210901&t=2&i=1573582255&r=LYNXMPEH8023P,2026-09-09T08:08:23.781656Z,https://mobile.reuters.com/article/amp/idUSKBN2FX3XK,20210901T213000Z,gdelt_first_seen,"[""https://www.reuters.com/article/politicsNews/idUSKBN2FX3XK""]",1,[],"[{""domain"":""reuters.com"",""language"":""English"",""logical_end"":""2021-09-02T00:00:00Z"",""logical_start"":""2021-09-01T00:00:00Z"",""query_category"":""armed_conflict"",""query_string"":""(war OR invasion OR missile OR airstrike OR ceasefire OR military OR conflict) domain:reuters.com sourcelang:english"",""requested_end"":""20210902000001"",""requested_start"":""20210831235959"",""retrieved_at_utc"":""2026-09-09T08:08:23.781656Z"",""seendate"":""20210901T213000Z"",""socialimage"":""https://static.reuters.com/resources/r/?m=02&d=20210901&t=2&i=1573582255&r=LYNXMPEH8023P"",""sourcecountry"":""United States"",""title"":""  Everybody screwed up : Blame game begins over turbulent U . S . exit from Afghanistan"",""url"":""https://www.reuters.com/article/politicsNews/idUSKBN2FX3XK"",""url_mobile"":""https://mobile.reuters.com/article/amp/idUSKBN2FX3XK""}]"
06385a308a9a0356199a1c1c44f2becdd5d6eb435b20e8b6edf32b4da1f084fa,https://www.reuters.com/article/topNews/idUSKBN2FX488,https://www.reuters.com/article/topNews/idUSKBN2FX488,Top U . S . general says he shares pain and anger after Afghanistan withdrawal,2021-09-01 21:30:00+00:00,2021-09-02 04:30:00+07:00,reuters.com,English,United States,"[""armed_conflict""]",https://static.reuters.com/resources/r/?m=02&d=20210901&t=2&i=1573596851&r=LYNXMPEH8029X,2026-09-09T08:08:23.781656Z,https://mobile.reuters.com/article/amp/idUSKBN2FX488,20210901T213000Z,gdelt_first_seen,"[""https://www.reuters.com/article/topNews/idUSKBN2FX488""]",1,[],"[{""domain"":""reuters.com"",""language"":""English"",""logical_end"":""2021-09-02T00:00:00Z"",""logical_start"":""2021-09-01T00:00:00Z"",""query_category"":""armed_conflict"",""query_string"":""(war OR invasion OR missile OR airstrike OR ceasefire OR military OR conflict) domain:reuters.com sourcelang:english"",""requested_end"":""20210902000001"",""requested_start"":""20210831235959"",""retrieved_at_utc"":""2026-09-09T08:08:23.781656Z"",""seendate"":""20210901T213000Z"",""socialimage"":""https://static.reuters.com/resources/r/?m=02&d=20210901&t=2&i=1573596851&r=LYNXMPEH8029X"",""sourcecountry"":""United States"",""title"":""Top U . S . general says he shares  pain and anger  after Afghanistan withdrawal"",""url"":""https://www.reuters.com/article/topNews/idUSKBN2FX488"",""url_mobile"":""https://mobile.reuters.com/article/amp/idUSKBN2FX488""}]"
308b48c64fd084c8f6f861570716fc07520a2d5dd0a5d90ed898621761c219d9,https://www.reuters.com/article/worldNews/idUSKBN2FX415,https://www.reuters.com/article/worldNews/idUSKBN2FX415,Russian troops patrol birthplace of Syria uprising after fighting abates,2021-09-01 21:30:00+00:00,2021-09-02 04:30:00+07:00,reuters.com,English,United States,"[""armed_conflict""]",https://static.reuters.com/resources/r/?m=02&d=20210901&t=2&i=1573587921&r=LYNXMPEH8025T,2026-09-09T08:08:23.781656Z,https://mobile.reuters.com/article/amp/idUSKBN2FX415,20210901T213000Z,gdelt_first_seen,"[""https://www.reuters.com/article/worldNews/idUSKBN2FX415""]",1,[],"[{""domain"":""reuters.com"",""language"":""English"",""logical_end"":""2021-09-02T00:00:00Z"",""logical_start"":""2021-09-01T00:00:00Z"",""query_category"":""armed_conflict"",""query_string"":""(war OR invasion OR missile OR airstrike OR ceasefire OR military OR conflict) domain:reuters.com sourcelang:english"",""requested_end"":""20210902000001"",""requested_start"":""20210831235959"",""retrieved_at_utc"":""2026-09-09T08:08:23.781656Z"",""seendate"":""20210901T213000Z"",""socialimage"":""https://static.reuters.com/resources/r/?m=02&d=20210901&t=2&i=1573587921&r=LYNXMPEH8025T"",""sourcecountry"":""United States"",""title"":""Russian troops patrol birthplace of Syria uprising after fighting abates"",""url"":""https://www.reuters.com/article/worldNews/idUSKBN2FX415"",""url_mobile"":""https://mobile.reuters.com/article/amp/idUSKBN2FX415""}]"
f695c7096a9dff60e213dbaec50b6b9f7652b9f4aa9d608d2219519d336ed2ed,https://www.reuters.com/business/energy/venezuela-crude-output-key-region-plunges-due-diluent-shortage-2021-09-01/,https://www.reuters.com/business/energy/venezuela-crude-output-key-region-plunges-due-diluent-shortage-2021-09-01/,Venezuela crude output in key region plunges due to diluent shortage,2021-09-01 21:30:00+00:00,2021-09-02 04:30:00+07:00,reuters.com,English,United States,"[""energy_geopolitics"",""sanctions""]",https://www.reuters.com/resizer/QhWNmxbErxsgzAnSJ1ZjFzuo2Ek=/1200x628/smart/filters:quality(80)/cloudfront-us-east-2.images.arcpublishing.com/reuters/OOLNZ3CVJFP4TPNGKRMJYF5VIE.jpg,2026-09-09T08:16:13.990578Z,,20210901T213000Z,gdelt_first_seen,"[""https://www.reuters.com/business/energy/venezuela-crude-output-key-region-plunges-due-diluent-shortage-2021-09-01/""]",2,[],"[{""domain"":""reuters.com"",""language"":""English"",""logical_end"":""2021-09-02T00:00:00Z"",""logical_start"":""2021-09-01T00:00:00Z"",""query_category"":""energy_geopolitics"",""query_string"":""(OPEC OR \""oil embargo\"" OR \""oil supply\"" OR \""energy crisis\"" OR \""natural gas\"") domain:reuters.com sourcelang:english"",""requested_end"":""20210902000001"",""requested_start"":""20210831235959"",""retrieved_at_utc"":""2026-09-09T08:16:13.990578Z"",""seendate"":""20210901T213000Z"",""socialimage"":""https://www.reuters.com/resizer/QhWNmxbErxsgzAnSJ1ZjFzuo2Ek=/1200x628/smart/filters:quality(80)/cloudfront-us-east-2.images.arcpublishing.com/reuters/OOLNZ3CVJFP4TPNGKRMJYF5VIE.jpg"",""sourcecountry"":""United States"",""title"":""Venezuela crude output in key region plunges due to diluent shortage"",""url"":""https://www.reuters.com/business/energy/venezuela-crude-output-key-region-plunges-due-diluent-shortage-2021-09-01/"",""url_mobile"":""""},{""domain"":""reuters.com"",""language"":""English"",""logical_end"":""2021-09-02T00:00:00Z"",""logical_start"":""2021-09-01T00:00:00Z"",""query_category"":""sanctions"",""query_string"":""(sanction OR sanctions OR embargo OR \""asset freeze\"" OR \""export restriction\"") domain:reuters.com sourcelang:english"",""requested_end"":""20210902000001"",""requested_start"":""20210831235959"",""retrieved_at_utc"":""2026-09-09T08:10:28.322759Z"",""seendate"":""20210901T213000Z"",""socialimage"":""https://www.reuters.com/resizer/QhWNmxbErxsgzAnSJ1ZjFzuo2Ek=/1200x628/smart/filters:quality(80)/cloudfront-us-east-2.images.arcpublishing.com/reuters/OOLNZ3CVJFP4TPNGKRMJYF5VIE.jpg"",""sourcecountry"":""United States"",""title"":""Venezuela crude output in key region plunges due to diluent shortage"",""url"":""https://www.reuters.com/business/energy/venezuela-crude-output-key-region-plunges-due-diluent-shortage-2021-09-01/"",""url_mobile"":""""}]"
45a1eedf696037d6b35b92f79e37dd5219232ac265b743c1a360af6fc77daef2,https://www.reuters.com/world/us/top-us-general-says-he-shares-pain-anger-after-afghanistan-withdrawal-2021-09-01/,https://www.reuters.com/world/us/top-us-general-says-he-shares-pain-anger-after-afghanistan-withdrawal-2021-09-01/,Top U . S . general says he shares pain and anger after Afghanistan withdrawal,2021-09-01 22:00:00+00:00,2021-09-02 05:00:00+07:00,reuters.com,English,United States,"[""armed_conflict""]",https://www.reuters.com/resizer/s71QVT_3JRxIYiA5SADqbDM2hOc=/1200x628/smart/filters:quality(80)/cloudfront-us-east-2.images.arcpublishing.com/reuters/DQOS5WELBBKPVEHBPZLZMGX5NY.jpg,2026-09-09T08:08:23.781656Z,,20210901T220000Z,gdelt_first_seen,"[""https://www.reuters.com/world/us/top-us-general-says-he-shares-pain-anger-after-afghanistan-withdrawal-2021-09-01/""]",1,[],"[{""domain"":""reuters.com"",""language"":""English"",""logical_end"":""2021-09-02T00:00:00Z"",""logical_start"":""2021-09-01T00:00:00Z"",""query_category"":""armed_conflict"",""query_string"":""(war OR invasion OR missile OR airstrike OR ceasefire OR military OR conflict) domain:reuters.com sourcelang:english"",""requested_end"":""20210902000001"",""requested_start"":""20210831235959"",""retrieved_at_utc"":""2026-09-09T08:08:23.781656Z"",""seendate"":""20210901T220000Z"",""socialimage"":""https://www.reuters.com/resizer/s71QVT_3JRxIYiA5SADqbDM2hOc=/1200x628/smart/filters:quality(80)/cloudfront-us-east-2.images.arcpublishing.com/reuters/DQOS5WELBBKPVEHBPZLZMGX5NY.jpg"",""sourcecountry"":""United States"",""title"":""Top U . S . general says he shares  pain and anger  after Afghanistan withdrawal"",""url"":""https://www.reuters.com/world/us/top-us-general-says-he-shares-pain-anger-after-afghanistan-withdrawal-2021-09-01/"",""url_mobile"":""""}]"
d5ac421671685b06341450f4a95aee73db45d334f160fe3cc48bb343d39eb878,https://www.reuters.com/article/us-afghanistan-conflict/taliban-wrestle-with-afghan-economy-in-chaos-humanitarian-crisis-idUSKBN2FX2TS,https://www.reuters.com/article/us-afghanistan-conflict/taliban-wrestle-with-afghan-economy-in-chaos-humanitarian-crisis-idUSKBN2FX2TS,"Taliban wrestle with Afghan economy in chaos , humanitarian crisis",2021-09-01 22:15:00+00:00,2021-09-02 05:15:00+07:00,reuters.com,English,United States,"[""armed_conflict"",""monetary_geoeconomic""]",https://static.reuters.com/resources/r/?m=02&d=20210901&t=2&i=1573592477&r=LYNXMPEH8027Q,2026-09-09T08:08:23.781656Z,https://mobile.reuters.com/article/amp/idUSKBN2FX2TS,20210901T221500Z,gdelt_first_seen,"[""https://www.reuters.com/article/us-afghanistan-conflict/taliban-wrestle-with-afghan-economy-in-chaos-humanitarian-crisis-idUSKBN2FX2TS""]",2,[],"[{""domain"":""reuters.com"",""language"":""English"",""logical_end"":""2021-09-02T00:00:00Z"",""logical_start"":""2021-09-01T00:00:00Z"",""query_category"":""armed_conflict"",""query_string"":""(war OR invasion OR missile OR airstrike OR ceasefire OR military OR conflict) domain:reuters.com sourcelang:english"",""requested_end"":""20210902000001"",""requested_start"":""20210831235959"",""retrieved_at_utc"":""2026-09-09T08:08:23.781656Z"",""seendate"":""20210901T221500Z"",""socialimage"":""https://static.reuters.com/resources/r/?m=02&d=20210901&t=2&i=1573592477&r=LYNXMPEH8027Q"",""sourcecountry"":""United States"",""title"":""Taliban wrestle with Afghan economy in chaos , humanitarian crisis"",""url"":""https://www.reuters.com/article/us-afghanistan-conflict/taliban-wrestle-with-afghan-economy-in-chaos-humanitarian-crisis-idUSKBN2FX2TS"",""url_mobile"":""https://mobile.reuters.com/article/amp/idUSKBN2FX2TS""},{""domain"":""reuters.com"",""language"":""English"",""logical_end"":""2021-09-02T00:00:00Z"",""logical_start"":""2021-09-01T00:00:00Z"",""query_category"":""monetary_geoeconomic"",""query_string"":""(\""Federal Reserve\"" OR \""interest rate\"" OR \""rate hike\"" OR inflation OR CPI) domain:reuters.com sourcelang:english"",""requested_end"":""20210902000001"",""requested_start"":""20210831235959"",""retrieved_at_utc"":""2026-09-09T08:21:33.592815Z"",""seendate"":""20210901T221500Z"",""socialimage"":""https://static.reuters.com/resources/r/?m=02&d=20210901&t=2&i=1573592477&r=LYNXMPEH8027Q"",""sourcecountry"":""United States"",""title"":""Taliban wrestle with Afghan economy in chaos , humanitarian crisis"",""url"":""https://www.reuters.com/article/us-afghanistan-conflict/taliban-wrestle-with-afghan-economy-in-chaos-humanitarian-crisis-idUSKBN2FX2TS"",""url_mobile"":""https://mobile.reuters.com/article/amp/idUSKBN2FX2TS""}]"
17ad2071dd684bdeeccbb0b6a7bff790bc368403fa35e7aaab226818b82f0bee,https://www.reuters.com/article/us-usa-nuclearpower-illinois/illinois-senate-passes-bill-to-save-nuclear-plants-sends-to-house-idUSKBN2FX4DK,https://www.reuters.com/article/us-usa-nuclearpower-illinois/illinois-senate-passes-bill-to-save-nuclear-plants-sends-to-house-idUSKBN2FX4DK,"Illinois Senate passes bill to save nuclear plants , sends to House",2021-09-01 22:15:00+00:00,2021-09-02 05:15:00+07:00,reuters.com,English,United States,"[""energy_geopolitics""]",https://s1.reutersmedia.net/resources_v2/images/rcom-default.png,2026-09-09T08:16:13.990578Z,https://mobile.reuters.com/article/amp/idUSKBN2FX4DK,20210901T221500Z,gdelt_first_seen,"[""https://www.reuters.com/article/us-usa-nuclearpower-illinois/illinois-senate-passes-bill-to-save-nuclear-plants-sends-to-house-idUSKBN2FX4DK""]",1,[],"[{""domain"":""reuters.com"",""language"":""English"",""logical_end"":""2021-09-02T00:00:00Z"",""logical_start"":""2021-09-01T00:00:00Z"",""query_category"":""energy_geopolitics"",""query_string"":""(OPEC OR \""oil embargo\"" OR \""oil supply\"" OR \""energy crisis\"" OR \""natural gas\"") domain:reuters.com sourcelang:english"",""requested_end"":""20210902000001"",""requested_start"":""20210831235959"",""retrieved_at_utc"":""2026-09-09T08:16:13.990578Z"",""seendate"":""20210901T221500Z"",""socialimage"":""https://s1.reutersmedia.net/resources_v2/images/rcom-default.png"",""sourcecountry"":""United States"",""title"":""Illinois Senate passes bill to save nuclear plants , sends to House"",""url"":""https://www.reuters.com/article/us-usa-nuclearpower-illinois/illinois-senate-passes-bill-to-save-nuclear-plants-sends-to-house-idUSKBN2FX4DK"",""url_mobile"":""https://mobile.reuters.com/article/amp/idUSKBN2FX4DK""}]"
361aa2dbccd2182c01b2524d705399f270e68e7124ce85a68bfe5b52e3a28a03,https://www.reuters.com/business/energy/opec-gradual-output-hikes-help-stabilise-markets-says-iraqi-oil-minister-2021-09-01/,https://www.reuters.com/business/energy/opec-gradual-output-hikes-help-stabilise-markets-says-iraqi-oil-minister-2021-09-01/,"OPEC+ gradual output hikes to help stabilise markets , says Iraqi oil minister",2021-09-01 22:15:00+00:00,2021-09-02 05:15:00+07:00,reuters.com,English,United States,"[""energy_geopolitics""]",https://www.reuters.com/resizer/seQRP78mbfolAVc9-dLeLsll_h4=/1200x628/smart/filters:quality(80)/cloudfront-us-east-2.images.arcpublishing.com/reuters/EBJT3E7T5FPB7FETG63VY2W56I.jpg,2026-09-09T08:16:13.990578Z,,20210901T221500Z,gdelt_first_seen,"[""https://www.reuters.com/business/energy/opec-gradual-output-hikes-help-stabilise-markets-says-iraqi-oil-minister-2021-09-01/""]",1,[],"[{""domain"":""reuters.com"",""language"":""English"",""logical_end"":""2021-09-02T00:00:00Z"",""logical_start"":""2021-09-01T00:00:00Z"",""query_category"":""energy_geopolitics"",""query_string"":""(OPEC OR \""oil embargo\"" OR \""oil supply\"" OR \""energy crisis\"" OR \""natural gas\"") domain:reuters.com sourcelang:english"",""requested_end"":""20210902000001"",""requested_start"":""20210831235959"",""retrieved_at_utc"":""2026-09-09T08:16:13.990578Z"",""seendate"":""20210901T221500Z"",""socialimage"":""https://www.reuters.com/resizer/seQRP78mbfolAVc9-dLeLsll_h4=/1200x628/smart/filters:quality(80)/cloudfront-us-east-2.images.arcpublishing.com/reuters/EBJT3E7T5FPB7FETG63VY2W56I.jpg"",""sourcecountry"":""United States"",""title"":""OPEC+ gradual output hikes to help stabilise markets , says Iraqi oil minister"",""url"":""https://www.reuters.com/business/energy/opec-gradual-output-hikes-help-stabilise-markets-says-iraqi-oil-minister-2021-09-01/"",""url_mobile"":""""}]"
2588b06b9f9496a7a8d7dd1b3cd33b26c51750f244dbb8d4f0459fa0588a2f8f,https://www.reuters.com/world/us/us-offshore-suppliers-plot-shift-louisianas-hard-hit-ports-2021-09-01/,https://www.reuters.com/world/us/us-offshore-suppliers-plot-shift-louisianas-hard-hit-ports-2021-09-01/,U . S . offshore suppliers plot shift from Louisiana hard - hit ports,2021-09-01 22:15:00+00:00,2021-09-02 05:15:00+07:00,reuters.com,English,United States,"[""energy_geopolitics""]",https://www.reuters.com/resizer/b-OK7b3YR6qwit_DVyLm29-rRQs=/1200x628/smart/filters:quality(80)/cloudfront-us-east-2.images.arcpublishing.com/reuters/BSYMZT6W4JNJBGGJ33YAGSZPPA.jpg,2026-09-09T08:16:13.990578Z,,20210901T221500Z,gdelt_first_seen,"[""https://www.reuters.com/world/us/us-offshore-suppliers-plot-shift-louisianas-hard-hit-ports-2021-09-01/""]",1,[],"[{""domain"":""reuters.com"",""language"":""English"",""logical_end"":""2021-09-02T00:00:00Z"",""logical_start"":""2021-09-01T00:00:00Z"",""query_category"":""energy_geopolitics"",""query_string"":""(OPEC OR \""oil embargo\"" OR \""oil supply\"" OR \""energy crisis\"" OR \""natural gas\"") domain:reuters.com sourcelang:english"",""requested_end"":""20210902000001"",""requested_start"":""20210831235959"",""retrieved_at_utc"":""2026-09-09T08:16:13.990578Z"",""seendate"":""20210901T221500Z"",""socialimage"":""https://www.reuters.com/resizer/b-OK7b3YR6qwit_DVyLm29-rRQs=/1200x628/smart/filters:quality(80)/cloudfront-us-east-2.images.arcpublishing.com/reuters/BSYMZT6W4JNJBGGJ33YAGSZPPA.jpg"",""sourcecountry"":""United States"",""title"":""U . S . offshore suppliers plot shift from Louisiana hard - hit ports"",""url"":""https://www.reuters.com/world/us/us-offshore-suppliers-plot-shift-louisianas-hard-hit-ports-2021-09-01/"",""url_mobile"":""""}]"
0622023fc4e399f95a9309f175526b4c71bed5048fe3ace4f8084568285b563e,https://www.reuters.com/legal/legalindustry/arizona-breaks-new-ground-nixing-peremptory-challenges-2021-09-01/,https://www.reuters.com/legal/legalindustry/arizona-breaks-new-ground-nixing-peremptory-challenges-2021-09-01/,Arizona breaks new ground in nixing peremptory challenges,2021-09-01 22:30:00+00:00,2021-09-02 05:30:00+07:00,reuters.com,English,United States,"[""armed_conflict""]",https://www.reuters.com/resizer/QoOScmltyeGjnjz5Wmch0PoahRs=/1200x628/smart/filters:quality(80)/cloudfront-us-east-2.images.arcpublishing.com/reuters/XRTM5HYKYNPTJOABAWQAYGZSSI.jpg,2026-09-09T08:08:23.781656Z,,20210901T223000Z,gdelt_first_seen,"[""https://www.reuters.com/legal/legalindustry/arizona-breaks-new-ground-nixing-peremptory-challenges-2021-09-01/""]",1,[],"[{""domain"":""reuters.com"",""language"":""English"",""logical_end"":""2021-09-02T00:00:00Z"",""logical_start"":""2021-09-01T00:00:00Z"",""query_category"":""armed_conflict"",""query_string"":""(war OR invasion OR missile OR airstrike OR ceasefire OR military OR conflict) domain:reuters.com sourcelang:english"",""requested_end"":""20210902000001"",""requested_start"":""20210831235959"",""retrieved_at_utc"":""2026-09-09T08:08:23.781656Z"",""seendate"":""20210901T223000Z"",""socialimage"":""https://www.reuters.com/resizer/QoOScmltyeGjnjz5Wmch0PoahRs=/1200x628/smart/filters:quality(80)/cloudfront-us-east-2.images.arcpublishing.com/reuters/XRTM5HYKYNPTJOABAWQAYGZSSI.jpg"",""sourcecountry"":""United States"",""title"":""Arizona breaks new ground in nixing peremptory challenges"",""url"":""https://www.reuters.com/legal/legalindustry/arizona-breaks-new-ground-nixing-peremptory-challenges-2021-09-01/"",""url_mobile"":""""}]"
eae749bd503e618b785052483201696ddd027b2b368b9c2d7018cd8633f6eda7,https://www.reuters.com/world/americas/cuba-prepares-vaccinate-its-children-entire-population-2021-09-01/,https://www.reuters.com/world/americas/cuba-prepares-vaccinate-its-children-entire-population-2021-09-01/,"Cuba prepares to vaccinate its children , entire population",2021-09-02 00:15:00+00:00,2021-09-02 07:15:00+07:00,reuters.com,English,United States,"[""sanctions""]",https://www.reuters.com/resizer/RU2Ybbfks1BgUFqLq-HzuXGCF60=/1200x628/smart/filters:quality(80)/cloudfront-us-east-2.images.arcpublishing.com/reuters/IFF64TFKBFNXBCCFPTPKLT2AGI.jpg,2026-09-09T08:10:28.322759Z,,20210902T001500Z,gdelt_first_seen,"[""https://www.reuters.com/world/americas/cuba-prepares-vaccinate-its-children-entire-population-2021-09-01/""]",2,[],"[{""domain"":""reuters.com"",""language"":""English"",""logical_end"":""2021-09-02T00:00:00Z"",""logical_start"":""2021-09-01T00:00:00Z"",""query_category"":""sanctions"",""query_string"":""(sanction OR sanctions OR embargo OR \""asset freeze\"" OR \""export restriction\"") domain:reuters.com sourcelang:english"",""requested_end"":""20210902000001"",""requested_start"":""20210831235959"",""retrieved_at_utc"":""2026-09-09T08:10:28.322759Z"",""seendate"":""20210902T001500Z"",""socialimage"":""https://www.reuters.com/resizer/RU2Ybbfks1BgUFqLq-HzuXGCF60=/1200x628/smart/filters:quality(80)/cloudfront-us-east-2.images.arcpublishing.com/reuters/IFF64TFKBFNXBCCFPTPKLT2AGI.jpg"",""sourcecountry"":""United States"",""title"":""Cuba prepares to vaccinate its children , entire population"",""url"":""https://www.reuters.com/world/americas/cuba-prepares-vaccinate-its-children-entire-population-2021-09-01/"",""url_mobile"":""""},{""domain"":""reuters.com"",""language"":""English"",""logical_end"":""2021-09-03T00:00:00Z"",""logical_start"":""2021-09-02T00:00:00Z"",""query_category"":""sanctions"",""query_string"":""(sanction OR sanctions OR embargo OR \""asset freeze\"" OR \""export restriction\"") domain:reuters.com sourcelang:english"",""requested_end"":""20210903000001"",""requested_start"":""20210901235959"",""retrieved_at_utc"":""2026-09-09T08:42:26.044772Z"",""seendate"":""20210902T001500Z"",""socialimage"":""https://www.reuters.com/resizer/RU2Ybbfks1BgUFqLq-HzuXGCF60=/1200x628/smart/filters:quality(80)/cloudfront-us-east-2.images.arcpublishing.com/reuters/IFF64TFKBFNXBCCFPTPKLT2AGI.jpg"",""sourcecountry"":""United States"",""title"":""Cuba prepares to vaccinate its children , entire population"",""url"":""https://www.reuters.com/world/americas/cuba-prepares-vaccinate-its-children-entire-population-2021-09-01/"",""url_mobile"":""""}]"
da7b0218b0bbca2cb610ad93b44daadf8d177d7724605055f0bd4c351bd06fbf,https://www.reuters.com/world/asia-pacific/thai-royalist-turns-protester-anti-government-movement-broadens-2021-09-02/,https://www.reuters.com/world/asia-pacific/thai-royalist-turns-protester-anti-government-movement-broadens-2021-09-02/,Thai royalist turns protester as anti - government movement broadens,2021-09-02 01:45:00+00:00,2021-09-02 08:45:00+07:00,reuters.com,English,United States,"[""political_instability""]",https://www.reuters.com/resizer/PnNbrK0aEaXweBaQ3keGJYrLF4k=/1200x628/smart/filters:quality(80)/cloudfront-us-east-2.images.arcpublishing.com/reuters/FW3G7XKMXFIW3MI332L3DD4UZY.jpg,2026-09-09T08:47:55.131191Z,,20210902T014500Z,gdelt_first_seen,"[""https://www.reuters.com/world/asia-pacific/thai-royalist-turns-protester-anti-government-movement-broadens-2021-09-02/""]",1,[],"[{""domain"":""reuters.com"",""language"":""English"",""logical_end"":""2021-09-03T00:00:00Z"",""logical_start"":""2021-09-02T00:00:00Z"",""query_category"":""political_instability"",""query_string"":""(coup OR unrest OR impeachment OR \""political crisis\"") domain:reuters.com sourcelang:english"",""requested_end"":""20210903000001"",""requested_start"":""20210901235959"",""retrieved_at_utc"":""2026-09-09T08:47:55.131191Z"",""seendate"":""20210902T014500Z"",""socialimage"":""https://www.reuters.com/resizer/PnNbrK0aEaXweBaQ3keGJYrLF4k=/1200x628/smart/filters:quality(80)/cloudfront-us-east-2.images.arcpublishing.com/reuters/FW3G7XKMXFIW3MI332L3DD4UZY.jpg"",""sourcecountry"":""United States"",""title"":""Thai royalist turns protester as anti - government movement broadens"",""url"":""https://www.reuters.com/world/asia-pacific/thai-royalist-turns-protester-anti-government-movement-broadens-2021-09-02/"",""url_mobile"":""""}]"
0770d04a60c0c58c612f97043685db8c6cf1573cdde71d86893bcc485281d6db,https://www.reuters.com/article/us-usa-ukraine/biden-pledges-u-s-support-security-aid-in-first-meeting-with-ukraines-zelenskiy-idUSKBN2FX2XY,https://www.reuters.com/article/us-usa-ukraine/biden-pledges-u-s-support-security-aid-in-first-meeting-with-ukraines-zelenskiy-idUSKBN2FX2XY,"Biden pledges U . S . support , security aid in first meeting with Ukraine Zelenskiy",2021-09-02 02:30:00+00:00,2021-09-02 09:30:00+07:00,reuters.com,English,United States,"[""armed_conflict"",""political_instability""]",https://static.reuters.com/resources/r/?m=02&d=20210901&t=2&i=1573592768&r=LYNXMPEH8028C,2026-09-09T08:21:58.201867Z,https://mobile.reuters.com/article/amp/idUSKBN2FX2XY,20210902T023000Z,gdelt_first_seen,"[""https://www.reuters.com/article/us-usa-ukraine/biden-pledges-u-s-support-security-aid-in-first-meeting-with-ukraines-zelenskiy-idUSKBN2FX2XY""]",2,[],"[{""domain"":""reuters.com"",""language"":""English"",""logical_end"":""2021-09-03T00:00:00Z"",""logical_start"":""2021-09-02T00:00:00Z"",""query_category"":""armed_conflict"",""query_string"":""(war OR invasion OR missile OR airstrike OR ceasefire OR military OR conflict) domain:reuters.com sourcelang:english"",""requested_end"":""20210903000001"",""requested_start"":""20210901235959"",""retrieved_at_utc"":""2026-09-09T08:21:58.201867Z"",""seendate"":""20210902T023000Z"",""socialimage"":""https://static.reuters.com/resources/r/?m=02&d=20210901&t=2&i=1573592768&r=LYNXMPEH8028C"",""sourcecountry"":""United States"",""title"":""Biden pledges U . S . support , security aid in first meeting with Ukraine Zelenskiy"",""url"":""https://www.reuters.com/article/us-usa-ukraine/biden-pledges-u-s-support-security-aid-in-first-meeting-with-ukraines-zelenskiy-idUSKBN2FX2XY"",""url_mobile"":""https://mobile.reuters.com/article/amp/idUSKBN2FX2XY""},{""domain"":""reuters.com"",""language"":""English"",""logical_end"":""2021-09-03T00:00:00Z"",""logical_start"":""2021-09-02T00:00:00Z"",""query_category"":""political_instability"",""query_string"":""(coup OR unrest OR impeachment OR \""political crisis\"") domain:reuters.com sourcelang:english"",""requested_end"":""20210903000001"",""requested_start"":""20210901235959"",""retrieved_at_utc"":""2026-09-09T08:47:55.131191Z"",""seendate"":""20210902T023000Z"",""socialimage"":""https://static.reuters.com/resources/r/?m=02&d=20210901&t=2&i=1573592768&r=LYNXMPEH8028C"",""sourcecountry"":""United States"",""title"":""Biden pledges U . S . support , security aid in first meeting with Ukraine Zelenskiy"",""url"":""https://www.reuters.com/article/us-usa-ukraine/biden-pledges-u-s-support-security-aid-in-first-meeting-with-ukraines-zelenskiy-idUSKBN2FX2XY"",""url_mobile"":""https://mobile.reuters.com/article/amp/idUSKBN2FX2XY""}]"
9a7a24aeaaf02188dbac3fcb03cbc63c6af4680f666ad16a168993f191b45111,https://www.reuters.com/world/asia-pacific/satellite-imagery-shows-north-korean-troops-preparing-military-parade-reports-2021-09-02/,https://www.reuters.com/world/asia-pacific/satellite-imagery-shows-north-korean-troops-preparing-military-parade-reports-2021-09-02/,Satellite imagery shows North Korean troops preparing for military parade - reports,2021-09-02 04:15:00+00:00,2021-09-02 11:15:00+07:00,reuters.com,English,United States,"[""armed_conflict"",""sanctions""]",https://www.reuters.com/pf/resources/images/reuters/reuters-default.png?d=50,2026-09-09T08:21:58.201867Z,,20210902T041500Z,gdelt_first_seen,"[""https://www.reuters.com/world/asia-pacific/satellite-imagery-shows-north-korean-troops-preparing-military-parade-reports-2021-09-02/""]",2,[],"[{""domain"":""reuters.com"",""language"":""English"",""logical_end"":""2021-09-03T00:00:00Z"",""logical_start"":""2021-09-02T00:00:00Z"",""query_category"":""armed_conflict"",""query_string"":""(war OR invasion OR missile OR airstrike OR ceasefire OR military OR conflict) domain:reuters.com sourcelang:english"",""requested_end"":""20210903000001"",""requested_start"":""20210901235959"",""retrieved_at_utc"":""2026-09-09T08:21:58.201867Z"",""seendate"":""20210902T041500Z"",""socialimage"":""https://www.reuters.com/pf/resources/images/reuters/reuters-default.png?d=50"",""sourcecountry"":""United States"",""title"":""Satellite imagery shows North Korean troops preparing for military parade - reports"",""url"":""https://www.reuters.com/world/asia-pacific/satellite-imagery-shows-north-korean-troops-preparing-military-parade-reports-2021-09-02/"",""url_mobile"":""""},{""domain"":""reuters.com"",""language"":""English"",""logical_end"":""2021-09-03T00:00:00Z"",""logical_start"":""2021-09-02T00:00:00Z"",""query_category"":""sanctions"",""query_string"":""(sanction OR sanctions OR embargo OR \""asset freeze\"" OR \""export restriction\"") domain:reuters.com sourcelang:english"",""requested_end"":""20210903000001"",""requested_start"":""20210901235959"",""retrieved_at_utc"":""2026-09-09T08:42:26.044772Z"",""seendate"":""20210902T041500Z"",""socialimage"":""https://www.reuters.com/pf/resources/images/reuters/reuters-default.png?d=50"",""sourcecountry"":""United States"",""title"":""Satellite imagery shows North Korean troops preparing for military parade - reports"",""url"":""https://www.reuters.com/world/asia-pacific/satellite-imagery-shows-north-korean-troops-preparing-military-parade-reports-2021-09-02/"",""url_mobile"":""""}]"
ec8abfa38093df1d8308457cb630c46d98c6b9d3a8c64ea902baf1871cc3ecd0,https://www.reuters.com/article/us-northkorea-military-parade/satellite-imagery-shows-north-korean-troops-preparing-for-military-parade-reports-idUSKBN2FY08J,https://www.reuters.com/article/us-northkorea-military-parade/satellite-imagery-shows-north-korean-troops-preparing-for-military-parade-reports-idUSKBN2FY08J,Satellite imagery shows North Korean troops preparing for military parade - reports,2021-09-02 04:45:00+00:00,2021-09-02 11:45:00+07:00,reuters.com,English,United States,"[""armed_conflict"",""sanctions""]",https://static.reuters.com/resources/r/?m=02&d=20210902&t=2&i=1573630408&r=LYNXMPEH8103P,2026-09-09T08:21:58.201867Z,https://mobile.reuters.com/article/amp/idUSKBN2FY08J,20210902T044500Z,gdelt_first_seen,"[""https://www.reuters.com/article/us-northkorea-military-parade/satellite-imagery-shows-north-korean-troops-preparing-for-military-parade-reports-idUSKBN2FY08J""]",2,[],"[{""domain"":""reuters.com"",""language"":""English"",""logical_end"":""2021-09-03T00:00:00Z"",""logical_start"":""2021-09-02T00:00:00Z"",""query_category"":""armed_conflict"",""query_string"":""(war OR invasion OR missile OR airstrike OR ceasefire OR military OR conflict) domain:reuters.com sourcelang:english"",""requested_end"":""20210903000001"",""requested_start"":""20210901235959"",""retrieved_at_utc"":""2026-09-09T08:21:58.201867Z"",""seendate"":""20210902T044500Z"",""socialimage"":""https://static.reuters.com/resources/r/?m=02&d=20210902&t=2&i=1573630408&r=LYNXMPEH8103P"",""sourcecountry"":""United States"",""title"":""Satellite imagery shows North Korean troops preparing for military parade - reports"",""url"":""https://www.reuters.com/article/us-northkorea-military-parade/satellite-imagery-shows-north-korean-troops-preparing-for-military-parade-reports-idUSKBN2FY08J"",""url_mobile"":""https://mobile.reuters.com/article/amp/idUSKBN2FY08J""},{""domain"":""reuters.com"",""language"":""English"",""logical_end"":""2021-09-03T00:00:00Z"",""logical_start"":""2021-09-02T00:00:00Z"",""query_category"":""sanctions"",""query_string"":""(sanction OR sanctions OR embargo OR \""asset freeze\"" OR \""export restriction\"") domain:reuters.com sourcelang:english"",""requested_end"":""20210903000001"",""requested_start"":""20210901235959"",""retrieved_at_utc"":""2026-09-09T08:42:26.044772Z"",""seendate"":""20210902T044500Z"",""socialimage"":""https://static.reuters.com/resources/r/?m=02&d=20210902&t=2&i=1573630408&r=LYNXMPEH8103P"",""sourcecountry"":""United States"",""title"":""Satellite imagery shows North Korean troops preparing for military parade - reports"",""url"":""https://www.reuters.com/article/us-northkorea-military-parade/satellite-imagery-shows-north-korean-troops-preparing-for-military-parade-reports-idUSKBN2FY08J"",""url_mobile"":""https://mobile.reuters.com/article/amp/idUSKBN2FY08J""}]"
55d92506ff18e94e392b83fd9c93a2548fce57653e89d5b132d6317960ad394e,https://www.reuters.com/article/us-afghanistan-conflict/taliban-preparing-to-reveal-new-afghan-government-amid-economic-turmoil-idUSKBN2FY0AR,https://www.reuters.com/article/us-afghanistan-conflict/taliban-preparing-to-reveal-new-afghan-government-amid-economic-turmoil-idUSKBN2FY0AR,Taliban preparing to reveal new Afghan government amid economic turmoil,2021-09-02 05:15:00+00:00,2021-09-02 12:15:00+07:00,reuters.com,English,United States,"[""armed_conflict""]",https://static.reuters.com/resources/r/?m=02&d=20210902&t=2&i=1573632596&r=LYNXMPEH8104P,2026-09-09T08:21:58.201867Z,https://mobile.reuters.com/article/amp/idUSKBN2FY0AY,20210902T051500Z,gdelt_first_seen,"[""https://www.reuters.com/article/us-afghanistan-conflict/taliban-preparing-to-reveal-new-afghan-government-amid-economic-turmoil-idUSKBN2FY0AR""]",1,[],"[{""domain"":""reuters.com"",""language"":""English"",""logical_end"":""2021-09-03T00:00:00Z"",""logical_start"":""2021-09-02T00:00:00Z"",""query_category"":""armed_conflict"",""query_string"":""(war OR invasion OR missile OR airstrike OR ceasefire OR military OR conflict) domain:reuters.com sourcelang:english"",""requested_end"":""20210903000001"",""requested_start"":""20210901235959"",""retrieved_at_utc"":""2026-09-09T08:21:58.201867Z"",""seendate"":""20210902T051500Z"",""socialimage"":""https://static.reuters.com/resources/r/?m=02&d=20210902&t=2&i=1573632596&r=LYNXMPEH8104P"",""sourcecountry"":""United States"",""title"":""Taliban preparing to reveal new Afghan government amid economic turmoil"",""url"":""https://www.reuters.com/article/us-afghanistan-conflict/taliban-preparing-to-reveal-new-afghan-government-amid-economic-turmoil-idUSKBN2FY0AR"",""url_mobile"":""https://mobile.reuters.com/article/amp/idUSKBN2FY0AY""}]"
98a07e0e99a3b6957cb4c8be2abeba45fcf77413391eb0818c4f455514f0a9d2,https://www.reuters.com/world/lebanon-free-fall-must-not-become-horror-story-us-senator-warns-2021-09-01/,https://www.reuters.com/world/lebanon-free-fall-must-not-become-horror-story-us-senator-warns-2021-09-01/,"Lebanon in free fall , must not become horror story , US senator warns",2021-09-02 05:30:00+00:00,2021-09-02 12:30:00+07:00,reuters.com,English,United States,"[""armed_conflict"",""sanctions""]",https://www.reuters.com/resizer/vLim88rdYkGlSAWCQf93ob1L8sg=/1200x628/smart/filters:quality(80)/cloudfront-us-east-2.images.arcpublishing.com/reuters/62TOLFEVCFJLDCU3JZM2R3P35I.jpg,2026-09-09T08:21:58.201867Z,,20210902T053000Z,gdelt_first_seen,"[""https://www.reuters.com/world/lebanon-free-fall-must-not-become-horror-story-us-senator-warns-2021-09-01/""]",2,[],"[{""domain"":""reuters.com"",""language"":""English"",""logical_end"":""2021-09-03T00:00:00Z"",""logical_start"":""2021-09-02T00:00:00Z"",""query_category"":""armed_conflict"",""query_string"":""(war OR invasion OR missile OR airstrike OR ceasefire OR military OR conflict) domain:reuters.com sourcelang:english"",""requested_end"":""20210903000001"",""requested_start"":""20210901235959"",""retrieved_at_utc"":""2026-09-09T08:21:58.201867Z"",""seendate"":""20210902T053000Z"",""socialimage"":""https://www.reuters.com/resizer/vLim88rdYkGlSAWCQf93ob1L8sg=/1200x628/smart/filters:quality(80)/cloudfront-us-east-2.images.arcpublishing.com/reuters/62TOLFEVCFJLDCU3JZM2R3P35I.jpg"",""sourcecountry"":""United States"",""title"":""Lebanon in free fall , must not become  horror story , US senator warns"",""url"":""https://www.reuters.com/world/lebanon-free-fall-must-not-become-horror-story-us-senator-warns-2021-09-01/"",""url_mobile"":""""},{""domain"":""reuters.com"",""language"":""English"",""logical_end"":""2021-09-03T00:00:00Z"",""logical_start"":""2021-09-02T00:00:00Z"",""query_category"":""sanctions"",""query_string"":""(sanction OR sanctions OR embargo OR \""asset freeze\"" OR \""export restriction\"") domain:reuters.com sourcelang:english"",""requested_end"":""20210903000001"",""requested_start"":""20210901235959"",""retrieved_at_utc"":""2026-09-09T08:42:26.044772Z"",""seendate"":""20210902T053000Z"",""socialimage"":""https://www.reuters.com/resizer/vLim88rdYkGlSAWCQf93ob1L8sg=/1200x628/smart/filters:quality(80)/cloudfront-us-east-2.images.arcpublishing.com/reuters/62TOLFEVCFJLDCU3JZM2R3P35I.jpg"",""sourcecountry"":""United States"",""title"":""Lebanon in free fall , must not become  horror story , US senator warns"",""url"":""https://www.reuters.com/world/lebanon-free-fall-must-not-become-horror-story-us-senator-warns-2021-09-01/"",""url_mobile"":""""}]"
6618cc145a9bcd73089d4d4faa4f01153c9af8cab2be4fe069ec5cb84cbfc2de,https://www.reuters.com/article/idUSKBN2FY0AR,https://www.reuters.com/article/idUSKBN2FY0AR,Taliban preparing to reveal new Afghan government amid economic turmoil,2021-09-02 06:15:00+00:00,2021-09-02 13:15:00+07:00,reuters.com,English,United States,"[""armed_conflict""]",https://static.reuters.com/resources/r/?m=02&d=20210902&t=2&i=1573632596&r=LYNXMPEH8104P,2026-09-09T08:21:58.201867Z,https://mobile.reuters.com/article/amp/idUSKBN2FY0AY,20210902T061500Z,gdelt_first_seen,"[""https://www.reuters.com/article/idUSKBN2FY0AR""]",1,[],"[{""domain"":""reuters.com"",""language"":""English"",""logical_end"":""2021-09-03T00:00:00Z"",""logical_start"":""2021-09-02T00:00:00Z"",""query_category"":""armed_conflict"",""query_string"":""(war OR invasion OR missile OR airstrike OR ceasefire OR military OR conflict) domain:reuters.com sourcelang:english"",""requested_end"":""20210903000001"",""requested_start"":""20210901235959"",""retrieved_at_utc"":""2026-09-09T08:21:58.201867Z"",""seendate"":""20210902T061500Z"",""socialimage"":""https://static.reuters.com/resources/r/?m=02&d=20210902&t=2&i=1573632596&r=LYNXMPEH8104P"",""sourcecountry"":""United States"",""title"":""Taliban preparing to reveal new Afghan government amid economic turmoil"",""url"":""https://www.reuters.com/article/idUSKBN2FY0AR"",""url_mobile"":""https://mobile.reuters.com/article/amp/idUSKBN2FY0AY""}]"
63b8a2863628014afd6dd0c733838832cc12f5c73e03612c165487042a851d60,https://www.reuters.com/article/topNews/idUSKBN2FY08J,https://www.reuters.com/article/topNews/idUSKBN2FY08J,Satellite imagery shows North Korean troops preparing for military parade - reports,2021-09-02 06:15:00+00:00,2021-09-02 13:15:00+07:00,reuters.com,English,United States,"[""armed_conflict"",""sanctions""]",https://static.reuters.com/resources/r/?m=02&d=20210902&t=2&i=1573630408&r=LYNXMPEH8103P,2026-09-09T08:21:58.201867Z,https://mobile.reuters.com/article/amp/idUSKBN2FY08J,20210902T061500Z,gdelt_first_seen,"[""https://www.reuters.com/article/topNews/idUSKBN2FY08J""]",2,[],"[{""domain"":""reuters.com"",""language"":""English"",""logical_end"":""2021-09-03T00:00:00Z"",""logical_start"":""2021-09-02T00:00:00Z"",""query_category"":""armed_conflict"",""query_string"":""(war OR invasion OR missile OR airstrike OR ceasefire OR military OR conflict) domain:reuters.com sourcelang:english"",""requested_end"":""20210903000001"",""requested_start"":""20210901235959"",""retrieved_at_utc"":""2026-09-09T08:21:58.201867Z"",""seendate"":""20210902T061500Z"",""socialimage"":""https://static.reuters.com/resources/r/?m=02&d=20210902&t=2&i=1573630408&r=LYNXMPEH8103P"",""sourcecountry"":""United States"",""title"":""Satellite imagery shows North Korean troops preparing for military parade - reports"",""url"":""https://www.reuters.com/article/topNews/idUSKBN2FY08J"",""url_mobile"":""https://mobile.reuters.com/article/amp/idUSKBN2FY08J""},{""domain"":""reuters.com"",""language"":""English"",""logical_end"":""2021-09-03T00:00:00Z"",""logical_start"":""2021-09-02T00:00:00Z"",""query_category"":""sanctions"",""query_string"":""(sanction OR sanctions OR embargo OR \""asset freeze\"" OR \""export restriction\"") domain:reuters.com sourcelang:english"",""requested_end"":""20210903000001"",""requested_start"":""20210901235959"",""retrieved_at_utc"":""2026-09-09T08:42:26.044772Z"",""seendate"":""20210902T061500Z"",""socialimage"":""https://static.reuters.com/resources/r/?m=02&d=20210902&t=2&i=1573630408&r=LYNXMPEH8103P"",""sourcecountry"":""United States"",""title"":""Satellite imagery shows North Korean troops preparing for military parade - reports"",""url"":""https://www.reuters.com/article/topNews/idUSKBN2FY08J"",""url_mobile"":""https://mobile.reuters.com/article/amp/idUSKBN2FY08J""}]"
f65efd385b96e99fc2dc182b2e246524c1e8295c80c5b35217c18b839432ba7a,https://www.reuters.com/article/topNews/idUSKBN2FY0D8,https://www.reuters.com/article/topNews/idUSKBN2FY0D8,"Explainer : What leverage do U . S ., allies have over Taliban in Afghanistan ?",2021-09-02 06:15:00+00:00,2021-09-02 13:15:00+07:00,reuters.com,English,United States,"[""sanctions""]",https://static.reuters.com/resources/r/?m=02&d=20210902&t=2&i=1573636772&r=LYNXMPEH81063,2026-09-09T08:42:26.044772Z,https://mobile.reuters.com/article/amp/idUSKBN2FY0DG,20210902T061500Z,gdelt_first_seen,"[""https://www.reuters.com/article/topNews/idUSKBN2FY0D8""]",1,[],"[{""domain"":""reuters.com"",""language"":""English"",""logical_end"":""2021-09-03T00:00:00Z"",""logical_start"":""2021-09-02T00:00:00Z"",""query_category"":""sanctions"",""query_string"":""(sanction OR sanctions OR embargo OR \""asset freeze\"" OR \""export restriction\"") domain:reuters.com sourcelang:english"",""requested_end"":""20210903000001"",""requested_start"":""20210901235959"",""retrieved_at_utc"":""2026-09-09T08:42:26.044772Z"",""seendate"":""20210902T061500Z"",""socialimage"":""https://static.reuters.com/resources/r/?m=02&d=20210902&t=2&i=1573636772&r=LYNXMPEH81063"",""sourcecountry"":""United States"",""title"":""Explainer : What leverage do U . S ., allies have over Taliban in Afghanistan ? "",""url"":""https://www.reuters.com/article/topNews/idUSKBN2FY0D8"",""url_mobile"":""https://mobile.reuters.com/article/amp/idUSKBN2FY0DG""}]"
df660845acc83ba27078b9b97bd0f05508b47aad7627ad5fb81ef1cf92c3c506,https://www.reuters.com/article/us-afghanistan-conflict-idUSKBN2FY0AR,https://www.reuters.com/article/us-afghanistan-conflict-idUSKBN2FY0AR,Taliban preparing to reveal new Afghan government amid economic turmoil,2021-09-02 06:15:00+00:00,2021-09-02 13:15:00+07:00,reuters.com,English,United States,"[""armed_conflict""]",https://static.reuters.com/resources/r/?m=02&d=20210902&t=2&i=1573632596&r=LYNXMPEH8104P,2026-09-09T08:21:58.201867Z,https://mobile.reuters.com/article/amp/idUSKBN2FY0AY,20210902T061500Z,gdelt_first_seen,"[""https://www.reuters.com/article/us-afghanistan-conflict-idUSKBN2FY0AR""]",1,[],"[{""domain"":""reuters.com"",""language"":""English"",""logical_end"":""2021-09-03T00:00:00Z"",""logical_start"":""2021-09-02T00:00:00Z"",""query_category"":""armed_conflict"",""query_string"":""(war OR invasion OR missile OR airstrike OR ceasefire OR military OR conflict) domain:reuters.com sourcelang:english"",""requested_end"":""20210903000001"",""requested_start"":""20210901235959"",""retrieved_at_utc"":""2026-09-09T08:21:58.201867Z"",""seendate"":""20210902T061500Z"",""socialimage"":""https://static.reuters.com/resources/r/?m=02&d=20210902&t=2&i=1573632596&r=LYNXMPEH8104P"",""sourcecountry"":""United States"",""title"":""Taliban preparing to reveal new Afghan government amid economic turmoil"",""url"":""https://www.reuters.com/article/us-afghanistan-conflict-idUSKBN2FY0AR"",""url_mobile"":""https://mobile.reuters.com/article/amp/idUSKBN2FY0AY""}]"
15e8c85bc8c877e2a495621b3ff62d68d99917f0f32291e9c6427620aeb33097,https://www.reuters.com/world/chinese-tabloid-says-detained-canadians-linked-by-photos-military-equipment-2021-09-02/,https://www.reuters.com/world/chinese-tabloid-says-detained-canadians-linked-by-photos-military-equipment-2021-09-02/,Chinese tabloid says detained Canadians linked by photos of military equipment,2021-09-02 06:15:00+00:00,2021-09-02 13:15:00+07:00,reuters.com,English,United States,"[""armed_conflict"",""sanctions""]",https://www.reuters.com/resizer/cNN7zHXJjTaIuxm5OOc4QI6e6KQ=/1200x628/smart/filters:quality(80)/cloudfront-us-east-2.images.arcpublishing.com/reuters/WIVM3ITQWNO6BFG6HXGBQ4EUMI.jpg,2026-09-09T08:21:58.201867Z,,20210902T061500Z,gdelt_first_seen,"[""https://www.reuters.com/world/chinese-tabloid-says-detained-canadians-linked-by-photos-military-equipment-2021-09-02/""]",2,[],"[{""domain"":""reuters.com"",""language"":""English"",""logical_end"":""2021-09-03T00:00:00Z"",""logical_start"":""2021-09-02T00:00:00Z"",""query_category"":""armed_conflict"",""query_string"":""(war OR invasion OR missile OR airstrike OR ceasefire OR military OR conflict) domain:reuters.com sourcelang:english"",""requested_end"":""20210903000001"",""requested_start"":""20210901235959"",""retrieved_at_utc"":""2026-09-09T08:21:58.201867Z"",""seendate"":""20210902T061500Z"",""socialimage"":""https://www.reuters.com/resizer/cNN7zHXJjTaIuxm5OOc4QI6e6KQ=/1200x628/smart/filters:quality(80)/cloudfront-us-east-2.images.arcpublishing.com/reuters/WIVM3ITQWNO6BFG6HXGBQ4EUMI.jpg"",""sourcecountry"":""United States"",""title"":""Chinese tabloid says detained Canadians linked by photos of military equipment"",""url"":""https://www.reuters.com/world/chinese-tabloid-says-detained-canadians-linked-by-photos-military-equipment-2021-09-02/"",""url_mobile"":""""},{""domain"":""reuters.com"",""language"":""English"",""logical_end"":""2021-09-03T00:00:00Z"",""logical_start"":""2021-09-02T00:00:00Z"",""query_category"":""sanctions"",""query_string"":""(sanction OR sanctions OR embargo OR \""asset freeze\"" OR \""export restriction\"") domain:reuters.com sourcelang:english"",""requested_end"":""20210903000001"",""requested_start"":""20210901235959"",""retrieved_at_utc"":""2026-09-09T08:42:26.044772Z"",""seendate"":""20210902T061500Z"",""socialimage"":""https://www.reuters.com/resizer/cNN7zHXJjTaIuxm5OOc4QI6e6KQ=/1200x628/smart/filters:quality(80)/cloudfront-us-east-2.images.arcpublishing.com/reuters/WIVM3ITQWNO6BFG6HXGBQ4EUMI.jpg"",""sourcecountry"":""United States"",""title"":""Chinese tabloid says detained Canadians linked by photos of military equipment"",""url"":""https://www.reuters.com/world/chinese-tabloid-says-detained-canadians-linked-by-photos-military-equipment-2021-09-02/"",""url_mobile"":""""}]"
f58f12c2b2c40d69ebf01d02abda6df22167a03ef9d22d93290a87b4ab5e6222,https://www.reuters.com/article/us-egypt-new-capital-technology-idUSKBN2FY0FZ,https://www.reuters.com/article/us-egypt-new-capital-technology-idUSKBN2FY0FZ,"From creaking Cairo , Egypt plans high - tech leap with new capital",2021-09-02 06:45:00+00:00,2021-09-02 13:45:00+07:00,reuters.com,English,United States,"[""armed_conflict""]",https://static.reuters.com/resources/r/?m=02&d=20210902&t=2&i=1573639237&r=LYNXMPEH8106P,2026-09-09T08:21:58.201867Z,https://mobile.reuters.com/article/amp/idUSKBN2FY0FZ,20210902T064500Z,gdelt_first_seen,"[""https://www.reuters.com/article/us-egypt-new-capital-technology-idUSKBN2FY0FZ""]",1,[],"[{""domain"":""reuters.com"",""language"":""English"",""logical_end"":""2021-09-03T00:00:00Z"",""logical_start"":""2021-09-02T00:00:00Z"",""query_category"":""armed_conflict"",""query_string"":""(war OR invasion OR missile OR airstrike OR ceasefire OR military OR conflict) domain:reuters.com sourcelang:english"",""requested_end"":""20210903000001"",""requested_start"":""20210901235959"",""retrieved_at_utc"":""2026-09-09T08:21:58.201867Z"",""seendate"":""20210902T064500Z"",""socialimage"":""https://static.reuters.com/resources/r/?m=02&d=20210902&t=2&i=1573639237&r=LYNXMPEH8106P"",""sourcecountry"":""United States"",""title"":""From creaking Cairo , Egypt plans high - tech leap with new capital"",""url"":""https://www.reuters.com/article/us-egypt-new-capital-technology-idUSKBN2FY0FZ"",""url_mobile"":""https://mobile.reuters.com/article/amp/idUSKBN2FY0FZ""}]"
15f94029b9a39a6bac905263db3ceadf837472919c43c50599a0e90c8bc38557,https://www.reuters.com/article/us-afghanistan-conflict-usa-leverage/explainer-what-leverage-do-u-s-allies-have-over-taliban-in-afghanistan-idUSKBN2FY0D8,https://www.reuters.com/article/us-afghanistan-conflict-usa-leverage/explainer-what-leverage-do-u-s-allies-have-over-taliban-in-afghanistan-idUSKBN2FY0D8,"Explainer : What leverage do U . S ., allies have over Taliban in Afghanistan ?",2021-09-02 07:00:00+00:00,2021-09-02 14:00:00+07:00,reuters.com,English,United States,"[""sanctions""]",https://static.reuters.com/resources/r/?m=02&d=20210902&t=2&i=1573636772&r=LYNXMPEH81063,2026-09-09T08:42:26.044772Z,https://mobile.reuters.com/article/amp/idUSKBN2FY0DG,20210902T070000Z,gdelt_first_seen,"[""https://www.reuters.com/article/us-afghanistan-conflict-usa-leverage/explainer-what-leverage-do-u-s-allies-have-over-taliban-in-afghanistan-idUSKBN2FY0D8""]",1,[],"[{""domain"":""reuters.com"",""language"":""English"",""logical_end"":""2021-09-03T00:00:00Z"",""logical_start"":""2021-09-02T00:00:00Z"",""query_category"":""sanctions"",""query_string"":""(sanction OR sanctions OR embargo OR \""asset freeze\"" OR \""export restriction\"") domain:reuters.com sourcelang:english"",""requested_end"":""20210903000001"",""requested_start"":""20210901235959"",""retrieved_at_utc"":""2026-09-09T08:42:26.044772Z"",""seendate"":""20210902T070000Z"",""socialimage"":""https://static.reuters.com/resources/r/?m=02&d=20210902&t=2&i=1573636772&r=LYNXMPEH81063"",""sourcecountry"":""United States"",""title"":""Explainer : What leverage do U . S ., allies have over Taliban in Afghanistan ? "",""url"":""https://www.reuters.com/article/us-afghanistan-conflict-usa-leverage/explainer-what-leverage-do-u-s-allies-have-over-taliban-in-afghanistan-idUSKBN2FY0D8"",""url_mobile"":""https://mobile.reuters.com/article/amp/idUSKBN2FY0DG""}]"
2f3fe296a2fc051c3666fd4e84d662404707073c857ee5386b1aea64159b04c7,https://www.reuters.com/article/us-egypt-new-capital-technology/from-creaking-cairo-egypt-plans-high-tech-leap-with-new-capital-idUSKBN2FY0FZ,https://www.reuters.com/article/us-egypt-new-capital-technology/from-creaking-cairo-egypt-plans-high-tech-leap-with-new-capital-idUSKBN2FY0FZ,"From creaking Cairo , Egypt plans high - tech leap with new capital",2021-09-02 07:00:00+00:00,2021-09-02 14:00:00+07:00,reuters.com,English,United States,"[""armed_conflict""]",https://static.reuters.com/resources/r/?m=02&d=20210902&t=2&i=1573639237&r=LYNXMPEH8106P,2026-09-09T08:21:58.201867Z,https://mobile.reuters.com/article/amp/idUSKBN2FY0FZ,20210902T070000Z,gdelt_first_seen,"[""https://www.reuters.com/article/us-egypt-new-capital-technology/from-creaking-cairo-egypt-plans-high-tech-leap-with-new-capital-idUSKBN2FY0FZ""]",1,[],"[{""domain"":""reuters.com"",""language"":""English"",""logical_end"":""2021-09-03T00:00:00Z"",""logical_start"":""2021-09-02T00:00:00Z"",""query_category"":""armed_conflict"",""query_string"":""(war OR invasion OR missile OR airstrike OR ceasefire OR military OR conflict) domain:reuters.com sourcelang:english"",""requested_end"":""20210903000001"",""requested_start"":""20210901235959"",""retrieved_at_utc"":""2026-09-09T08:21:58.201867Z"",""seendate"":""20210902T070000Z"",""socialimage"":""https://static.reuters.com/resources/r/?m=02&d=20210902&t=2&i=1573639237&r=LYNXMPEH8106P"",""sourcecountry"":""United States"",""title"":""From creaking Cairo , Egypt plans high - tech leap with new capital"",""url"":""https://www.reuters.com/article/us-egypt-new-capital-technology/from-creaking-cairo-egypt-plans-high-tech-leap-with-new-capital-idUSKBN2FY0FZ"",""url_mobile"":""https://mobile.reuters.com/article/amp/idUSKBN2FY0FZ""}]"
3b105af4d804da41d28adc481c1063ffc866e250e0c927b86304dfd6df249030,https://www.reuters.com/world/middle-east/creaking-cairo-egypt-plans-high-tech-leap-with-new-capital-2021-09-02/,https://www.reuters.com/world/middle-east/creaking-cairo-egypt-plans-high-tech-leap-with-new-capital-2021-09-02/,"From creaking Cairo , Egypt plans high - tech leap with new capital",2021-09-02 07:00:00+00:00,2021-09-02 14:00:00+07:00,reuters.com,English,United States,"[""armed_conflict""]",https://www.reuters.com/resizer/OtGakzVmkqmv4BQQ24YAvu9j9MI=/1200x628/smart/filters:quality(80)/cloudfront-us-east-2.images.arcpublishing.com/reuters/3G4PLWASJBLQVALMFVGYGVLQDQ.jpg,2026-09-09T08:21:58.201867Z,,20210902T070000Z,gdelt_first_seen,"[""https://www.reuters.com/world/middle-east/creaking-cairo-egypt-plans-high-tech-leap-with-new-capital-2021-09-02/""]",1,[],"[{""domain"":""reuters.com"",""language"":""English"",""logical_end"":""2021-09-03T00:00:00Z"",""logical_start"":""2021-09-02T00:00:00Z"",""query_category"":""armed_conflict"",""query_string"":""(war OR invasion OR missile OR airstrike OR ceasefire OR military OR conflict) domain:reuters.com sourcelang:english"",""requested_end"":""20210903000001"",""requested_start"":""20210901235959"",""retrieved_at_utc"":""2026-09-09T08:21:58.201867Z"",""seendate"":""20210902T070000Z"",""socialimage"":""https://www.reuters.com/resizer/OtGakzVmkqmv4BQQ24YAvu9j9MI=/1200x628/smart/filters:quality(80)/cloudfront-us-east-2.images.arcpublishing.com/reuters/3G4PLWASJBLQVALMFVGYGVLQDQ.jpg"",""sourcecountry"":""United States"",""title"":""From creaking Cairo , Egypt plans high - tech leap with new capital"",""url"":""https://www.reuters.com/world/middle-east/creaking-cairo-egypt-plans-high-tech-leap-with-new-capital-2021-09-02/"",""url_mobile"":""""}]"
9ce14b37693c8ba4d8ec056f9cf890e62bb8b10c7483285aaed7c6e01de3a024,https://www.reuters.com/world/middle-east/israeli-military-investigates-fatal-shooting-palestinian-2021-09-02/,https://www.reuters.com/world/middle-east/israeli-military-investigates-fatal-shooting-palestinian-2021-09-02/,Israeli military investigates fatal shooting of Palestinian,2021-09-02 07:00:00+00:00,2021-09-02 14:00:00+07:00,reuters.com,English,United States,"[""armed_conflict""]",https://www.reuters.com/resizer/93XucJ7m7L_km3Kx5wWv7LUPX_c=/1200x628/smart/filters:quality(80)/cloudfront-us-east-2.images.arcpublishing.com/reuters/PVFAORGUUNKJ3DG7DFYNRWAGZY.jpg,2026-09-09T08:21:58.201867Z,,20210902T070000Z,gdelt_first_seen,"[""https://www.reuters.com/world/middle-east/israeli-military-investigates-fatal-shooting-palestinian-2021-09-02/""]",1,[],"[{""domain"":""reuters.com"",""language"":""English"",""logical_end"":""2021-09-03T00:00:00Z"",""logical_start"":""2021-09-02T00:00:00Z"",""query_category"":""armed_conflict"",""query_string"":""(war OR invasion OR missile OR airstrike OR ceasefire OR military OR conflict) domain:reuters.com sourcelang:english"",""requested_end"":""20210903000001"",""requested_start"":""20210901235959"",""retrieved_at_utc"":""2026-09-09T08:21:58.201867Z"",""seendate"":""20210902T070000Z"",""socialimage"":""https://www.reuters.com/resizer/93XucJ7m7L_km3Kx5wWv7LUPX_c=/1200x628/smart/filters:quality(80)/cloudfront-us-east-2.images.arcpublishing.com/reuters/PVFAORGUUNKJ3DG7DFYNRWAGZY.jpg"",""sourcecountry"":""United States"",""title"":""Israeli military investigates fatal shooting of Palestinian"",""url"":""https://www.reuters.com/world/middle-east/israeli-military-investigates-fatal-shooting-palestinian-2021-09-02/"",""url_mobile"":""""}]"
4b95352ebc672dc2ce710a920800f10a7bf62eabe6229607182ff84401f44b9d,https://www.reuters.com/article/us-southkorea-missiles-idUSKBN2FY0IS,https://www.reuters.com/article/us-southkorea-missiles-idUSKBN2FY0IS,S . Korea says it is developing more powerful missiles to deter N . Korea,2021-09-02 07:45:00+00:00,2021-09-02 14:45:00+07:00,reuters.com,English,United States,"[""armed_conflict""]",https://s1.reutersmedia.net/resources_v2/images/rcom-default.png,2026-09-09T08:21:58.201867Z,https://mobile.reuters.com/article/amp/idUSKBN2FY0IS,20210902T074500Z,gdelt_first_seen,"[""https://www.reuters.com/article/us-southkorea-missiles-idUSKBN2FY0IS""]",1,[],"[{""domain"":""reuters.com"",""language"":""English"",""logical_end"":""2021-09-03T00:00:00Z"",""logical_start"":""2021-09-02T00:00:00Z"",""query_category"":""armed_conflict"",""query_string"":""(war OR invasion OR missile OR airstrike OR ceasefire OR military OR conflict) domain:reuters.com sourcelang:english"",""requested_end"":""20210903000001"",""requested_start"":""20210901235959"",""retrieved_at_utc"":""2026-09-09T08:21:58.201867Z"",""seendate"":""20210902T074500Z"",""socialimage"":""https://s1.reutersmedia.net/resources_v2/images/rcom-default.png"",""sourcecountry"":""United States"",""title"":""S . Korea says it is developing more powerful missiles to deter N . Korea"",""url"":""https://www.reuters.com/article/us-southkorea-missiles-idUSKBN2FY0IS"",""url_mobile"":""https://mobile.reuters.com/article/amp/idUSKBN2FY0IS""}]"
9e2acb780529fdef24d089045e74306b9bba980c757dc706c013185de9007b2f,https://www.reuters.com/world/skorea-says-it-is-developing-more-powerful-missiles-deter-nkorea-2021-09-02/,https://www.reuters.com/world/skorea-says-it-is-developing-more-powerful-missiles-deter-nkorea-2021-09-02/,S . Korea says it is developing more powerful missiles to deter N . Korea,2021-09-02 08:00:00+00:00,2021-09-02 15:00:00+07:00,reuters.com,English,United States,"[""armed_conflict""]",https://www.reuters.com/pf/resources/images/reuters/reuters-default.png?d=50,2026-09-09T08:21:58.201867Z,,20210902T080000Z,gdelt_first_seen,"[""https://www.reuters.com/world/skorea-says-it-is-developing-more-powerful-missiles-deter-nkorea-2021-09-02/""]",1,[],"[{""domain"":""reuters.com"",""language"":""English"",""logical_end"":""2021-09-03T00:00:00Z"",""logical_start"":""2021-09-02T00:00:00Z"",""query_category"":""armed_conflict"",""query_string"":""(war OR invasion OR missile OR airstrike OR ceasefire OR military OR conflict) domain:reuters.com sourcelang:english"",""requested_end"":""20210903000001"",""requested_start"":""20210901235959"",""retrieved_at_utc"":""2026-09-09T08:21:58.201867Z"",""seendate"":""20210902T080000Z"",""socialimage"":""https://www.reuters.com/pf/resources/images/reuters/reuters-default.png?d=50"",""sourcecountry"":""United States"",""title"":""S . Korea says it is developing more powerful missiles to deter N . Korea"",""url"":""https://www.reuters.com/world/skorea-says-it-is-developing-more-powerful-missiles-deter-nkorea-2021-09-02/"",""url_mobile"":""""}]"
d04e0eded1a327aa7c5ba1ad39fd90d8eddf61488db1d86ea87400b5cc3072ea,https://www.reuters.com/world/kremlin-says-us-military-help-could-make-ukraine-behave-unpredictably-2021-09-02/,https://www.reuters.com/world/kremlin-says-us-military-help-could-make-ukraine-behave-unpredictably-2021-09-02/,Kremlin says U . S . military help could make Ukraine behave unpredictably,2021-09-02 09:15:00+00:00,2021-09-02 16:15:00+07:00,reuters.com,English,United States,"[""armed_conflict""]",https://www.reuters.com/resizer/t_h_OyHp87rRWRf5Fi_fZ5Qc944=/1200x628/smart/filters:quality(80)/cloudfront-us-east-2.images.arcpublishing.com/reuters/FLGOX7IWTJOBDESMZ4FPQG4B5M.jpg,2026-09-09T08:21:58.201867Z,,20210902T091500Z,gdelt_first_seen,"[""https://www.reuters.com/world/kremlin-says-us-military-help-could-make-ukraine-behave-unpredictably-2021-09-02/""]",1,[],"[{""domain"":""reuters.com"",""language"":""English"",""logical_end"":""2021-09-03T00:00:00Z"",""logical_start"":""2021-09-02T00:00:00Z"",""query_category"":""armed_conflict"",""query_string"":""(war OR invasion OR missile OR airstrike OR ceasefire OR military OR conflict) domain:reuters.com sourcelang:english"",""requested_end"":""20210903000001"",""requested_start"":""20210901235959"",""retrieved_at_utc"":""2026-09-09T08:21:58.201867Z"",""seendate"":""20210902T091500Z"",""socialimage"":""https://www.reuters.com/resizer/t_h_OyHp87rRWRf5Fi_fZ5Qc944=/1200x628/smart/filters:quality(80)/cloudfront-us-east-2.images.arcpublishing.com/reuters/FLGOX7IWTJOBDESMZ4FPQG4B5M.jpg"",""sourcecountry"":""United States"",""title"":""Kremlin says U . S . military help could make Ukraine behave unpredictably"",""url"":""https://www.reuters.com/world/kremlin-says-us-military-help-could-make-ukraine-behave-unpredictably-2021-09-02/"",""url_mobile"":""""}]"
06e318b5f8517eb89734179056626c1db9a5fb5d56af55487402d17f5a4d4ebc,https://www.reuters.com/article/us-eu-defence-idUSKBN2FY0IC,https://www.reuters.com/article/us-eu-defence-idUSKBN2FY0IC,"EU must create rapid reaction force , top officials say",2021-09-02 09:30:00+00:00,2021-09-02 16:30:00+07:00,reuters.com,English,United States,"[""armed_conflict""]",https://static.reuters.com/resources/r/?m=02&d=20210902&t=2&i=1573642371&r=LYNXMPEH8107Q,2026-09-09T08:21:58.201867Z,https://mobile.reuters.com/article/amp/idUSKBN2FY0IC,20210902T093000Z,gdelt_first_seen,"[""https://www.reuters.com/article/us-eu-defence-idUSKBN2FY0IC""]",1,[],"[{""domain"":""reuters.com"",""language"":""English"",""logical_end"":""2021-09-03T00:00:00Z"",""logical_start"":""2021-09-02T00:00:00Z"",""query_category"":""armed_conflict"",""query_string"":""(war OR invasion OR missile OR airstrike OR ceasefire OR military OR conflict) domain:reuters.com sourcelang:english"",""requested_end"":""20210903000001"",""requested_start"":""20210901235959"",""retrieved_at_utc"":""2026-09-09T08:21:58.201867Z"",""seendate"":""20210902T093000Z"",""socialimage"":""https://static.reuters.com/resources/r/?m=02&d=20210902&t=2&i=1573642371&r=LYNXMPEH8107Q"",""sourcecountry"":""United States"",""title"":""EU must create rapid reaction force , top officials say"",""url"":""https://www.reuters.com/article/us-eu-defence-idUSKBN2FY0IC"",""url_mobile"":""https://mobile.reuters.com/article/amp/idUSKBN2FY0IC""}]"
21d06974831505b5bf21101dc4e538eaced8ed09867ddb68d19d155f8ea95e97,https://www.reuters.com/business/energy/european-court-says-german-energy-regulatory-methods-are-insufficient-2021-09-02/,https://www.reuters.com/business/energy/european-court-says-german-energy-regulatory-methods-are-insufficient-2021-09-02/,European court says German energy regulatory methods are insufficient,2021-09-02 09:30:00+00:00,2021-09-02 16:30:00+07:00,reuters.com,English,United States,"[""trade_conflict""]",https://www.reuters.com/resizer/z3ne7qR__5bwOwevY_ugrtV4Ygg=/1200x628/smart/filters:quality(80)/cloudfront-us-east-2.images.arcpublishing.com/reuters/BNUWGJO6U5LHFA6E3ZNY4FIFAM.jpg,2026-09-09T08:42:49.480256Z,,20210902T093000Z,gdelt_first_seen,"[""https://www.reuters.com/business/energy/european-court-says-german-energy-regulatory-methods-are-insufficient-2021-09-02/""]",1,[],"[{""domain"":""reuters.com"",""language"":""English"",""logical_end"":""2021-09-03T00:00:00Z"",""logical_start"":""2021-09-02T00:00:00Z"",""query_category"":""trade_conflict"",""query_string"":""(tariff OR tariffs OR \""trade war\"" OR \""export ban\"" OR \""trade restriction\"") domain:reuters.com sourcelang:english"",""requested_end"":""20210903000001"",""requested_start"":""20210901235959"",""retrieved_at_utc"":""2026-09-09T08:42:49.480256Z"",""seendate"":""20210902T093000Z"",""socialimage"":""https://www.reuters.com/resizer/z3ne7qR__5bwOwevY_ugrtV4Ygg=/1200x628/smart/filters:quality(80)/cloudfront-us-east-2.images.arcpublishing.com/reuters/BNUWGJO6U5LHFA6E3ZNY4FIFAM.jpg"",""sourcecountry"":""United States"",""title"":""European court says German energy regulatory methods are insufficient"",""url"":""https://www.reuters.com/business/energy/european-court-says-german-energy-regulatory-methods-are-insufficient-2021-09-02/"",""url_mobile"":""""}]"
f59680246c480c5a637481e1367929ba6cc9db8f57bc93caaf5525609c8ff4e5,https://www.reuters.com/article/brazil-economy-fraga-gmf/brazils-economic-outlook-dour-without-reforms-says-former-cenbank-chief-idUSL4N2Q41UE,https://www.reuters.com/article/brazil-economy-fraga-gmf/brazils-economic-outlook-dour-without-reforms-says-former-cenbank-chief-idUSL4N2Q41UE,"Brazil economic outlook dour without reforms , says former cenbank chief",2021-09-02 10:00:00+00:00,2021-09-02 17:00:00+07:00,reuters.com,English,United States,"[""political_instability""]",https://s1.reutersmedia.net/resources_v2/images/rcom-default.png,2026-09-09T08:47:55.131191Z,https://mobile.reuters.com/article/amp/idUSL4N2Q41UE,20210902T100000Z,gdelt_first_seen,"[""https://www.reuters.com/article/brazil-economy-fraga-gmf/brazils-economic-outlook-dour-without-reforms-says-former-cenbank-chief-idUSL4N2Q41UE""]",1,[],"[{""domain"":""reuters.com"",""language"":""English"",""logical_end"":""2021-09-03T00:00:00Z"",""logical_start"":""2021-09-02T00:00:00Z"",""query_category"":""political_instability"",""query_string"":""(coup OR unrest OR impeachment OR \""political crisis\"") domain:reuters.com sourcelang:english"",""requested_end"":""20210903000001"",""requested_start"":""20210901235959"",""retrieved_at_utc"":""2026-09-09T08:47:55.131191Z"",""seendate"":""20210902T100000Z"",""socialimage"":""https://s1.reutersmedia.net/resources_v2/images/rcom-default.png"",""sourcecountry"":""United States"",""title"":""Brazil economic outlook dour without reforms , says former cenbank chief"",""url"":""https://www.reuters.com/article/brazil-economy-fraga-gmf/brazils-economic-outlook-dour-without-reforms-says-former-cenbank-chief-idUSL4N2Q41UE"",""url_mobile"":""https://mobile.reuters.com/article/amp/idUSL4N2Q41UE""}]"
4cd9dfe1f547d712672f639adf0d1231727e6192c7a5aecfffe5400c186d0b77,https://www.reuters.com/article/us-afghanistan-conflict/taliban-prepare-to-reveal-new-afghan-government-amid-economic-turmoil-idUSKBN2FY0AR,https://www.reuters.com/article/us-afghanistan-conflict/taliban-prepare-to-reveal-new-afghan-government-amid-economic-turmoil-idUSKBN2FY0AR,Taliban prepare to reveal new Afghan government amid economic turmoil,2021-09-02 10:00:00+00:00,2021-09-02 17:00:00+07:00,reuters.com,English,United States,"[""armed_conflict""]",https://static.reuters.com/resources/r/?m=02&d=20210902&t=2&i=1573632596&r=LYNXMPEH8104P,2026-09-09T08:21:58.201867Z,https://mobile.reuters.com/article/amp/idUSKBN2FY0AY,20210902T100000Z,gdelt_first_seen,"[""https://www.reuters.com/article/us-afghanistan-conflict/taliban-prepare-to-reveal-new-afghan-government-amid-economic-turmoil-idUSKBN2FY0AR""]",1,[],"[{""domain"":""reuters.com"",""language"":""English"",""logical_end"":""2021-09-03T00:00:00Z"",""logical_start"":""2021-09-02T00:00:00Z"",""query_category"":""armed_conflict"",""query_string"":""(war OR invasion OR missile OR airstrike OR ceasefire OR military OR conflict) domain:reuters.com sourcelang:english"",""requested_end"":""20210903000001"",""requested_start"":""20210901235959"",""retrieved_at_utc"":""2026-09-09T08:21:58.201867Z"",""seendate"":""20210902T100000Z"",""socialimage"":""https://static.reuters.com/resources/r/?m=02&d=20210902&t=2&i=1573632596&r=LYNXMPEH8104P"",""sourcecountry"":""United States"",""title"":""Taliban prepare to reveal new Afghan government amid economic turmoil"",""url"":""https://www.reuters.com/article/us-afghanistan-conflict/taliban-prepare-to-reveal-new-afghan-government-amid-economic-turmoil-idUSKBN2FY0AR"",""url_mobile"":""https://mobile.reuters.com/article/amp/idUSKBN2FY0AY""}]"
0db4f7244aa209d21b3fabda4f2d03d23fa08b8438cd607968863bf49280e8a5,https://www.reuters.com/article/us-eu-defence/eu-must-create-rapid-reaction-force-top-officials-say-idUSKBN2FY0IC,https://www.reuters.com/article/us-eu-defence/eu-must-create-rapid-reaction-force-top-officials-say-idUSKBN2FY0IC,"EU must create rapid reaction force , top officials say",2021-09-02 10:00:00+00:00,2021-09-02 17:00:00+07:00,reuters.com,English,United States,"[""armed_conflict""]",https://static.reuters.com/resources/r/?m=02&d=20210902&t=2&i=1573642371&r=LYNXMPEH8107Q,2026-09-09T08:21:58.201867Z,https://mobile.reuters.com/article/amp/idUSKBN2FY0IC,20210902T100000Z,gdelt_first_seen,"[""https://www.reuters.com/article/us-eu-defence/eu-must-create-rapid-reaction-force-top-officials-say-idUSKBN2FY0IC""]",1,[],"[{""domain"":""reuters.com"",""language"":""English"",""logical_end"":""2021-09-03T00:00:00Z"",""logical_start"":""2021-09-02T00:00:00Z"",""query_category"":""armed_conflict"",""query_string"":""(war OR invasion OR missile OR airstrike OR ceasefire OR military OR conflict) domain:reuters.com sourcelang:english"",""requested_end"":""20210903000001"",""requested_start"":""20210901235959"",""retrieved_at_utc"":""2026-09-09T08:21:58.201867Z"",""seendate"":""20210902T100000Z"",""socialimage"":""https://static.reuters.com/resources/r/?m=02&d=20210902&t=2&i=1573642371&r=LYNXMPEH8107Q"",""sourcecountry"":""United States"",""title"":""EU must create rapid reaction force , top officials say"",""url"":""https://www.reuters.com/article/us-eu-defence/eu-must-create-rapid-reaction-force-top-officials-say-idUSKBN2FY0IC"",""url_mobile"":""https://mobile.reuters.com/article/amp/idUSKBN2FY0IC""}]"
0070f8a362928dda23c761a452f99e21488e2cc6af522cf096024e15bc548de2,https://www.reuters.com/article/topNews/idUSKBN2FY0AR,https://www.reuters.com/article/topNews/idUSKBN2FY0AR,Taliban prepare to reveal new Afghan government amid economic turmoil,2021-09-02 11:00:00+00:00,2021-09-02 18:00:00+07:00,reuters.com,English,United States,"[""armed_conflict""]",https://static.reuters.com/resources/r/?m=02&d=20210902&t=2&i=1573632475&r=LYNXMPEH8104J,2026-09-09T08:21:58.201867Z,https://mobile.reuters.com/article/amp/idUSKBN2FY0AR,20210902T110000Z,gdelt_first_seen,"[""https://www.reuters.com/article/topNews/idUSKBN2FY0AR""]",1,[],"[{""domain"":""reuters.com"",""language"":""English"",""logical_end"":""2021-09-03T00:00:00Z"",""logical_start"":""2021-09-02T00:00:00Z"",""query_category"":""armed_conflict"",""query_string"":""(war OR invasion OR missile OR airstrike OR ceasefire OR military OR conflict) domain:reuters.com sourcelang:english"",""requested_end"":""20210903000001"",""requested_start"":""20210901235959"",""retrieved_at_utc"":""2026-09-09T08:21:58.201867Z"",""seendate"":""20210902T110000Z"",""socialimage"":""https://static.reuters.com/resources/r/?m=02&d=20210902&t=2&i=1573632475&r=LYNXMPEH8104J"",""sourcecountry"":""United States"",""title"":""Taliban prepare to reveal new Afghan government amid economic turmoil"",""url"":""https://www.reuters.com/article/topNews/idUSKBN2FY0AR"",""url_mobile"":""https://mobile.reuters.com/article/amp/idUSKBN2FY0AR""}]"
bbfabed53fe4687edacadfffee03999c7a5c8e4f45e01d017115a4a064dbcc29,https://www.reuters.com/article/topNews/idUSKBN2FY0WW,https://www.reuters.com/article/topNews/idUSKBN2FY0WW,Islamic State Beatle to plead guilty to U . S . terrorism charges,2021-09-02 11:00:00+00:00,2021-09-02 18:00:00+07:00,reuters.com,English,United States,"[""armed_conflict""]",https://static.reuters.com/resources/r/?m=02&d=20210902&t=2&i=1573661248&r=LYNXMPEH810GD,2026-09-09T08:21:58.201867Z,https://mobile.reuters.com/article/amp/idUSKBN2FY0WW,20210902T110000Z,gdelt_first_seen,"[""https://www.reuters.com/article/topNews/idUSKBN2FY0WW""]",1,[],"[{""domain"":""reuters.com"",""language"":""English"",""logical_end"":""2021-09-03T00:00:00Z"",""logical_start"":""2021-09-02T00:00:00Z"",""query_category"":""armed_conflict"",""query_string"":""(war OR invasion OR missile OR airstrike OR ceasefire OR military OR conflict) domain:reuters.com sourcelang:english"",""requested_end"":""20210903000001"",""requested_start"":""20210901235959"",""retrieved_at_utc"":""2026-09-09T08:21:58.201867Z"",""seendate"":""20210902T110000Z"",""socialimage"":""https://static.reuters.com/resources/r/?m=02&d=20210902&t=2&i=1573661248&r=LYNXMPEH810GD"",""sourcecountry"":""United States"",""title"":""Islamic State  Beatle  to plead guilty to U . S . terrorism charges"",""url"":""https://www.reuters.com/article/topNews/idUSKBN2FY0WW"",""url_mobile"":""https://mobile.reuters.com/article/amp/idUSKBN2FY0WW""}]"
93e2e2e8674d485bb66fdf5a6f5cb05e2c3c788690df1a2ca9a86f704e00e325,https://www.reuters.com/article/worldNews/idUSKBN2FY0IC,https://www.reuters.com/article/worldNews/idUSKBN2FY0IC,"EU must create rapid reaction force , top officials say",2021-09-02 11:00:00+00:00,2021-09-02 18:00:00+07:00,reuters.com,English,United States,"[""armed_conflict""]",https://static.reuters.com/resources/r/?m=02&d=20210902&t=2&i=1573658378&r=LYNXMPEH810E5,2026-09-09T08:21:58.201867Z,https://mobile.reuters.com/article/amp/idUSKBN2FY0IC,20210902T110000Z,gdelt_first_seen,"[""https://www.reuters.com/article/worldNews/idUSKBN2FY0IC""]",1,[],"[{""domain"":""reuters.com"",""language"":""English"",""logical_end"":""2021-09-03T00:00:00Z"",""logical_start"":""2021-09-02T00:00:00Z"",""query_category"":""armed_conflict"",""query_string"":""(war OR invasion OR missile OR airstrike OR ceasefire OR military OR conflict) domain:reuters.com sourcelang:english"",""requested_end"":""20210903000001"",""requested_start"":""20210901235959"",""retrieved_at_utc"":""2026-09-09T08:21:58.201867Z"",""seendate"":""20210902T110000Z"",""socialimage"":""https://static.reuters.com/resources/r/?m=02&d=20210902&t=2&i=1573658378&r=LYNXMPEH810E5"",""sourcecountry"":""United States"",""title"":""EU must create rapid reaction force , top officials say"",""url"":""https://www.reuters.com/article/worldNews/idUSKBN2FY0IC"",""url_mobile"":""https://mobile.reuters.com/article/amp/idUSKBN2FY0IC""}]"
244bf0411f006843c6903f05088f1355cb555a870854e47874ee8d098cf66073,https://www.reuters.com/world/islamic-state-beatle-plead-guilty-us-terrorism-charges-2021-09-02/,https://www.reuters.com/world/islamic-state-beatle-plead-guilty-us-terrorism-charges-2021-09-02/,Islamic State Beatle to plead guilty to U . S . terrorism charges,2021-09-02 11:15:00+00:00,2021-09-02 18:15:00+07:00,reuters.com,English,United States,"[""armed_conflict""]",https://www.reuters.com/resizer/yQNWX_qTbHUg0W5QnG6BbW3T7fc=/810x424/smart/filters:quality(80)/cloudfront-us-east-2.images.arcpublishing.com/reuters/ZLTIEYCGMNM77EDJXKZNCPQXHU.jpg,2026-09-09T08:21:58.201867Z,,20210902T111500Z,gdelt_first_seen,"[""https://www.reuters.com/world/islamic-state-beatle-plead-guilty-us-terrorism-charges-2021-09-02/""]",1,[],"[{""domain"":""reuters.com"",""language"":""English"",""logical_end"":""2021-09-03T00:00:00Z"",""logical_start"":""2021-09-02T00:00:00Z"",""query_category"":""armed_conflict"",""query_string"":""(war OR invasion OR missile OR airstrike OR ceasefire OR military OR conflict) domain:reuters.com sourcelang:english"",""requested_end"":""20210903000001"",""requested_start"":""20210901235959"",""retrieved_at_utc"":""2026-09-09T08:21:58.201867Z"",""seendate"":""20210902T111500Z"",""socialimage"":""https://www.reuters.com/resizer/yQNWX_qTbHUg0W5QnG6BbW3T7fc=/810x424/smart/filters:quality(80)/cloudfront-us-east-2.images.arcpublishing.com/reuters/ZLTIEYCGMNM77EDJXKZNCPQXHU.jpg"",""sourcecountry"":""United States"",""title"":""Islamic State  Beatle  to plead guilty to U . S . terrorism charges"",""url"":""https://www.reuters.com/world/islamic-state-beatle-plead-guilty-us-terrorism-charges-2021-09-02/"",""url_mobile"":""""}]"
36dbb7be9406c6cd056ddd65659110d725ff66a3247463cfd093b70f48d2b2ec,https://www.reuters.com/article/us-britain-usa-security/islamic-state-beatle-to-plead-guilty-to-u-s-terrorism-charges-idUSKBN2FY0WW,https://www.reuters.com/article/us-britain-usa-security/islamic-state-beatle-to-plead-guilty-to-u-s-terrorism-charges-idUSKBN2FY0WW,Islamic State Beatle to plead guilty to U . S . terrorism charges,2021-09-02 11:30:00+00:00,2021-09-02 18:30:00+07:00,reuters.com,English,United States,"[""armed_conflict""]",https://static.reuters.com/resources/r/?m=02&d=20210902&t=2&i=1573661248&r=LYNXMPEH810GD,2026-09-09T08:21:58.201867Z,https://mobile.reuters.com/article/amp/idUSKBN2FY0WW,20210902T113000Z,gdelt_first_seen,"[""https://www.reuters.com/article/us-britain-usa-security/islamic-state-beatle-to-plead-guilty-to-u-s-terrorism-charges-idUSKBN2FY0WW""]",1,[],"[{""domain"":""reuters.com"",""language"":""English"",""logical_end"":""2021-09-03T00:00:00Z"",""logical_start"":""2021-09-02T00:00:00Z"",""query_category"":""armed_conflict"",""query_string"":""(war OR invasion OR missile OR airstrike OR ceasefire OR military OR conflict) domain:reuters.com sourcelang:english"",""requested_end"":""20210903000001"",""requested_start"":""20210901235959"",""retrieved_at_utc"":""2026-09-09T08:21:58.201867Z"",""seendate"":""20210902T113000Z"",""socialimage"":""https://static.reuters.com/resources/r/?m=02&d=20210902&t=2&i=1573661248&r=LYNXMPEH810GD"",""sourcecountry"":""United States"",""title"":""Islamic State  Beatle  to plead guilty to U . S . terrorism charges"",""url"":""https://www.reuters.com/article/us-britain-usa-security/islamic-state-beatle-to-plead-guilty-to-u-s-terrorism-charges-idUSKBN2FY0WW"",""url_mobile"":""https://mobile.reuters.com/article/amp/idUSKBN2FY0WW""}]"
5334729345bbd9450f449c2eecb5b80587ea40790e19f2385087e378bbeef7f6,https://www.reuters.com/article/us-people-theodorakis/our-mikis-has-gone-zorba-the-greek-composer-theodorakis-dies-at-96-idUSKBN2FY0KY,https://www.reuters.com/article/us-people-theodorakis/our-mikis-has-gone-zorba-the-greek-composer-theodorakis-dies-at-96-idUSKBN2FY0KY,Our Mikis has gone : Zorba the Greek composer Theodorakis dies at 96,2021-09-02 11:45:00+00:00,2021-09-02 18:45:00+07:00,reuters.com,English,United States,"[""armed_conflict"",""political_instability""]",https://static.reuters.com/resources/r/?m=02&d=20210902&t=2&i=1573647861&r=LYNXMPEH8109R,2026-09-09T08:21:58.201867Z,https://mobile.reuters.com/article/amp/idUSKBN2FY0KY,20210902T114500Z,gdelt_first_seen,"[""https://www.reuters.com/article/us-people-theodorakis/our-mikis-has-gone-zorba-the-greek-composer-theodorakis-dies-at-96-idUSKBN2FY0KY""]",2,[],"[{""domain"":""reuters.com"",""language"":""English"",""logical_end"":""2021-09-03T00:00:00Z"",""logical_start"":""2021-09-02T00:00:00Z"",""query_category"":""armed_conflict"",""query_string"":""(war OR invasion OR missile OR airstrike OR ceasefire OR military OR conflict) domain:reuters.com sourcelang:english"",""requested_end"":""20210903000001"",""requested_start"":""20210901235959"",""retrieved_at_utc"":""2026-09-09T08:21:58.201867Z"",""seendate"":""20210902T114500Z"",""socialimage"":""https://static.reuters.com/resources/r/?m=02&d=20210902&t=2&i=1573647861&r=LYNXMPEH8109R"",""sourcecountry"":""United States"",""title"":""  Our Mikis has gone :  Zorba the Greek  composer Theodorakis dies at 96"",""url"":""https://www.reuters.com/article/us-people-theodorakis/our-mikis-has-gone-zorba-the-greek-composer-theodorakis-dies-at-96-idUSKBN2FY0KY"",""url_mobile"":""https://mobile.reuters.com/article/amp/idUSKBN2FY0KY""},{""domain"":""reuters.com"",""language"":""English"",""logical_end"":""2021-09-03T00:00:00Z"",""logical_start"":""2021-09-02T00:00:00Z"",""query_category"":""political_instability"",""query_string"":""(coup OR unrest OR impeachment OR \""political crisis\"") domain:reuters.com sourcelang:english"",""requested_end"":""20210903000001"",""requested_start"":""20210901235959"",""retrieved_at_utc"":""2026-09-09T08:47:55.131191Z"",""seendate"":""20210902T114500Z"",""socialimage"":""https://static.reuters.com/resources/r/?m=02&d=20210902&t=2&i=1573647861&r=LYNXMPEH8109R"",""sourcecountry"":""United States"",""title"":""  Our Mikis has gone :  Zorba the Greek  composer Theodorakis dies at 96"",""url"":""https://www.reuters.com/article/us-people-theodorakis/our-mikis-has-gone-zorba-the-greek-composer-theodorakis-dies-at-96-idUSKBN2FY0KY"",""url_mobile"":""https://mobile.reuters.com/article/amp/idUSKBN2FY0KY""}]"
5ef510619cd37fa9c802edfd2a83e5555b5074c1a110ac65191d32cac9775793,https://www.reuters.com/article/us-usa-capitol-security/republican-cheney-named-as-vice-chair-of-u-s-house-panel-investigating-jan-6-attack-idUSKBN2FY101,https://www.reuters.com/article/us-usa-capitol-security/republican-cheney-named-as-vice-chair-of-u-s-house-panel-investigating-jan-6-attack-idUSKBN2FY101,Republican Cheney named as vice chair of U . S . House panel investigating Jan . 6 attack,2021-09-02 11:45:00+00:00,2021-09-02 18:45:00+07:00,reuters.com,English,United States,"[""armed_conflict""]",https://static.reuters.com/resources/r/?m=02&d=20210902&t=2&i=1573665792&r=LYNXMPEH810HM,2026-09-09T08:21:58.201867Z,https://mobile.reuters.com/article/amp/idUSKBN2FY101,20210902T114500Z,gdelt_first_seen,"[""https://www.reuters.com/article/us-usa-capitol-security/republican-cheney-named-as-vice-chair-of-u-s-house-panel-investigating-jan-6-attack-idUSKBN2FY101""]",1,[],"[{""domain"":""reuters.com"",""language"":""English"",""logical_end"":""2021-09-03T00:00:00Z"",""logical_start"":""2021-09-02T00:00:00Z"",""query_category"":""armed_conflict"",""query_string"":""(war OR invasion OR missile OR airstrike OR ceasefire OR military OR conflict) domain:reuters.com sourcelang:english"",""requested_end"":""20210903000001"",""requested_start"":""20210901235959"",""retrieved_at_utc"":""2026-09-09T08:21:58.201867Z"",""seendate"":""20210902T114500Z"",""socialimage"":""https://static.reuters.com/resources/r/?m=02&d=20210902&t=2&i=1573665792&r=LYNXMPEH810HM"",""sourcecountry"":""United States"",""title"":""Republican Cheney named as vice chair of U . S . House panel investigating Jan . 6 attack"",""url"":""https://www.reuters.com/article/us-usa-capitol-security/republican-cheney-named-as-vice-chair-of-u-s-house-panel-investigating-jan-6-attack-idUSKBN2FY101"",""url_mobile"":""https://mobile.reuters.com/article/amp/idUSKBN2FY101""}]"
4acbd51982e9b90f61a23d53bfe88a9fb23b60122dc5b945479ea764554bc931,https://www.reuters.com/world/us/republican-cheney-named-vice-chair-us-house-panel-investigating-jan-6-attack-2021-09-02/,https://www.reuters.com/world/us/republican-cheney-named-vice-chair-us-house-panel-investigating-jan-6-attack-2021-09-02/,Republican Cheney named as vice chair of U . S . House panel investigating Jan . 6 attack,2021-09-02 11:45:00+00:00,2021-09-02 18:45:00+07:00,reuters.com,English,United States,"[""armed_conflict""]",https://www.reuters.com/resizer/xhnlINYfBBDM6kNQIrjaB_3gBTk=/1200x628/smart/filters:quality(80)/cloudfront-us-east-2.images.arcpublishing.com/reuters/FH56CPXX45PK3L2BKXDFWNU2WE.jpg,2026-09-09T08:21:58.201867Z,,20210902T114500Z,gdelt_first_seen,"[""https://www.reuters.com/world/us/republican-cheney-named-vice-chair-us-house-panel-investigating-jan-6-attack-2021-09-02/""]",1,[],"[{""domain"":""reuters.com"",""language"":""English"",""logical_end"":""2021-09-03T00:00:00Z"",""logical_start"":""2021-09-02T00:00:00Z"",""query_category"":""armed_conflict"",""query_string"":""(war OR invasion OR missile OR airstrike OR ceasefire OR military OR conflict) domain:reuters.com sourcelang:english"",""requested_end"":""20210903000001"",""requested_start"":""20210901235959"",""retrieved_at_utc"":""2026-09-09T08:21:58.201867Z"",""seendate"":""20210902T114500Z"",""socialimage"":""https://www.reuters.com/resizer/xhnlINYfBBDM6kNQIrjaB_3gBTk=/1200x628/smart/filters:quality(80)/cloudfront-us-east-2.images.arcpublishing.com/reuters/FH56CPXX45PK3L2BKXDFWNU2WE.jpg"",""sourcecountry"":""United States"",""title"":""Republican Cheney named as vice chair of U . S . House panel investigating Jan . 6 attack"",""url"":""https://www.reuters.com/world/us/republican-cheney-named-vice-chair-us-house-panel-investigating-jan-6-attack-2021-09-02/"",""url_mobile"":""""}]"
76ced7206618672a7bbf59614daaa5f26f03e699a3e82fbdd178fb26ede40673,https://www.reuters.com/world/europe/aid-is-eus-bargaining-chip-any-taliban-recognition-says-slovenian-eu-presidency-2021-09-02/,https://www.reuters.com/world/europe/aid-is-eus-bargaining-chip-any-taliban-recognition-says-slovenian-eu-presidency-2021-09-02/,"Aid is EU bargaining chip in any Taliban recognition , says Slovenian EU presidency",2021-09-02 12:00:00+00:00,2021-09-02 19:00:00+07:00,reuters.com,English,United States,"[""armed_conflict""]",https://www.reuters.com/resizer/pSCyRA1To9sjRBmyAk_WeCWEkdY=/1200x628/smart/filters:quality(80)/cloudfront-us-east-2.images.arcpublishing.com/reuters/YUY2KEXXIRJQBOECH3ZKEWCIZ4.jpg,2026-09-09T08:21:58.201867Z,,20210902T120000Z,gdelt_first_seen,"[""https://www.reuters.com/world/europe/aid-is-eus-bargaining-chip-any-taliban-recognition-says-slovenian-eu-presidency-2021-09-02/""]",1,[],"[{""domain"":""reuters.com"",""language"":""English"",""logical_end"":""2021-09-03T00:00:00Z"",""logical_start"":""2021-09-02T00:00:00Z"",""query_category"":""armed_conflict"",""query_string"":""(war OR invasion OR missile OR airstrike OR ceasefire OR military OR conflict) domain:reuters.com sourcelang:english"",""requested_end"":""20210903000001"",""requested_start"":""20210901235959"",""retrieved_at_utc"":""2026-09-09T08:21:58.201867Z"",""seendate"":""20210902T120000Z"",""socialimage"":""https://www.reuters.com/resizer/pSCyRA1To9sjRBmyAk_WeCWEkdY=/1200x628/smart/filters:quality(80)/cloudfront-us-east-2.images.arcpublishing.com/reuters/YUY2KEXXIRJQBOECH3ZKEWCIZ4.jpg"",""sourcecountry"":""United States"",""title"":""Aid is EU bargaining chip in any Taliban recognition , says Slovenian EU presidency"",""url"":""https://www.reuters.com/world/europe/aid-is-eus-bargaining-chip-any-taliban-recognition-says-slovenian-eu-presidency-2021-09-02/"",""url_mobile"":""""}]"
825179778138b782a5be700f259813b75da33ae6787303a0a9e3609823f143d0,https://www.reuters.com/world/asia-pacific/tajikistan-cant-afford-take-afghan-refugees-without-help-police-chief-2021-09-02/,https://www.reuters.com/world/asia-pacific/tajikistan-cant-afford-take-afghan-refugees-without-help-police-chief-2021-09-02/,Tajikistan cant afford to take in Afghan refugees without help - police chief,2021-09-02 12:15:00+00:00,2021-09-02 19:15:00+07:00,reuters.com,English,United States,"[""armed_conflict""]",https://www.reuters.com/resizer/lA2Udi9ehb45WGGROeV_jgpEZDw=/1200x628/smart/filters:quality(80)/cloudfront-us-east-2.images.arcpublishing.com/reuters/TCBFZUSRYRNQ3FHJL4O4HFWSM4.jpg,2026-09-09T08:21:58.201867Z,,20210902T121500Z,gdelt_first_seen,"[""https://www.reuters.com/world/asia-pacific/tajikistan-cant-afford-take-afghan-refugees-without-help-police-chief-2021-09-02/""]",1,[],"[{""domain"":""reuters.com"",""language"":""English"",""logical_end"":""2021-09-03T00:00:00Z"",""logical_start"":""2021-09-02T00:00:00Z"",""query_category"":""armed_conflict"",""query_string"":""(war OR invasion OR missile OR airstrike OR ceasefire OR military OR conflict) domain:reuters.com sourcelang:english"",""requested_end"":""20210903000001"",""requested_start"":""20210901235959"",""retrieved_at_utc"":""2026-09-09T08:21:58.201867Z"",""seendate"":""20210902T121500Z"",""socialimage"":""https://www.reuters.com/resizer/lA2Udi9ehb45WGGROeV_jgpEZDw=/1200x628/smart/filters:quality(80)/cloudfront-us-east-2.images.arcpublishing.com/reuters/TCBFZUSRYRNQ3FHJL4O4HFWSM4.jpg"",""sourcecountry"":""United States"",""title"":""Tajikistan cant afford to take in Afghan refugees without help - police chief"",""url"":""https://www.reuters.com/world/asia-pacific/tajikistan-cant-afford-take-afghan-refugees-without-help-police-chief-2021-09-02/"",""url_mobile"":""""}]"
6c26015967325be6038cfa7046107030642e650ed13b137312b67d51859da25f,https://www.reuters.com/world/americas/guns-drugs-jobs-these-venezuelan-towns-colombian-rebels-call-shots-2021-09-02/,https://www.reuters.com/world/americas/guns-drugs-jobs-these-venezuelan-towns-colombian-rebels-call-shots-2021-09-02/,"Guns , drugs , jobs . In these Venezuelan towns , Colombian rebels call the shots",2021-09-02 12:45:00+00:00,2021-09-02 19:45:00+07:00,reuters.com,English,United States,"[""armed_conflict""]",https://www.reuters.com/resizer/RXaOlaVrWHqb8a23QWrWw0EJB7Q=/1200x628/smart/filters:quality(80)/cloudfront-us-east-2.images.arcpublishing.com/reuters/RP4LTH37YBNHFJOFWWKXYQH2ZQ.jpg,2026-09-09T08:21:58.201867Z,,20210902T124500Z,gdelt_first_seen,"[""https://www.reuters.com/world/americas/guns-drugs-jobs-these-venezuelan-towns-colombian-rebels-call-shots-2021-09-02/""]",1,[],"[{""domain"":""reuters.com"",""language"":""English"",""logical_end"":""2021-09-03T00:00:00Z"",""logical_start"":""2021-09-02T00:00:00Z"",""query_category"":""armed_conflict"",""query_string"":""(war OR invasion OR missile OR airstrike OR ceasefire OR military OR conflict) domain:reuters.com sourcelang:english"",""requested_end"":""20210903000001"",""requested_start"":""20210901235959"",""retrieved_at_utc"":""2026-09-09T08:21:58.201867Z"",""seendate"":""20210902T124500Z"",""socialimage"":""https://www.reuters.com/resizer/RXaOlaVrWHqb8a23QWrWw0EJB7Q=/1200x628/smart/filters:quality(80)/cloudfront-us-east-2.images.arcpublishing.com/reuters/RP4LTH37YBNHFJOFWWKXYQH2ZQ.jpg"",""sourcecountry"":""United States"",""title"":""Guns , drugs , jobs . In these Venezuelan towns , Colombian rebels call the shots"",""url"":""https://www.reuters.com/world/americas/guns-drugs-jobs-these-venezuelan-towns-colombian-rebels-call-shots-2021-09-02/"",""url_mobile"":""""}]"
8403aeab94e5fbf582e354d3238a3d53c37df19797a23f0ff7ba7b5f13168074,https://www.reuters.com/article/us-poland-belarus-drills-idUSKBN2FY15U,https://www.reuters.com/article/us-poland-belarus-drills-idUSKBN2FY15U,Poland says it is taking steps to counter any threat from military drills in Belarus,2021-09-02 13:30:00+00:00,2021-09-02 20:30:00+07:00,reuters.com,English,United States,"[""armed_conflict""]",https://s1.reutersmedia.net/resources_v2/images/rcom-default.png,2026-09-09T08:21:58.201867Z,https://mobile.reuters.com/article/amp/idUSKBN2FY15U,20210902T133000Z,gdelt_first_seen,"[""https://www.reuters.com/article/us-poland-belarus-drills-idUSKBN2FY15U""]",1,[],"[{""domain"":""reuters.com"",""language"":""English"",""logical_end"":""2021-09-03T00:00:00Z"",""logical_start"":""2021-09-02T00:00:00Z"",""query_category"":""armed_conflict"",""query_string"":""(war OR invasion OR missile OR airstrike OR ceasefire OR military OR conflict) domain:reuters.com sourcelang:english"",""requested_end"":""20210903000001"",""requested_start"":""20210901235959"",""retrieved_at_utc"":""2026-09-09T08:21:58.201867Z"",""seendate"":""20210902T133000Z"",""socialimage"":""https://s1.reutersmedia.net/resources_v2/images/rcom-default.png"",""sourcecountry"":""United States"",""title"":""Poland says it is taking steps to counter any threat from military drills in Belarus"",""url"":""https://www.reuters.com/article/us-poland-belarus-drills-idUSKBN2FY15U"",""url_mobile"":""https://mobile.reuters.com/article/amp/idUSKBN2FY15U""}]"
a496af30e52658afc690786404e24e8ad5e48e4bb12768db1e7bbabf3c3180e5,https://www.reuters.com/world/europe/poland-says-it-is-taking-steps-counter-any-threat-military-drills-belarus-2021-09-02/,https://www.reuters.com/world/europe/poland-says-it-is-taking-steps-counter-any-threat-military-drills-belarus-2021-09-02/,Poland says it is taking steps to counter any threat from military drills in Belarus,2021-09-02 13:30:00+00:00,2021-09-02 20:30:00+07:00,reuters.com,English,United States,"[""armed_conflict""]",https://www.reuters.com/pf/resources/images/reuters/reuters-default.png?d=50,2026-09-09T08:21:58.201867Z,,20210902T133000Z,gdelt_first_seen,"[""https://www.reuters.com/world/europe/poland-says-it-is-taking-steps-counter-any-threat-military-drills-belarus-2021-09-02/""]",1,[],"[{""domain"":""reuters.com"",""language"":""English"",""logical_end"":""2021-09-03T00:00:00Z"",""logical_start"":""2021-09-02T00:00:00Z"",""query_category"":""armed_conflict"",""query_string"":""(war OR invasion OR missile OR airstrike OR ceasefire OR military OR conflict) domain:reuters.com sourcelang:english"",""requested_end"":""20210903000001"",""requested_start"":""20210901235959"",""retrieved_at_utc"":""2026-09-09T08:21:58.201867Z"",""seendate"":""20210902T133000Z"",""socialimage"":""https://www.reuters.com/pf/resources/images/reuters/reuters-default.png?d=50"",""sourcecountry"":""United States"",""title"":""Poland says it is taking steps to counter any threat from military drills in Belarus"",""url"":""https://www.reuters.com/world/europe/poland-says-it-is-taking-steps-counter-any-threat-military-drills-belarus-2021-09-02/"",""url_mobile"":""""}]"
77322da2463496f491fe696713c08cbd6162b5567e012cad4e08fa8fa4a5b1e2,https://www.reuters.com/article/us-venezuela-politics-mexico-idUSKBN2FY18J,https://www.reuters.com/article/us-venezuela-politics-mexico-idUSKBN2FY18J,"Take two : Venezuelan government , opposition return to Mexico for talks",2021-09-02 13:45:00+00:00,2021-09-02 20:45:00+07:00,reuters.com,English,United States,"[""sanctions""]",https://static.reuters.com/resources/r/?m=02&d=20210902&t=2&i=1573675612&r=LYNXMPEH810MP,2026-09-09T08:42:26.044772Z,https://mobile.reuters.com/article/amp/idUSKBN2FY18J,20210902T134500Z,gdelt_first_seen,"[""https://www.reuters.com/article/us-venezuela-politics-mexico-idUSKBN2FY18J""]",1,[],"[{""domain"":""reuters.com"",""language"":""English"",""logical_end"":""2021-09-03T00:00:00Z"",""logical_start"":""2021-09-02T00:00:00Z"",""query_category"":""sanctions"",""query_string"":""(sanction OR sanctions OR embargo OR \""asset freeze\"" OR \""export restriction\"") domain:reuters.com sourcelang:english"",""requested_end"":""20210903000001"",""requested_start"":""20210901235959"",""retrieved_at_utc"":""2026-09-09T08:42:26.044772Z"",""seendate"":""20210902T134500Z"",""socialimage"":""https://static.reuters.com/resources/r/?m=02&d=20210902&t=2&i=1573675612&r=LYNXMPEH810MP"",""sourcecountry"":""United States"",""title"":""Take two : Venezuelan government , opposition return to Mexico for talks"",""url"":""https://www.reuters.com/article/us-venezuela-politics-mexico-idUSKBN2FY18J"",""url_mobile"":""https://mobile.reuters.com/article/amp/idUSKBN2FY18J""}]"
6b7990a35f5cade34e305a09577b65de0307142704938bcaa464e3bfec2f87a8,https://www.reuters.com/article/us-afghanistan-conflict-panjshir/taliban-and-afghan-rebels-claim-heavy-casualties-in-fighting-over-valley-idUSKBN2FY15L,https://www.reuters.com/article/us-afghanistan-conflict-panjshir/taliban-and-afghan-rebels-claim-heavy-casualties-in-fighting-over-valley-idUSKBN2FY15L,Taliban and Afghan rebels claim heavy casualties in fighting over valley,2021-09-02 14:00:00+00:00,2021-09-02 21:00:00+07:00,reuters.com,English,United States,"[""armed_conflict""]",https://static.reuters.com/resources/r/?m=02&d=20210902&t=2&i=1573673174&r=LYNXMPEH810LC,2026-09-09T08:21:58.201867Z,https://mobile.reuters.com/article/amp/idUSKBN2FY15L,20210902T140000Z,gdelt_first_seen,"[""https://www.reuters.com/article/us-afghanistan-conflict-panjshir/taliban-and-afghan-rebels-claim-heavy-casualties-in-fighting-over-valley-idUSKBN2FY15L""]",1,[],"[{""domain"":""reuters.com"",""language"":""English"",""logical_end"":""2021-09-03T00:00:00Z"",""logical_start"":""2021-09-02T00:00:00Z"",""query_category"":""armed_conflict"",""query_string"":""(war OR invasion OR missile OR airstrike OR ceasefire OR military OR conflict) domain:reuters.com sourcelang:english"",""requested_end"":""20210903000001"",""requested_start"":""20210901235959"",""retrieved_at_utc"":""2026-09-09T08:21:58.201867Z"",""seendate"":""20210902T140000Z"",""socialimage"":""https://static.reuters.com/resources/r/?m=02&d=20210902&t=2&i=1573673174&r=LYNXMPEH810LC"",""sourcecountry"":""United States"",""title"":""Taliban and Afghan rebels claim heavy casualties in fighting over valley"",""url"":""https://www.reuters.com/article/us-afghanistan-conflict-panjshir/taliban-and-afghan-rebels-claim-heavy-casualties-in-fighting-over-valley-idUSKBN2FY15L"",""url_mobile"":""https://mobile.reuters.com/article/amp/idUSKBN2FY15L""}]"
f2336f4658276faef4c934937b1f1f54be3c856d390d3262fe88885f84ef65a0,https://www.reuters.com/world/americas/take-two-venezuelan-government-opposition-return-mexico-talks-2021-09-02/,https://www.reuters.com/world/americas/take-two-venezuelan-government-opposition-return-mexico-talks-2021-09-02/,"Take two : Venezuelan government , opposition return to Mexico for talks",2021-09-02 14:00:00+00:00,2021-09-02 21:00:00+07:00,reuters.com,English,United States,"[""sanctions""]",https://www.reuters.com/resizer/fhMWzg8ANbrckVetzXmw-vaRh_k=/1200x628/smart/filters:quality(80)/cloudfront-us-east-2.images.arcpublishing.com/reuters/OBOICYQWSFKCFLFE7GUNEY4ODE.jpg,2026-09-09T08:42:26.044772Z,,20210902T140000Z,gdelt_first_seen,"[""https://www.reuters.com/world/americas/take-two-venezuelan-government-opposition-return-mexico-talks-2021-09-02/""]",1,[],"[{""domain"":""reuters.com"",""language"":""English"",""logical_end"":""2021-09-03T00:00:00Z"",""logical_start"":""2021-09-02T00:00:00Z"",""query_category"":""sanctions"",""query_string"":""(sanction OR sanctions OR embargo OR \""asset freeze\"" OR \""export restriction\"") domain:reuters.com sourcelang:english"",""requested_end"":""20210903000001"",""requested_start"":""20210901235959"",""retrieved_at_utc"":""2026-09-09T08:42:26.044772Z"",""seendate"":""20210902T140000Z"",""socialimage"":""https://www.reuters.com/resizer/fhMWzg8ANbrckVetzXmw-vaRh_k=/1200x628/smart/filters:quality(80)/cloudfront-us-east-2.images.arcpublishing.com/reuters/OBOICYQWSFKCFLFE7GUNEY4ODE.jpg"",""sourcecountry"":""United States"",""title"":""Take two : Venezuelan government , opposition return to Mexico for talks"",""url"":""https://www.reuters.com/world/americas/take-two-venezuelan-government-opposition-return-mexico-talks-2021-09-02/"",""url_mobile"":""""}]"
d9e22f7440753bb635851bf4c2d2ed497c8260108f2902c5db0e563350f2c215,https://www.reuters.com/world/europe/polish-president-imposes-state-emergency-belarus-border-2021-09-02/,https://www.reuters.com/world/europe/polish-president-imposes-state-emergency-belarus-border-2021-09-02/,Poland declares state of emergency on Belarus border,2021-09-02 14:00:00+00:00,2021-09-02 21:00:00+07:00,reuters.com,English,United States,"[""armed_conflict"",""sanctions""]",https://www.reuters.com/resizer/qGoPfX7p-rct-GH0Qthc1xQZC_s=/1200x628/smart/filters:quality(80)/cloudfront-us-east-2.images.arcpublishing.com/reuters/MJR62ZSYD5NH5ARFVAZUKPGVOA.jpg,2026-09-09T08:21:58.201867Z,,20210902T140000Z,gdelt_first_seen,"[""https://www.reuters.com/world/europe/polish-president-imposes-state-emergency-belarus-border-2021-09-02/""]",2,[],"[{""domain"":""reuters.com"",""language"":""English"",""logical_end"":""2021-09-03T00:00:00Z"",""logical_start"":""2021-09-02T00:00:00Z"",""query_category"":""armed_conflict"",""query_string"":""(war OR invasion OR missile OR airstrike OR ceasefire OR military OR conflict) domain:reuters.com sourcelang:english"",""requested_end"":""20210903000001"",""requested_start"":""20210901235959"",""retrieved_at_utc"":""2026-09-09T08:21:58.201867Z"",""seendate"":""20210902T140000Z"",""socialimage"":""https://www.reuters.com/resizer/qGoPfX7p-rct-GH0Qthc1xQZC_s=/1200x628/smart/filters:quality(80)/cloudfront-us-east-2.images.arcpublishing.com/reuters/MJR62ZSYD5NH5ARFVAZUKPGVOA.jpg"",""sourcecountry"":""United States"",""title"":""Poland declares state of emergency on Belarus border"",""url"":""https://www.reuters.com/world/europe/polish-president-imposes-state-emergency-belarus-border-2021-09-02/"",""url_mobile"":""""},{""domain"":""reuters.com"",""language"":""English"",""logical_end"":""2021-09-03T00:00:00Z"",""logical_start"":""2021-09-02T00:00:00Z"",""query_category"":""sanctions"",""query_string"":""(sanction OR sanctions OR embargo OR \""asset freeze\"" OR \""export restriction\"") domain:reuters.com sourcelang:english"",""requested_end"":""20210903000001"",""requested_start"":""20210901235959"",""retrieved_at_utc"":""2026-09-09T08:42:26.044772Z"",""seendate"":""20210902T140000Z"",""socialimage"":""https://www.reuters.com/resizer/qGoPfX7p-rct-GH0Qthc1xQZC_s=/1200x628/smart/filters:quality(80)/cloudfront-us-east-2.images.arcpublishing.com/reuters/MJR62ZSYD5NH5ARFVAZUKPGVOA.jpg"",""sourcecountry"":""United States"",""title"":""Poland declares state of emergency on Belarus border"",""url"":""https://www.reuters.com/world/europe/polish-president-imposes-state-emergency-belarus-border-2021-09-02/"",""url_mobile"":""""}]"
e22c91a098d68dd11eea8d3ea793625017a60b69c82dde0910023fddf5d720c3,https://www.reuters.com/world/europe/jamaica-traffic-lights-or-kiwis-germanys-coalition-conundrum-2021-09-02/,https://www.reuters.com/world/europe/jamaica-traffic-lights-or-kiwis-germanys-coalition-conundrum-2021-09-02/,"Jamaica , traffic lights or kiwis : Germany coalition conundrum",2021-09-02 14:30:00+00:00,2021-09-02 21:30:00+07:00,reuters.com,English,United States,"[""armed_conflict""]",https://www.reuters.com/resizer/fsWke5cXhHQKGtcPE4-JPkR-2hE=/1200x628/smart/filters:quality(80)/cloudfront-us-east-2.images.arcpublishing.com/reuters/IIKMHF6WTJPCNAHQZHJNTHLT5M.jpg,2026-09-09T08:21:58.201867Z,,20210902T143000Z,gdelt_first_seen,"[""https://www.reuters.com/world/europe/jamaica-traffic-lights-or-kiwis-germanys-coalition-conundrum-2021-09-02/""]",1,[],"[{""domain"":""reuters.com"",""language"":""English"",""logical_end"":""2021-09-03T00:00:00Z"",""logical_start"":""2021-09-02T00:00:00Z"",""query_category"":""armed_conflict"",""query_string"":""(war OR invasion OR missile OR airstrike OR ceasefire OR military OR conflict) domain:reuters.com sourcelang:english"",""requested_end"":""20210903000001"",""requested_start"":""20210901235959"",""retrieved_at_utc"":""2026-09-09T08:21:58.201867Z"",""seendate"":""20210902T143000Z"",""socialimage"":""https://www.reuters.com/resizer/fsWke5cXhHQKGtcPE4-JPkR-2hE=/1200x628/smart/filters:quality(80)/cloudfront-us-east-2.images.arcpublishing.com/reuters/IIKMHF6WTJPCNAHQZHJNTHLT5M.jpg"",""sourcecountry"":""United States"",""title"":""Jamaica , traffic lights or kiwis : Germany coalition conundrum"",""url"":""https://www.reuters.com/world/europe/jamaica-traffic-lights-or-kiwis-germanys-coalition-conundrum-2021-09-02/"",""url_mobile"":""""}]"
9ff9d9d8e862b4d521698088191fda2b7d96dd301ca3fd5ccc2da82da870cd1d,https://www.reuters.com/article/us-usa-capitol-security/republican-cheney-to-be-vice-chair-of-u-s-house-panel-on-jan-6-attack-idUSKBN2FY101,https://www.reuters.com/article/us-usa-capitol-security/republican-cheney-to-be-vice-chair-of-u-s-house-panel-on-jan-6-attack-idUSKBN2FY101,Republican Cheney to be vice chair of U . S . House panel on Jan . 6 attack,2021-09-02 14:45:00+00:00,2021-09-02 21:45:00+07:00,reuters.com,English,United States,"[""armed_conflict""]",https://static.reuters.com/resources/r/?m=02&d=20210902&t=2&i=1573665792&r=LYNXMPEH810HM,2026-09-09T08:21:58.201867Z,https://mobile.reuters.com/article/amp/idUSKBN2FY101,20210902T144500Z,gdelt_first_seen,"[""https://www.reuters.com/article/us-usa-capitol-security/republican-cheney-to-be-vice-chair-of-u-s-house-panel-on-jan-6-attack-idUSKBN2FY101""]",1,[],"[{""domain"":""reuters.com"",""language"":""English"",""logical_end"":""2021-09-03T00:00:00Z"",""logical_start"":""2021-09-02T00:00:00Z"",""query_category"":""armed_conflict"",""query_string"":""(war OR invasion OR missile OR airstrike OR ceasefire OR military OR conflict) domain:reuters.com sourcelang:english"",""requested_end"":""20210903000001"",""requested_start"":""20210901235959"",""retrieved_at_utc"":""2026-09-09T08:21:58.201867Z"",""seendate"":""20210902T144500Z"",""socialimage"":""https://static.reuters.com/resources/r/?m=02&d=20210902&t=2&i=1573665792&r=LYNXMPEH810HM"",""sourcecountry"":""United States"",""title"":""Republican Cheney to be vice chair of U . S . House panel on Jan . 6 attack"",""url"":""https://www.reuters.com/article/us-usa-capitol-security/republican-cheney-to-be-vice-chair-of-u-s-house-panel-on-jan-6-attack-idUSKBN2FY101"",""url_mobile"":""https://mobile.reuters.com/article/amp/idUSKBN2FY101""}]"
d3bb5ee930f4d6c689a359d5c288dc9dee7d3783ec2119b0749082ffae90da74,https://www.reuters.com/article/us-afghanistan-conflict/rebels-hold-out-in-afghan-valley-as-taliban-set-up-government-in-kabul-idUSKBN2FY0AR,https://www.reuters.com/article/us-afghanistan-conflict/rebels-hold-out-in-afghan-valley-as-taliban-set-up-government-in-kabul-idUSKBN2FY0AR,Rebels hold out in Afghan valley as Taliban set up government in Kabul,2021-09-02 15:00:00+00:00,2021-09-02 22:00:00+07:00,reuters.com,English,United States,"[""armed_conflict""]",https://static.reuters.com/resources/r/?m=02&d=20210902&t=2&i=1573632596&r=LYNXMPEH8104P,2026-09-09T08:21:58.201867Z,https://mobile.reuters.com/article/amp/idUSKBN2FY0AY,20210902T150000Z,gdelt_first_seen,"[""https://www.reuters.com/article/us-afghanistan-conflict/rebels-hold-out-in-afghan-valley-as-taliban-set-up-government-in-kabul-idUSKBN2FY0AR""]",1,[],"[{""domain"":""reuters.com"",""language"":""English"",""logical_end"":""2021-09-03T00:00:00Z"",""logical_start"":""2021-09-02T00:00:00Z"",""query_category"":""armed_conflict"",""query_string"":""(war OR invasion OR missile OR airstrike OR ceasefire OR military OR conflict) domain:reuters.com sourcelang:english"",""requested_end"":""20210903000001"",""requested_start"":""20210901235959"",""retrieved_at_utc"":""2026-09-09T08:21:58.201867Z"",""seendate"":""20210902T150000Z"",""socialimage"":""https://static.reuters.com/resources/r/?m=02&d=20210902&t=2&i=1573632596&r=LYNXMPEH8104P"",""sourcecountry"":""United States"",""title"":""Rebels hold out in Afghan valley as Taliban set up government in Kabul"",""url"":""https://www.reuters.com/article/us-afghanistan-conflict/rebels-hold-out-in-afghan-valley-as-taliban-set-up-government-in-kabul-idUSKBN2FY0AR"",""url_mobile"":""https://mobile.reuters.com/article/amp/idUSKBN2FY0AY""}]"
405ee123667d2ffbf8a3b67b02aaeff477989cb57fd2660e08e55204435b7315,https://www.reuters.com/article/us-ethiopia-conflict/u-n-warns-catastrophe-looms-in-ethiopias-north-urges-government-to-end-de-facto-aid-blockade-idUSKBN2FY1CZ,https://www.reuters.com/article/us-ethiopia-conflict/u-n-warns-catastrophe-looms-in-ethiopias-north-urges-government-to-end-de-facto-aid-blockade-idUSKBN2FY1CZ,"U . N . warns catastrophe looms in Ethiopia north , urges government to end de facto aid blockade",2021-09-02 15:00:00+00:00,2021-09-02 22:00:00+07:00,reuters.com,English,United States,"[""armed_conflict""]",https://static.reuters.com/resources/r/?m=02&d=20210902&t=2&i=1573681204&r=LYNXMPEH810PI,2026-09-09T08:21:58.201867Z,https://mobile.reuters.com/article/amp/idUSKBN2FY1CZ,20210902T150000Z,gdelt_first_seen,"[""https://www.reuters.com/article/us-ethiopia-conflict/u-n-warns-catastrophe-looms-in-ethiopias-north-urges-government-to-end-de-facto-aid-blockade-idUSKBN2FY1CZ""]",1,[],"[{""domain"":""reuters.com"",""language"":""English"",""logical_end"":""2021-09-03T00:00:00Z"",""logical_start"":""2021-09-02T00:00:00Z"",""query_category"":""armed_conflict"",""query_string"":""(war OR invasion OR missile OR airstrike OR ceasefire OR military OR conflict) domain:reuters.com sourcelang:english"",""requested_end"":""20210903000001"",""requested_start"":""20210901235959"",""retrieved_at_utc"":""2026-09-09T08:21:58.201867Z"",""seendate"":""20210902T150000Z"",""socialimage"":""https://static.reuters.com/resources/r/?m=02&d=20210902&t=2&i=1573681204&r=LYNXMPEH810PI"",""sourcecountry"":""United States"",""title"":""U . N . warns catastrophe looms in Ethiopia north , urges government to end de facto aid blockade"",""url"":""https://www.reuters.com/article/us-ethiopia-conflict/u-n-warns-catastrophe-looms-in-ethiopias-north-urges-government-to-end-de-facto-aid-blockade-idUSKBN2FY1CZ"",""url_mobile"":""https://mobile.reuters.com/article/amp/idUSKBN2FY1CZ""}]"
f1a04782cabf8d2f145e5240438c4f263e2be54b2f5c9ac2dc9e40e9321b7df8,https://www.reuters.com/breakingviews/chancellor-beware-financial-repressions-return-2021-09-02/,https://www.reuters.com/breakingviews/chancellor-beware-financial-repressions-return-2021-09-02/,Chancellor : Beware financial repression return,2021-09-02 15:00:00+00:00,2021-09-02 22:00:00+07:00,reuters.com,English,United States,"[""armed_conflict""]",https://www.reuters.com/resizer/OJ6wdID7HvAbIOKyx-beI4qxQUw=/1200x628/smart/filters:quality(80)/cloudfront-us-east-2.images.arcpublishing.com/reuters/6OKIORR5OBM4FJICCNRHCMIBQE.jpg,2026-09-09T08:21:58.201867Z,,20210902T150000Z,gdelt_first_seen,"[""https://www.reuters.com/breakingviews/chancellor-beware-financial-repressions-return-2021-09-02/""]",1,[],"[{""domain"":""reuters.com"",""language"":""English"",""logical_end"":""2021-09-03T00:00:00Z"",""logical_start"":""2021-09-02T00:00:00Z"",""query_category"":""armed_conflict"",""query_string"":""(war OR invasion OR missile OR airstrike OR ceasefire OR military OR conflict) domain:reuters.com sourcelang:english"",""requested_end"":""20210903000001"",""requested_start"":""20210901235959"",""retrieved_at_utc"":""2026-09-09T08:21:58.201867Z"",""seendate"":""20210902T150000Z"",""socialimage"":""https://www.reuters.com/resizer/OJ6wdID7HvAbIOKyx-beI4qxQUw=/1200x628/smart/filters:quality(80)/cloudfront-us-east-2.images.arcpublishing.com/reuters/6OKIORR5OBM4FJICCNRHCMIBQE.jpg"",""sourcecountry"":""United States"",""title"":""Chancellor : Beware financial repression return"",""url"":""https://www.reuters.com/breakingviews/chancellor-beware-financial-repressions-return-2021-09-02/"",""url_mobile"":""""}]"
63c51eab3452947a138e5ec9f31507e0416f9abc9a6c8b9a12756cc556aa238a,https://www.reuters.com/world/americas/lost-hope-ortegas-crackdown-nicaragua-stirs-fast-growing-exodus-2021-09-02/,https://www.reuters.com/world/americas/lost-hope-ortegas-crackdown-nicaragua-stirs-fast-growing-exodus-2021-09-02/,Lost hope : Ortega crackdown in Nicaragua stirs fast - growing exodus,2021-09-02 15:00:00+00:00,2021-09-02 22:00:00+07:00,reuters.com,English,United States,"[""armed_conflict""]",https://www.reuters.com/resizer/vrgpfWJ_AxthpOI0yqbfM74qvU4=/1200x628/smart/filters:quality(80)/cloudfront-us-east-2.images.arcpublishing.com/reuters/ONHH5MU7YRM4XGCECYDJSJ7FEI.jpg,2026-09-09T08:21:58.201867Z,,20210902T150000Z,gdelt_first_seen,"[""https://www.reuters.com/world/americas/lost-hope-ortegas-crackdown-nicaragua-stirs-fast-growing-exodus-2021-09-02/""]",1,[],"[{""domain"":""reuters.com"",""language"":""English"",""logical_end"":""2021-09-03T00:00:00Z"",""logical_start"":""2021-09-02T00:00:00Z"",""query_category"":""armed_conflict"",""query_string"":""(war OR invasion OR missile OR airstrike OR ceasefire OR military OR conflict) domain:reuters.com sourcelang:english"",""requested_end"":""20210903000001"",""requested_start"":""20210901235959"",""retrieved_at_utc"":""2026-09-09T08:21:58.201867Z"",""seendate"":""20210902T150000Z"",""socialimage"":""https://www.reuters.com/resizer/vrgpfWJ_AxthpOI0yqbfM74qvU4=/1200x628/smart/filters:quality(80)/cloudfront-us-east-2.images.arcpublishing.com/reuters/ONHH5MU7YRM4XGCECYDJSJ7FEI.jpg"",""sourcecountry"":""United States"",""title"":""Lost hope : Ortega crackdown in Nicaragua stirs fast - growing exodus"",""url"":""https://www.reuters.com/world/americas/lost-hope-ortegas-crackdown-nicaragua-stirs-fast-growing-exodus-2021-09-02/"",""url_mobile"":""""}]"
e280fc69a53b0913928acfd056f3cddd26a1b33519e3ffcf656d56d466c9a357,https://www.reuters.com/world/un-warns-catastrophe-looms-ethiopias-north-urges-government-end-de-facto-aid-2021-09-02/,https://www.reuters.com/world/un-warns-catastrophe-looms-ethiopias-north-urges-government-end-de-facto-aid-2021-09-02/,"U . N . warns catastrophe looms in Ethiopia north , urges government to end de facto aid blockade",2021-09-02 15:15:00+00:00,2021-09-02 22:15:00+07:00,reuters.com,English,United States,"[""armed_conflict""]",https://www.reuters.com/resizer/EKZRJbhXav6kQ6JKybnsCvOTAqg=/1200x628/smart/filters:quality(80)/cloudfront-us-east-2.images.arcpublishing.com/reuters/C7SEEBXV7ZLTPGCS6RWRF6CLTY.jpg,2026-09-09T08:21:58.201867Z,,20210902T151500Z,gdelt_first_seen,"[""https://www.reuters.com/world/un-warns-catastrophe-looms-ethiopias-north-urges-government-end-de-facto-aid-2021-09-02/""]",1,[],"[{""domain"":""reuters.com"",""language"":""English"",""logical_end"":""2021-09-03T00:00:00Z"",""logical_start"":""2021-09-02T00:00:00Z"",""query_category"":""armed_conflict"",""query_string"":""(war OR invasion OR missile OR airstrike OR ceasefire OR military OR conflict) domain:reuters.com sourcelang:english"",""requested_end"":""20210903000001"",""requested_start"":""20210901235959"",""retrieved_at_utc"":""2026-09-09T08:21:58.201867Z"",""seendate"":""20210902T151500Z"",""socialimage"":""https://www.reuters.com/resizer/EKZRJbhXav6kQ6JKybnsCvOTAqg=/1200x628/smart/filters:quality(80)/cloudfront-us-east-2.images.arcpublishing.com/reuters/C7SEEBXV7ZLTPGCS6RWRF6CLTY.jpg"",""sourcecountry"":""United States"",""title"":""U . N . warns catastrophe looms in Ethiopia north , urges government to end de facto aid blockade"",""url"":""https://www.reuters.com/world/un-warns-catastrophe-looms-ethiopias-north-urges-government-end-de-facto-aid-2021-09-02/"",""url_mobile"":""""}]"
28e5846a29e5ca1f9788e3f549e7dad865c68c0332c4d3b121a13276442f66ce,https://www.reuters.com/article/politicsNews/idUSKBN2FY101,https://www.reuters.com/article/politicsNews/idUSKBN2FY101,Republican Cheney to be vice chair of U . S . House panel on Jan . 6 attack,2021-09-02 15:45:00+00:00,2021-09-02 22:45:00+07:00,reuters.com,English,United States,"[""armed_conflict""]",https://static.reuters.com/resources/r/?m=02&d=20210902&t=2&i=1573665792&r=LYNXMPEH810HM,2026-09-09T08:21:58.201867Z,https://mobile.reuters.com/article/amp/idUSKBN2FY101,20210902T154500Z,gdelt_first_seen,"[""https://www.reuters.com/article/politicsNews/idUSKBN2FY101""]",1,[],"[{""domain"":""reuters.com"",""language"":""English"",""logical_end"":""2021-09-03T00:00:00Z"",""logical_start"":""2021-09-02T00:00:00Z"",""query_category"":""armed_conflict"",""query_string"":""(war OR invasion OR missile OR airstrike OR ceasefire OR military OR conflict) domain:reuters.com sourcelang:english"",""requested_end"":""20210903000001"",""requested_start"":""20210901235959"",""retrieved_at_utc"":""2026-09-09T08:21:58.201867Z"",""seendate"":""20210902T154500Z"",""socialimage"":""https://static.reuters.com/resources/r/?m=02&d=20210902&t=2&i=1573665792&r=LYNXMPEH810HM"",""sourcecountry"":""United States"",""title"":""Republican Cheney to be vice chair of U . S . House panel on Jan . 6 attack"",""url"":""https://www.reuters.com/article/politicsNews/idUSKBN2FY101"",""url_mobile"":""https://mobile.reuters.com/article/amp/idUSKBN2FY101""}]"
d3a6bea3255c1bf39e6f135f87996c21f3ea35d50acbc8a373e0c26cf14eea48,https://www.reuters.com/article/worldNews/idUSKBN2FY0VI,https://www.reuters.com/article/worldNews/idUSKBN2FY0VI,"Britain Raab , in Qatar , cites need to engage with Taliban",2021-09-02 15:45:00+00:00,2021-09-02 22:45:00+07:00,reuters.com,English,United States,"[""armed_conflict""]",https://static.reuters.com/resources/r/?m=02&d=20210902&t=2&i=1573658559&r=LYNXMPEH810EM,2026-09-09T08:21:58.201867Z,https://mobile.reuters.com/article/amp/idUSKBN2FY0UK,20210902T154500Z,gdelt_first_seen,"[""https://www.reuters.com/article/worldNews/idUSKBN2FY0VI""]",1,[],"[{""domain"":""reuters.com"",""language"":""English"",""logical_end"":""2021-09-03T00:00:00Z"",""logical_start"":""2021-09-02T00:00:00Z"",""query_category"":""armed_conflict"",""query_string"":""(war OR invasion OR missile OR airstrike OR ceasefire OR military OR conflict) domain:reuters.com sourcelang:english"",""requested_end"":""20210903000001"",""requested_start"":""20210901235959"",""retrieved_at_utc"":""2026-09-09T08:21:58.201867Z"",""seendate"":""20210902T154500Z"",""socialimage"":""https://static.reuters.com/resources/r/?m=02&d=20210902&t=2&i=1573658559&r=LYNXMPEH810EM"",""sourcecountry"":""United States"",""title"":""Britain Raab , in Qatar , cites need to engage with Taliban"",""url"":""https://www.reuters.com/article/worldNews/idUSKBN2FY0VI"",""url_mobile"":""https://mobile.reuters.com/article/amp/idUSKBN2FY0UK""}]"
c91915887579ce8937d9269cf3926a8695882bb024ebd31395ecb4153bed4cb4,https://www.reuters.com/article/worldNews/idUSKBN2FY15L,https://www.reuters.com/article/worldNews/idUSKBN2FY15L,Taliban and Afghan rebels claim heavy casualties in fighting over valley,2021-09-02 15:45:00+00:00,2021-09-02 22:45:00+07:00,reuters.com,English,United States,"[""armed_conflict""]",https://static.reuters.com/resources/r/?m=02&d=20210902&t=2&i=1573673174&r=LYNXMPEH810LC,2026-09-09T08:21:58.201867Z,https://mobile.reuters.com/article/amp/idUSKBN2FY15L,20210902T154500Z,gdelt_first_seen,"[""https://www.reuters.com/article/worldNews/idUSKBN2FY15L""]",1,[],"[{""domain"":""reuters.com"",""language"":""English"",""logical_end"":""2021-09-03T00:00:00Z"",""logical_start"":""2021-09-02T00:00:00Z"",""query_category"":""armed_conflict"",""query_string"":""(war OR invasion OR missile OR airstrike OR ceasefire OR military OR conflict) domain:reuters.com sourcelang:english"",""requested_end"":""20210903000001"",""requested_start"":""20210901235959"",""retrieved_at_utc"":""2026-09-09T08:21:58.201867Z"",""seendate"":""20210902T154500Z"",""socialimage"":""https://static.reuters.com/resources/r/?m=02&d=20210902&t=2&i=1573673174&r=LYNXMPEH810LC"",""sourcecountry"":""United States"",""title"":""Taliban and Afghan rebels claim heavy casualties in fighting over valley"",""url"":""https://www.reuters.com/article/worldNews/idUSKBN2FY15L"",""url_mobile"":""https://mobile.reuters.com/article/amp/idUSKBN2FY15L""}]"
6acb3be5d1a7c4861f6cd9103eb29c3fc8663bb177dada15590c04b7795bc8ad,https://www.reuters.com/business/autos-transportation/how-chinese-tycoon-driving-volvo-plans-tackle-tesla-2021-09-02/,https://www.reuters.com/business/autos-transportation/how-chinese-tycoon-driving-volvo-plans-tackle-tesla-2021-09-02/,Special Report : How the Chinese tycoon driving Volvo plans to tackle Tesla,2021-09-02 15:45:00+00:00,2021-09-02 22:45:00+07:00,reuters.com,English,United States,"[""armed_conflict"",""trade_conflict""]",https://www.reuters.com/resizer/UNzRkRzIlS_qT_WL-dhS2VsiQBo=/1200x628/smart/filters:quality(80)/cloudfront-us-east-2.images.arcpublishing.com/reuters/CAXVITN62VPN5DAVIHXEVJHJBM.jpg,2026-09-09T08:21:58.201867Z,,20210902T154500Z,gdelt_first_seen,"[""https://www.reuters.com/business/autos-transportation/how-chinese-tycoon-driving-volvo-plans-tackle-tesla-2021-09-02/""]",2,[],"[{""domain"":""reuters.com"",""language"":""English"",""logical_end"":""2021-09-03T00:00:00Z"",""logical_start"":""2021-09-02T00:00:00Z"",""query_category"":""armed_conflict"",""query_string"":""(war OR invasion OR missile OR airstrike OR ceasefire OR military OR conflict) domain:reuters.com sourcelang:english"",""requested_end"":""20210903000001"",""requested_start"":""20210901235959"",""retrieved_at_utc"":""2026-09-09T08:21:58.201867Z"",""seendate"":""20210902T154500Z"",""socialimage"":""https://www.reuters.com/resizer/UNzRkRzIlS_qT_WL-dhS2VsiQBo=/1200x628/smart/filters:quality(80)/cloudfront-us-east-2.images.arcpublishing.com/reuters/CAXVITN62VPN5DAVIHXEVJHJBM.jpg"",""sourcecountry"":""United States"",""title"":""Special Report : How the Chinese tycoon driving Volvo plans to tackle Tesla"",""url"":""https://www.reuters.com/business/autos-transportation/how-chinese-tycoon-driving-volvo-plans-tackle-tesla-2021-09-02/"",""url_mobile"":""""},{""domain"":""reuters.com"",""language"":""English"",""logical_end"":""2021-09-03T00:00:00Z"",""logical_start"":""2021-09-02T00:00:00Z"",""query_category"":""trade_conflict"",""query_string"":""(tariff OR tariffs OR \""trade war\"" OR \""export ban\"" OR \""trade restriction\"") domain:reuters.com sourcelang:english"",""requested_end"":""20210903000001"",""requested_start"":""20210901235959"",""retrieved_at_utc"":""2026-09-09T08:42:49.480256Z"",""seendate"":""20210902T154500Z"",""socialimage"":""https://www.reuters.com/resizer/UNzRkRzIlS_qT_WL-dhS2VsiQBo=/1200x628/smart/filters:quality(80)/cloudfront-us-east-2.images.arcpublishing.com/reuters/CAXVITN62VPN5DAVIHXEVJHJBM.jpg"",""sourcecountry"":""United States"",""title"":""Special Report : How the Chinese tycoon driving Volvo plans to tackle Tesla"",""url"":""https://www.reuters.com/business/autos-transportation/how-chinese-tycoon-driving-volvo-plans-tackle-tesla-2021-09-02/"",""url_mobile"":""""}]"
9e8a15cd5a6403724ced299aff6609bdafb99b1b6550bfbeea482f13d0c09722,https://www.reuters.com/world/asia-pacific/drought-leaves-afghans-hungry-economic-collapse-looms-un-2021-09-02/,https://www.reuters.com/world/asia-pacific/drought-leaves-afghans-hungry-economic-collapse-looms-un-2021-09-02/,Drought leaves Afghans hungry as economic collapse looms - U . N .,2021-09-02 15:45:00+00:00,2021-09-02 22:45:00+07:00,reuters.com,English,United States,"[""armed_conflict""]",https://www.reuters.com/pf/resources/images/reuters/reuters-default.png?d=50,2026-09-09T08:21:58.201867Z,,20210902T154500Z,gdelt_first_seen,"[""https://www.reuters.com/world/asia-pacific/drought-leaves-afghans-hungry-economic-collapse-looms-un-2021-09-02/""]",1,[],"[{""domain"":""reuters.com"",""language"":""English"",""logical_end"":""2021-09-03T00:00:00Z"",""logical_start"":""2021-09-02T00:00:00Z"",""query_category"":""armed_conflict"",""query_string"":""(war OR invasion OR missile OR airstrike OR ceasefire OR military OR conflict) domain:reuters.com sourcelang:english"",""requested_end"":""20210903000001"",""requested_start"":""20210901235959"",""retrieved_at_utc"":""2026-09-09T08:21:58.201867Z"",""seendate"":""20210902T154500Z"",""socialimage"":""https://www.reuters.com/pf/resources/images/reuters/reuters-default.png?d=50"",""sourcecountry"":""United States"",""title"":""Drought leaves Afghans hungry as economic collapse looms - U . N . "",""url"":""https://www.reuters.com/world/asia-pacific/drought-leaves-afghans-hungry-economic-collapse-looms-un-2021-09-02/"",""url_mobile"":""""}]"
0a4421f808ecc5d8215a5d79abc3ad3f16f598d2b7098ff1c36c22f2673c9171,https://www.reuters.com/world/us/everybody-screwed-up-blame-game-begins-over-turbulent-us-exit-afghanistan-2021-09-01/,https://www.reuters.com/world/us/everybody-screwed-up-blame-game-begins-over-turbulent-us-exit-afghanistan-2021-09-01/,Everybody screwed up : Blame game begins over turbulent U . S . exit from Afghanistan,2021-09-02 16:00:00+00:00,2021-09-02 23:00:00+07:00,reuters.com,English,United States,"[""armed_conflict""]",https://www.reuters.com/resizer/0KNb3pO4oV6_RZTQPZO6KOpDu0k=/1200x628/smart/filters:quality(80)/cloudfront-us-east-2.images.arcpublishing.com/reuters/XSWBPLZ3NFLGFIBSQFYPKGVVFQ.jpg,2026-09-09T08:21:58.201867Z,,20210902T160000Z,gdelt_first_seen,"[""https://www.reuters.com/world/us/everybody-screwed-up-blame-game-begins-over-turbulent-us-exit-afghanistan-2021-09-01/""]",1,[],"[{""domain"":""reuters.com"",""language"":""English"",""logical_end"":""2021-09-03T00:00:00Z"",""logical_start"":""2021-09-02T00:00:00Z"",""query_category"":""armed_conflict"",""query_string"":""(war OR invasion OR missile OR airstrike OR ceasefire OR military OR conflict) domain:reuters.com sourcelang:english"",""requested_end"":""20210903000001"",""requested_start"":""20210901235959"",""retrieved_at_utc"":""2026-09-09T08:21:58.201867Z"",""seendate"":""20210902T160000Z"",""socialimage"":""https://www.reuters.com/resizer/0KNb3pO4oV6_RZTQPZO6KOpDu0k=/1200x628/smart/filters:quality(80)/cloudfront-us-east-2.images.arcpublishing.com/reuters/XSWBPLZ3NFLGFIBSQFYPKGVVFQ.jpg"",""sourcecountry"":""United States"",""title"":""  Everybody screwed up : Blame game begins over turbulent U . S . exit from Afghanistan"",""url"":""https://www.reuters.com/world/us/everybody-screwed-up-blame-game-begins-over-turbulent-us-exit-afghanistan-2021-09-01/"",""url_mobile"":""""}]"
8fe2697ae07adc962bc4144dea330c78c20413328c23fa8643828769ba401ed5,https://www.reuters.com/world/asia-pacific/taliban-afghan-rebels-claim-heavy-casualties-fighting-over-valley-2021-09-02/,https://www.reuters.com/world/asia-pacific/taliban-afghan-rebels-claim-heavy-casualties-fighting-over-valley-2021-09-02/,Taliban and Afghan rebels claim heavy casualties in fighting over valley,2021-09-02 16:15:00+00:00,2021-09-02 23:15:00+07:00,reuters.com,English,United States,"[""armed_conflict""]",https://www.reuters.com/resizer/yfmEBLpt7z5IBi3NkRpqC9rrxn4=/1200x628/smart/filters:quality(80)/cloudfront-us-east-2.images.arcpublishing.com/reuters/GQCQUYVQNFM3HB4NU5T6QOZBAA.jpg,2026-09-09T08:21:58.201867Z,,20210902T161500Z,gdelt_first_seen,"[""https://www.reuters.com/world/asia-pacific/taliban-afghan-rebels-claim-heavy-casualties-fighting-over-valley-2021-09-02/""]",1,[],"[{""domain"":""reuters.com"",""language"":""English"",""logical_end"":""2021-09-03T00:00:00Z"",""logical_start"":""2021-09-02T00:00:00Z"",""query_category"":""armed_conflict"",""query_string"":""(war OR invasion OR missile OR airstrike OR ceasefire OR military OR conflict) domain:reuters.com sourcelang:english"",""requested_end"":""20210903000001"",""requested_start"":""20210901235959"",""retrieved_at_utc"":""2026-09-09T08:21:58.201867Z"",""seendate"":""20210902T161500Z"",""socialimage"":""https://www.reuters.com/resizer/yfmEBLpt7z5IBi3NkRpqC9rrxn4=/1200x628/smart/filters:quality(80)/cloudfront-us-east-2.images.arcpublishing.com/reuters/GQCQUYVQNFM3HB4NU5T6QOZBAA.jpg"",""sourcecountry"":""United States"",""title"":""Taliban and Afghan rebels claim heavy casualties in fighting over valley"",""url"":""https://www.reuters.com/world/asia-pacific/taliban-afghan-rebels-claim-heavy-casualties-fighting-over-valley-2021-09-02/"",""url_mobile"":""""}]"
c0e88db1032d2892ee097385c9cb87531e1b400dd4b1bd43f07dccb91639f082,https://www.reuters.com/article/ethiopia-economy-idUSL8N2Q443U,https://www.reuters.com/article/ethiopia-economy-idUSL8N2Q443U,Ethiopia policymakers take aim at soaring inflation,2021-09-02 16:30:00+00:00,2021-09-02 23:30:00+07:00,reuters.com,English,United States,"[""armed_conflict""]",https://s1.reutersmedia.net/resources_v2/images/rcom-default.png,2026-09-09T08:21:58.201867Z,https://mobile.reuters.com/article/amp/idUSL8N2Q443U,20210902T163000Z,gdelt_first_seen,"[""https://www.reuters.com/article/ethiopia-economy-idUSL8N2Q443U""]",1,[],"[{""domain"":""reuters.com"",""language"":""English"",""logical_end"":""2021-09-03T00:00:00Z"",""logical_start"":""2021-09-02T00:00:00Z"",""query_category"":""armed_conflict"",""query_string"":""(war OR invasion OR missile OR airstrike OR ceasefire OR military OR conflict) domain:reuters.com sourcelang:english"",""requested_end"":""20210903000001"",""requested_start"":""20210901235959"",""retrieved_at_utc"":""2026-09-09T08:21:58.201867Z"",""seendate"":""20210902T163000Z"",""socialimage"":""https://s1.reutersmedia.net/resources_v2/images/rcom-default.png"",""sourcecountry"":""United States"",""title"":""Ethiopia policymakers take aim at soaring inflation"",""url"":""https://www.reuters.com/article/ethiopia-economy-idUSL8N2Q443U"",""url_mobile"":""https://mobile.reuters.com/article/amp/idUSL8N2Q443U""}]"
8f511ba86748310b7703cffc8f16b4fdeb12ba255eee117efc395865f3288039,https://www.reuters.com/article/us-egypt-jordan-palestinians-idUSKBN2FY1KQ,https://www.reuters.com/article/us-egypt-jordan-palestinians-idUSKBN2FY1KQ,Palestinian president says he ready for confidence - building,2021-09-02 16:30:00+00:00,2021-09-02 23:30:00+07:00,reuters.com,English,United States,"[""armed_conflict""]",https://static.reuters.com/resources/r/?m=02&d=20210902&t=2&i=1573690693&r=LYNXMPEH810TF,2026-09-09T08:21:58.201867Z,https://mobile.reuters.com/article/amp/idUSKBN2FY1KQ,20210902T163000Z,gdelt_first_seen,"[""https://www.reuters.com/article/us-egypt-jordan-palestinians-idUSKBN2FY1KQ""]",1,[],"[{""domain"":""reuters.com"",""language"":""English"",""logical_end"":""2021-09-03T00:00:00Z"",""logical_start"":""2021-09-02T00:00:00Z"",""query_category"":""armed_conflict"",""query_string"":""(war OR invasion OR missile OR airstrike OR ceasefire OR military OR conflict) domain:reuters.com sourcelang:english"",""requested_end"":""20210903000001"",""requested_start"":""20210901235959"",""retrieved_at_utc"":""2026-09-09T08:21:58.201867Z"",""seendate"":""20210902T163000Z"",""socialimage"":""https://static.reuters.com/resources/r/?m=02&d=20210902&t=2&i=1573690693&r=LYNXMPEH810TF"",""sourcecountry"":""United States"",""title"":""Palestinian president says he ready for confidence - building"",""url"":""https://www.reuters.com/article/us-egypt-jordan-palestinians-idUSKBN2FY1KQ"",""url_mobile"":""https://mobile.reuters.com/article/amp/idUSKBN2FY1KQ""}]"
e26a19cf3d3c488d0ddd4a72a5152aba7abc4830e9b738b73a8baa0bf555a574,https://www.reuters.com/world/asia-pacific/exclusive-western-union-resuming-services-afghanistan-senior-exec-2021-09-02/,https://www.reuters.com/world/asia-pacific/exclusive-western-union-resuming-services-afghanistan-senior-exec-2021-09-02/,EXCLUSIVE Western Union resuming services to Afghanistan - senior exec,2021-09-02 16:30:00+00:00,2021-09-02 23:30:00+07:00,reuters.com,English,United States,"[""sanctions""]",https://www.reuters.com/resizer/0s3VTG6hrR3lLZOHLuGM1XWPViU=/1200x628/smart/filters:quality(80)/cloudfront-us-east-2.images.arcpublishing.com/reuters/ZZPALA5PDBIS5GE7KFBDANRL5M.jpg,2026-09-09T08:42:26.044772Z,,20210902T163000Z,gdelt_first_seen,"[""https://www.reuters.com/world/asia-pacific/exclusive-western-union-resuming-services-afghanistan-senior-exec-2021-09-02/""]",1,[],"[{""domain"":""reuters.com"",""language"":""English"",""logical_end"":""2021-09-03T00:00:00Z"",""logical_start"":""2021-09-02T00:00:00Z"",""query_category"":""sanctions"",""query_string"":""(sanction OR sanctions OR embargo OR \""asset freeze\"" OR \""export restriction\"") domain:reuters.com sourcelang:english"",""requested_end"":""20210903000001"",""requested_start"":""20210901235959"",""retrieved_at_utc"":""2026-09-09T08:42:26.044772Z"",""seendate"":""20210902T163000Z"",""socialimage"":""https://www.reuters.com/resizer/0s3VTG6hrR3lLZOHLuGM1XWPViU=/1200x628/smart/filters:quality(80)/cloudfront-us-east-2.images.arcpublishing.com/reuters/ZZPALA5PDBIS5GE7KFBDANRL5M.jpg"",""sourcecountry"":""United States"",""title"":""EXCLUSIVE Western Union resuming services to Afghanistan - senior exec"",""url"":""https://www.reuters.com/world/asia-pacific/exclusive-western-union-resuming-services-afghanistan-senior-exec-2021-09-02/"",""url_mobile"":""""}]"
4215f835b75c32e24f11e9923708eb9aa258102cadcf80079f9f7ad318e17642,https://www.reuters.com/article/us-egypt-jordan-palestinians/palestinian-president-says-hes-ready-for-confidence-building-idUSKBN2FY1KQ,https://www.reuters.com/article/us-egypt-jordan-palestinians/palestinian-president-says-hes-ready-for-confidence-building-idUSKBN2FY1KQ,Palestinian president says he ready for confidence - building,2021-09-02 16:45:00+00:00,2021-09-02 23:45:00+07:00,reuters.com,English,United States,"[""armed_conflict""]",https://static.reuters.com/resources/r/?m=02&d=20210902&t=2&i=1573690693&r=LYNXMPEH810TF,2026-09-09T08:21:58.201867Z,https://mobile.reuters.com/article/amp/idUSKBN2FY1KQ,20210902T164500Z,gdelt_first_seen,"[""https://www.reuters.com/article/us-egypt-jordan-palestinians/palestinian-president-says-hes-ready-for-confidence-building-idUSKBN2FY1KQ""]",1,[],"[{""domain"":""reuters.com"",""language"":""English"",""logical_end"":""2021-09-03T00:00:00Z"",""logical_start"":""2021-09-02T00:00:00Z"",""query_category"":""armed_conflict"",""query_string"":""(war OR invasion OR missile OR airstrike OR ceasefire OR military OR conflict) domain:reuters.com sourcelang:english"",""requested_end"":""20210903000001"",""requested_start"":""20210901235959"",""retrieved_at_utc"":""2026-09-09T08:21:58.201867Z"",""seendate"":""20210902T164500Z"",""socialimage"":""https://static.reuters.com/resources/r/?m=02&d=20210902&t=2&i=1573690693&r=LYNXMPEH810TF"",""sourcecountry"":""United States"",""title"":""Palestinian president says he ready for confidence - building"",""url"":""https://www.reuters.com/article/us-egypt-jordan-palestinians/palestinian-president-says-hes-ready-for-confidence-building-idUSKBN2FY1KQ"",""url_mobile"":""https://mobile.reuters.com/article/amp/idUSKBN2FY1KQ""}]"
2114a84b0c900e731e517bb9cc9ea255542cd56d9d16093b02a707ab4e9ca267,https://www.reuters.com/world/africa/almost-6000-boko-haram-fighters-have-surrendered-nigerian-army-says-2021-09-02/,https://www.reuters.com/world/africa/almost-6000-boko-haram-fighters-have-surrendered-nigerian-army-says-2021-09-02/,"Almost 6 , 000 Boko Haram fighters have surrendered , Nigerian army says",2021-09-02 16:45:00+00:00,2021-09-02 23:45:00+07:00,reuters.com,English,United States,"[""armed_conflict""]",https://www.reuters.com/pf/resources/images/reuters/reuters-default.png?d=50,2026-09-09T08:21:58.201867Z,,20210902T164500Z,gdelt_first_seen,"[""https://www.reuters.com/world/africa/almost-6000-boko-haram-fighters-have-surrendered-nigerian-army-says-2021-09-02/""]",1,[],"[{""domain"":""reuters.com"",""language"":""English"",""logical_end"":""2021-09-03T00:00:00Z"",""logical_start"":""2021-09-02T00:00:00Z"",""query_category"":""armed_conflict"",""query_string"":""(war OR invasion OR missile OR airstrike OR ceasefire OR military OR conflict) domain:reuters.com sourcelang:english"",""requested_end"":""20210903000001"",""requested_start"":""20210901235959"",""retrieved_at_utc"":""2026-09-09T08:21:58.201867Z"",""seendate"":""20210902T164500Z"",""socialimage"":""https://www.reuters.com/pf/resources/images/reuters/reuters-default.png?d=50"",""sourcecountry"":""United States"",""title"":""Almost 6 , 000 Boko Haram fighters have surrendered , Nigerian army says"",""url"":""https://www.reuters.com/world/africa/almost-6000-boko-haram-fighters-have-surrendered-nigerian-army-says-2021-09-02/"",""url_mobile"":""""}]"
8b3ba502bedf938153ca6f3969227f1b77956569c4b05c1eeeac3d69672dcbd1,https://jp.reuters.com/news/picture/photos-of-the-week-idJPRTXGL0UE,https://jp.reuters.com/news/picture/photos-of-the-week-idJPRTXGL0UE,Photos of the week | jp . reuters . com,2021-09-02 17:45:00+00:00,2021-09-03 00:45:00+07:00,jp.reuters.com,English,United States,"[""armed_conflict""]",https://s4.reutersmedia.net/resources/r/?m=02&d=20210902&t=2&i=1573695239&w=&fh=545&fw=810&ll=&pl=&sq=&r=2021-09-02T164412Z_41710_MRPRC2PDP9CCV2J_RTRMADP_0_SWISS-ANIMALS,2026-09-09T08:21:58.201867Z,,20210902T174500Z,gdelt_first_seen,"[""https://jp.reuters.com/news/picture/photos-of-the-week-idJPRTXGL0UE""]",1,[],"[{""domain"":""jp.reuters.com"",""language"":""English"",""logical_end"":""2021-09-03T00:00:00Z"",""logical_start"":""2021-09-02T00:00:00Z"",""query_category"":""armed_conflict"",""query_string"":""(war OR invasion OR missile OR airstrike OR ceasefire OR military OR conflict) domain:reuters.com sourcelang:english"",""requested_end"":""20210903000001"",""requested_start"":""20210901235959"",""retrieved_at_utc"":""2026-09-09T08:21:58.201867Z"",""seendate"":""20210902T174500Z"",""socialimage"":""https://s4.reutersmedia.net/resources/r/?m=02&d=20210902&t=2&i=1573695239&w=&fh=545&fw=810&ll=&pl=&sq=&r=2021-09-02T164412Z_41710_MRPRC2PDP9CCV2J_RTRMADP_0_SWISS-ANIMALS"",""sourcecountry"":""United States"",""title"":""Photos of the week | jp . reuters . com"",""url"":""https://jp.reuters.com/news/picture/photos-of-the-week-idJPRTXGL0UE"",""url_mobile"":""""}]"
f745ecd96e6e1fc792f8caa4cb22a5ead849fc46b732e1dcca39d53d0a66318e,https://www.reuters.com/article/ethiopia-economy/ethiopia-policymakers-take-aim-at-soaring-inflation-idUSL8N2Q443U,https://www.reuters.com/article/ethiopia-economy/ethiopia-policymakers-take-aim-at-soaring-inflation-idUSL8N2Q443U,Ethiopia policymakers take aim at soaring inflation,2021-09-02 17:45:00+00:00,2021-09-03 00:45:00+07:00,reuters.com,English,United States,"[""armed_conflict""]",https://s1.reutersmedia.net/resources_v2/images/rcom-default.png,2026-09-09T08:21:58.201867Z,https://mobile.reuters.com/article/amp/idUSL8N2Q443U,20210902T174500Z,gdelt_first_seen,"[""https://www.reuters.com/article/ethiopia-economy/ethiopia-policymakers-take-aim-at-soaring-inflation-idUSL8N2Q443U""]",1,[],"[{""domain"":""reuters.com"",""language"":""English"",""logical_end"":""2021-09-03T00:00:00Z"",""logical_start"":""2021-09-02T00:00:00Z"",""query_category"":""armed_conflict"",""query_string"":""(war OR invasion OR missile OR airstrike OR ceasefire OR military OR conflict) domain:reuters.com sourcelang:english"",""requested_end"":""20210903000001"",""requested_start"":""20210901235959"",""retrieved_at_utc"":""2026-09-09T08:21:58.201867Z"",""seendate"":""20210902T174500Z"",""socialimage"":""https://s1.reutersmedia.net/resources_v2/images/rcom-default.png"",""sourcecountry"":""United States"",""title"":""Ethiopia policymakers take aim at soaring inflation"",""url"":""https://www.reuters.com/article/ethiopia-economy/ethiopia-policymakers-take-aim-at-soaring-inflation-idUSL8N2Q443U"",""url_mobile"":""https://mobile.reuters.com/article/amp/idUSL8N2Q443U""}]"
38d0c0b6c07658f46d1e5f80e58311717e8feb6617db01dff1c1e8e0d1c67c60,https://www.reuters.com/business/energy/ukraine-warns-europe-be-dependent-russia-gas-supply-with-nord-stream-2-2021-09-02/,https://www.reuters.com/business/energy/ukraine-warns-europe-be-dependent-russia-gas-supply-with-nord-stream-2-2021-09-02/,Ukraine warns Europe to be dependent on Russia for gas supply with Nord Stream 2,2021-09-02 17:45:00+00:00,2021-09-03 00:45:00+07:00,reuters.com,English,United States,"[""armed_conflict""]",https://www.reuters.com/resizer/h_re00cvDWbytnMdsdL56vhV8MA=/1200x628/smart/filters:quality(80)/cloudfront-us-east-2.images.arcpublishing.com/reuters/STODLMAGDZJUFD7EM4PMAX6ZB4.jpg,2026-09-09T08:21:58.201867Z,,20210902T174500Z,gdelt_first_seen,"[""https://www.reuters.com/business/energy/ukraine-warns-europe-be-dependent-russia-gas-supply-with-nord-stream-2-2021-09-02/""]",1,[],"[{""domain"":""reuters.com"",""language"":""English"",""logical_end"":""2021-09-03T00:00:00Z"",""logical_start"":""2021-09-02T00:00:00Z"",""query_category"":""armed_conflict"",""query_string"":""(war OR invasion OR missile OR airstrike OR ceasefire OR military OR conflict) domain:reuters.com sourcelang:english"",""requested_end"":""20210903000001"",""requested_start"":""20210901235959"",""retrieved_at_utc"":""2026-09-09T08:21:58.201867Z"",""seendate"":""20210902T174500Z"",""socialimage"":""https://www.reuters.com/resizer/h_re00cvDWbytnMdsdL56vhV8MA=/1200x628/smart/filters:quality(80)/cloudfront-us-east-2.images.arcpublishing.com/reuters/STODLMAGDZJUFD7EM4PMAX6ZB4.jpg"",""sourcecountry"":""United States"",""title"":""Ukraine warns Europe to be dependent on Russia for gas supply with Nord Stream 2"",""url"":""https://www.reuters.com/business/energy/ukraine-warns-europe-be-dependent-russia-gas-supply-with-nord-stream-2-2021-09-02/"",""url_mobile"":""""}]"
ea2949b7dbe2568e8347814a9be625b86047047907c1d74c78280746fd20f71b,https://www.reuters.com/world/europe/poland-latvia-worry-over-russias-war-games-tense-eu-belarus-border-2021-09-02/,https://www.reuters.com/world/europe/poland-latvia-worry-over-russias-war-games-tense-eu-belarus-border-2021-09-02/,"Poland , Latvia worry over Russia war games on tense EU - Belarus border",2021-09-02 18:00:00+00:00,2021-09-03 01:00:00+07:00,reuters.com,English,United States,"[""armed_conflict"",""sanctions""]",https://www.reuters.com/pf/resources/images/reuters/reuters-default.png?d=50,2026-09-09T08:21:58.201867Z,,20210902T180000Z,gdelt_first_seen,"[""https://www.reuters.com/world/europe/poland-latvia-worry-over-russias-war-games-tense-eu-belarus-border-2021-09-02/""]",2,[],"[{""domain"":""reuters.com"",""language"":""English"",""logical_end"":""2021-09-03T00:00:00Z"",""logical_start"":""2021-09-02T00:00:00Z"",""query_category"":""armed_conflict"",""query_string"":""(war OR invasion OR missile OR airstrike OR ceasefire OR military OR conflict) domain:reuters.com sourcelang:english"",""requested_end"":""20210903000001"",""requested_start"":""20210901235959"",""retrieved_at_utc"":""2026-09-09T08:21:58.201867Z"",""seendate"":""20210902T180000Z"",""socialimage"":""https://www.reuters.com/pf/resources/images/reuters/reuters-default.png?d=50"",""sourcecountry"":""United States"",""title"":""Poland , Latvia worry over Russia war games on tense EU - Belarus border"",""url"":""https://www.reuters.com/world/europe/poland-latvia-worry-over-russias-war-games-tense-eu-belarus-border-2021-09-02/"",""url_mobile"":""""},{""domain"":""reuters.com"",""language"":""English"",""logical_end"":""2021-09-03T00:00:00Z"",""logical_start"":""2021-09-02T00:00:00Z"",""query_category"":""sanctions"",""query_string"":""(sanction OR sanctions OR embargo OR \""asset freeze\"" OR \""export restriction\"") domain:reuters.com sourcelang:english"",""requested_end"":""20210903000001"",""requested_start"":""20210901235959"",""retrieved_at_utc"":""2026-09-09T08:42:26.044772Z"",""seendate"":""20210902T180000Z"",""socialimage"":""https://www.reuters.com/pf/resources/images/reuters/reuters-default.png?d=50"",""sourcecountry"":""United States"",""title"":""Poland , Latvia worry over Russia war games on tense EU - Belarus border"",""url"":""https://www.reuters.com/world/europe/poland-latvia-worry-over-russias-war-games-tense-eu-belarus-border-2021-09-02/"",""url_mobile"":""""}]"
a5e0a2c455c4074284a5e57a9d08d925353027e7de00b636378575c0499a1704,https://www.reuters.com/business/energy/biden-says-has-directed-doe-use-us-strategic-petroleum-reserve-keep-gas-flowing-2021-09-02/,https://www.reuters.com/business/energy/biden-says-has-directed-doe-use-us-strategic-petroleum-reserve-keep-gas-flowing-2021-09-02/,Biden tells Energy Dept : use all tools to bring fuel to storm - hit areas,2021-09-02 18:15:00+00:00,2021-09-03 01:15:00+07:00,reuters.com,English,United States,"[""sanctions""]",https://www.reuters.com/resizer/WzamYEEewOdhSMJbE5u_fVojRkA=/1200x628/smart/filters:quality(80)/cloudfront-us-east-2.images.arcpublishing.com/reuters/3AA3J2Q3MRISPETSL2NIAXUMTA.jpg,2026-09-09T08:42:26.044772Z,,20210902T181500Z,gdelt_first_seen,"[""https://www.reuters.com/business/energy/biden-says-has-directed-doe-use-us-strategic-petroleum-reserve-keep-gas-flowing-2021-09-02/""]",1,[],"[{""domain"":""reuters.com"",""language"":""English"",""logical_end"":""2021-09-03T00:00:00Z"",""logical_start"":""2021-09-02T00:00:00Z"",""query_category"":""sanctions"",""query_string"":""(sanction OR sanctions OR embargo OR \""asset freeze\"" OR \""export restriction\"") domain:reuters.com sourcelang:english"",""requested_end"":""20210903000001"",""requested_start"":""20210901235959"",""retrieved_at_utc"":""2026-09-09T08:42:26.044772Z"",""seendate"":""20210902T181500Z"",""socialimage"":""https://www.reuters.com/resizer/WzamYEEewOdhSMJbE5u_fVojRkA=/1200x628/smart/filters:quality(80)/cloudfront-us-east-2.images.arcpublishing.com/reuters/3AA3J2Q3MRISPETSL2NIAXUMTA.jpg"",""sourcecountry"":""United States"",""title"":""Biden tells Energy Dept : use all tools to bring fuel to storm - hit areas"",""url"":""https://www.reuters.com/business/energy/biden-says-has-directed-doe-use-us-strategic-petroleum-reserve-keep-gas-flowing-2021-09-02/"",""url_mobile"":""""}]"
882f74029b30a038ff69c30a6512600fd48f572d2306362d9cd6403805d012f6,https://www.reuters.com/world/middle-east/palestinian-president-says-hes-ready-confidence-building-2021-09-02/,https://www.reuters.com/world/middle-east/palestinian-president-says-hes-ready-confidence-building-2021-09-02/,Palestinian president says he ready for confidence - building,2021-09-02 18:15:00+00:00,2021-09-03 01:15:00+07:00,reuters.com,English,United States,"[""armed_conflict""]",https://www.reuters.com/resizer/38acB2jQ43lEUWPPlz46l_bOJHs=/1200x628/smart/filters:quality(80)/cloudfront-us-east-2.images.arcpublishing.com/reuters/LWVLFXUM65KSJJRCF4POX34Z3Y.jpg,2026-09-09T08:21:58.201867Z,,20210902T181500Z,gdelt_first_seen,"[""https://www.reuters.com/world/middle-east/palestinian-president-says-hes-ready-confidence-building-2021-09-02/""]",1,[],"[{""domain"":""reuters.com"",""language"":""English"",""logical_end"":""2021-09-03T00:00:00Z"",""logical_start"":""2021-09-02T00:00:00Z"",""query_category"":""armed_conflict"",""query_string"":""(war OR invasion OR missile OR airstrike OR ceasefire OR military OR conflict) domain:reuters.com sourcelang:english"",""requested_end"":""20210903000001"",""requested_start"":""20210901235959"",""retrieved_at_utc"":""2026-09-09T08:21:58.201867Z"",""seendate"":""20210902T181500Z"",""socialimage"":""https://www.reuters.com/resizer/38acB2jQ43lEUWPPlz46l_bOJHs=/1200x628/smart/filters:quality(80)/cloudfront-us-east-2.images.arcpublishing.com/reuters/LWVLFXUM65KSJJRCF4POX34Z3Y.jpg"",""sourcecountry"":""United States"",""title"":""Palestinian president says he ready for confidence - building"",""url"":""https://www.reuters.com/world/middle-east/palestinian-president-says-hes-ready-confidence-building-2021-09-02/"",""url_mobile"":""""}]"
8dd6ef6a511bef52ba2f0c8918410ffff58332bd5b6c8688f1af2638a97c7db1,https://www.reuters.com/world/middle-east/iranian-fuel-will-be-delivered-by-truck-lebanon-via-syria-sources-2021-09-02/,https://www.reuters.com/world/middle-east/iranian-fuel-will-be-delivered-by-truck-lebanon-via-syria-sources-2021-09-02/,Iranian fuel will be delivered by truck to Lebanon via Syria - sources,2021-09-02 18:30:00+00:00,2021-09-03 01:30:00+07:00,reuters.com,English,United States,"[""sanctions""]",https://www.reuters.com/resizer/KAElWgjqDfYwhbanhzxVgATOz3I=/1200x628/smart/filters:quality(80)/cloudfront-us-east-2.images.arcpublishing.com/reuters/USJVNYCQTBOU3N2QAWSK5L6YRQ.jpg,2026-09-09T08:42:26.044772Z,,20210902T183000Z,gdelt_first_seen,"[""https://www.reuters.com/world/middle-east/iranian-fuel-will-be-delivered-by-truck-lebanon-via-syria-sources-2021-09-02/""]",1,[],"[{""domain"":""reuters.com"",""language"":""English"",""logical_end"":""2021-09-03T00:00:00Z"",""logical_start"":""2021-09-02T00:00:00Z"",""query_category"":""sanctions"",""query_string"":""(sanction OR sanctions OR embargo OR \""asset freeze\"" OR \""export restriction\"") domain:reuters.com sourcelang:english"",""requested_end"":""20210903000001"",""requested_start"":""20210901235959"",""retrieved_at_utc"":""2026-09-09T08:42:26.044772Z"",""seendate"":""20210902T183000Z"",""socialimage"":""https://www.reuters.com/resizer/KAElWgjqDfYwhbanhzxVgATOz3I=/1200x628/smart/filters:quality(80)/cloudfront-us-east-2.images.arcpublishing.com/reuters/USJVNYCQTBOU3N2QAWSK5L6YRQ.jpg"",""sourcecountry"":""United States"",""title"":""Iranian fuel will be delivered by truck to Lebanon via Syria - sources"",""url"":""https://www.reuters.com/world/middle-east/iranian-fuel-will-be-delivered-by-truck-lebanon-via-syria-sources-2021-09-02/"",""url_mobile"":""""}]"
b9d0b24656e99904cd50b77537049436d5367b60ce49063ecd1424681227ec95,https://www.reuters.com/article/us-europe-migrants-eu-belarus/poland-latvia-worry-over-russias-war-games-on-tense-eu-belarus-border-idUSKBN2FY1NS,https://www.reuters.com/article/us-europe-migrants-eu-belarus/poland-latvia-worry-over-russias-war-games-on-tense-eu-belarus-border-idUSKBN2FY1NS,"Poland , Latvia worry over Russia war games on tense EU - Belarus border",2021-09-02 19:15:00+00:00,2021-09-03 02:15:00+07:00,reuters.com,English,United States,"[""armed_conflict"",""sanctions""]",https://s1.reutersmedia.net/resources_v2/images/rcom-default.png,2026-09-09T08:21:58.201867Z,https://mobile.reuters.com/article/amp/idUSKBN2FY1NS,20210902T191500Z,gdelt_first_seen,"[""https://www.reuters.com/article/us-europe-migrants-eu-belarus/poland-latvia-worry-over-russias-war-games-on-tense-eu-belarus-border-idUSKBN2FY1NS""]",2,[],"[{""domain"":""reuters.com"",""language"":""English"",""logical_end"":""2021-09-03T00:00:00Z"",""logical_start"":""2021-09-02T00:00:00Z"",""query_category"":""armed_conflict"",""query_string"":""(war OR invasion OR missile OR airstrike OR ceasefire OR military OR conflict) domain:reuters.com sourcelang:english"",""requested_end"":""20210903000001"",""requested_start"":""20210901235959"",""retrieved_at_utc"":""2026-09-09T08:21:58.201867Z"",""seendate"":""20210902T191500Z"",""socialimage"":""https://s1.reutersmedia.net/resources_v2/images/rcom-default.png"",""sourcecountry"":""United States"",""title"":""Poland , Latvia worry over Russia war games on tense EU - Belarus border"",""url"":""https://www.reuters.com/article/us-europe-migrants-eu-belarus/poland-latvia-worry-over-russias-war-games-on-tense-eu-belarus-border-idUSKBN2FY1NS"",""url_mobile"":""https://mobile.reuters.com/article/amp/idUSKBN2FY1NS""},{""domain"":""reuters.com"",""language"":""English"",""logical_end"":""2021-09-03T00:00:00Z"",""logical_start"":""2021-09-02T00:00:00Z"",""query_category"":""sanctions"",""query_string"":""(sanction OR sanctions OR embargo OR \""asset freeze\"" OR \""export restriction\"") domain:reuters.com sourcelang:english"",""requested_end"":""20210903000001"",""requested_start"":""20210901235959"",""retrieved_at_utc"":""2026-09-09T08:42:26.044772Z"",""seendate"":""20210902T191500Z"",""socialimage"":""https://s1.reutersmedia.net/resources_v2/images/rcom-default.png"",""sourcecountry"":""United States"",""title"":""Poland , Latvia worry over Russia war games on tense EU - Belarus border"",""url"":""https://www.reuters.com/article/us-europe-migrants-eu-belarus/poland-latvia-worry-over-russias-war-games-on-tense-eu-belarus-border-idUSKBN2FY1NS"",""url_mobile"":""https://mobile.reuters.com/article/amp/idUSKBN2FY1NS""}]"
25d617375a723ee95f342bb79683d38315366c85f6aa199b46394421d092091e,https://www.reuters.com/business/wto-backs-us-solar-panel-case-brought-by-china-2021-09-02/,https://www.reuters.com/business/wto-backs-us-solar-panel-case-brought-by-china-2021-09-02/,WTO backs U . S . in solar cell case brought by China,2021-09-02 19:45:00+00:00,2021-09-03 02:45:00+07:00,reuters.com,English,United States,"[""trade_conflict""]",https://www.reuters.com/resizer/kPxep8XN7z2g4CbndKOdtIhA3d8=/1200x628/smart/filters:quality(80)/cloudfront-us-east-2.images.arcpublishing.com/reuters/F67YP6WLSJKTZM7JKBRI5I22I4.jpg,2026-09-09T08:42:49.480256Z,,20210902T194500Z,gdelt_first_seen,"[""https://www.reuters.com/business/wto-backs-us-solar-panel-case-brought-by-china-2021-09-02/""]",1,[],"[{""domain"":""reuters.com"",""language"":""English"",""logical_end"":""2021-09-03T00:00:00Z"",""logical_start"":""2021-09-02T00:00:00Z"",""query_category"":""trade_conflict"",""query_string"":""(tariff OR tariffs OR \""trade war\"" OR \""export ban\"" OR \""trade restriction\"") domain:reuters.com sourcelang:english"",""requested_end"":""20210903000001"",""requested_start"":""20210901235959"",""retrieved_at_utc"":""2026-09-09T08:42:49.480256Z"",""seendate"":""20210902T194500Z"",""socialimage"":""https://www.reuters.com/resizer/kPxep8XN7z2g4CbndKOdtIhA3d8=/1200x628/smart/filters:quality(80)/cloudfront-us-east-2.images.arcpublishing.com/reuters/F67YP6WLSJKTZM7JKBRI5I22I4.jpg"",""sourcecountry"":""United States"",""title"":""WTO backs U . S . in solar cell case brought by China"",""url"":""https://www.reuters.com/business/wto-backs-us-solar-panel-case-brought-by-china-2021-09-02/"",""url_mobile"":""""}]"
443a0201e5ecf6c3dc809cf38fe6f470586ac54738a2f44f9f79586449cb7550,https://www.reuters.com/world/us/virginia-can-remove-statue-civil-war-general-lee-states-highest-court-rules-2021-09-02/,https://www.reuters.com/world/us/virginia-can-remove-statue-civil-war-general-lee-states-highest-court-rules-2021-09-02/,"Virginia can remove statue of Civil War General Lee , state highest court rules",2021-09-02 19:45:00+00:00,2021-09-03 02:45:00+07:00,reuters.com,English,United States,"[""armed_conflict""]",https://www.reuters.com/resizer/EODdHZN_HuGm7upzrgSo-jZHsc4=/1200x628/smart/filters:quality(80)/cloudfront-us-east-2.images.arcpublishing.com/reuters/3G5PEPMLCBLQFIFCYGGCET57KU.jpg,2026-09-09T08:21:58.201867Z,,20210902T194500Z,gdelt_first_seen,"[""https://www.reuters.com/world/us/virginia-can-remove-statue-civil-war-general-lee-states-highest-court-rules-2021-09-02/""]",1,[],"[{""domain"":""reuters.com"",""language"":""English"",""logical_end"":""2021-09-03T00:00:00Z"",""logical_start"":""2021-09-02T00:00:00Z"",""query_category"":""armed_conflict"",""query_string"":""(war OR invasion OR missile OR airstrike OR ceasefire OR military OR conflict) domain:reuters.com sourcelang:english"",""requested_end"":""20210903000001"",""requested_start"":""20210901235959"",""retrieved_at_utc"":""2026-09-09T08:21:58.201867Z"",""seendate"":""20210902T194500Z"",""socialimage"":""https://www.reuters.com/resizer/EODdHZN_HuGm7upzrgSo-jZHsc4=/1200x628/smart/filters:quality(80)/cloudfront-us-east-2.images.arcpublishing.com/reuters/3G5PEPMLCBLQFIFCYGGCET57KU.jpg"",""sourcecountry"":""United States"",""title"":""Virginia can remove statue of Civil War General Lee , state highest court rules"",""url"":""https://www.reuters.com/world/us/virginia-can-remove-statue-civil-war-general-lee-states-highest-court-rules-2021-09-02/"",""url_mobile"":""""}]"
0acc1bd089eaa2d2204795799d198be7e8f6fdaeef81d9411f7074c06738baa6,https://www.reuters.com/article/topNews/idUSKBN2FY1UG,https://www.reuters.com/article/topNews/idUSKBN2FY1UG,"Virginia can remove statue of Civil War General Lee , state highest court rules",2021-09-02 20:30:00+00:00,2021-09-03 03:30:00+07:00,reuters.com,English,United States,"[""armed_conflict""]",https://static.reuters.com/resources/r/?m=02&d=20210902&t=2&i=1573704889&r=LYNXMPEH810YU,2026-09-09T08:21:58.201867Z,https://mobile.reuters.com/article/amp/idUSKBN2FY1UL,20210902T203000Z,gdelt_first_seen,"[""https://www.reuters.com/article/topNews/idUSKBN2FY1UG""]",1,[],"[{""domain"":""reuters.com"",""language"":""English"",""logical_end"":""2021-09-03T00:00:00Z"",""logical_start"":""2021-09-02T00:00:00Z"",""query_category"":""armed_conflict"",""query_string"":""(war OR invasion OR missile OR airstrike OR ceasefire OR military OR conflict) domain:reuters.com sourcelang:english"",""requested_end"":""20210903000001"",""requested_start"":""20210901235959"",""retrieved_at_utc"":""2026-09-09T08:21:58.201867Z"",""seendate"":""20210902T203000Z"",""socialimage"":""https://static.reuters.com/resources/r/?m=02&d=20210902&t=2&i=1573704889&r=LYNXMPEH810YU"",""sourcecountry"":""United States"",""title"":""Virginia can remove statue of Civil War General Lee , state highest court rules"",""url"":""https://www.reuters.com/article/topNews/idUSKBN2FY1UG"",""url_mobile"":""https://mobile.reuters.com/article/amp/idUSKBN2FY1UL""}]"
5c85b6fcbb79606518f0afb7c96f3947c16f7ca8304299281ab8f34d084fa2fa,https://www.reuters.com/article/topNews/idUSKBN2FY1WJ,https://www.reuters.com/article/topNews/idUSKBN2FY1WJ,"Evacuated Afghans , hoping to resettle in U . S ., face extended limbo in third countries",2021-09-02 20:30:00+00:00,2021-09-03 03:30:00+07:00,reuters.com,English,United States,"[""armed_conflict""]",https://static.reuters.com/resources/r/?m=02&d=20210902&t=2&i=1573709358&r=LYNXMPEH8110D,2026-09-09T08:21:58.201867Z,https://mobile.reuters.com/article/amp/idUSKBN2FY1X3,20210902T203000Z,gdelt_first_seen,"[""https://www.reuters.com/article/topNews/idUSKBN2FY1WJ""]",1,[],"[{""domain"":""reuters.com"",""language"":""English"",""logical_end"":""2021-09-03T00:00:00Z"",""logical_start"":""2021-09-02T00:00:00Z"",""query_category"":""armed_conflict"",""query_string"":""(war OR invasion OR missile OR airstrike OR ceasefire OR military OR conflict) domain:reuters.com sourcelang:english"",""requested_end"":""20210903000001"",""requested_start"":""20210901235959"",""retrieved_at_utc"":""2026-09-09T08:21:58.201867Z"",""seendate"":""20210902T203000Z"",""socialimage"":""https://static.reuters.com/resources/r/?m=02&d=20210902&t=2&i=1573709358&r=LYNXMPEH8110D"",""sourcecountry"":""United States"",""title"":""Evacuated Afghans , hoping to resettle in U . S ., face extended limbo in third countries"",""url"":""https://www.reuters.com/article/topNews/idUSKBN2FY1WJ"",""url_mobile"":""https://mobile.reuters.com/article/amp/idUSKBN2FY1X3""}]"
85b89ddd685a39d68e8a0b6fd0ca8a1db7c9ab2934b4600b71d0946ad56be26f,https://www.reuters.com/article/usa-stocks/sp-500-advances-on-boost-from-oil-stocks-nasdaq-retreats-idUSKBN2FY11G,https://www.reuters.com/article/usa-stocks/sp-500-advances-on-boost-from-oil-stocks-nasdaq-retreats-idUSKBN2FY11G,Nasdaq ekes out record finish as Wall St ends higher,2021-09-02 20:30:00+00:00,2021-09-03 03:30:00+07:00,reuters.com,English,United States,"[""sanctions""]",https://static.reuters.com/resources/r/?m=02&d=20210902&t=2&i=1573708640&r=LYNXMPEH810IJ,2026-09-09T08:42:26.044772Z,https://mobile.reuters.com/article/amp/idUSKBN2FY11G,20210902T203000Z,gdelt_first_seen,"[""https://www.reuters.com/article/usa-stocks/sp-500-advances-on-boost-from-oil-stocks-nasdaq-retreats-idUSKBN2FY11G""]",1,[],"[{""domain"":""reuters.com"",""language"":""English"",""logical_end"":""2021-09-03T00:00:00Z"",""logical_start"":""2021-09-02T00:00:00Z"",""query_category"":""sanctions"",""query_string"":""(sanction OR sanctions OR embargo OR \""asset freeze\"" OR \""export restriction\"") domain:reuters.com sourcelang:english"",""requested_end"":""20210903000001"",""requested_start"":""20210901235959"",""retrieved_at_utc"":""2026-09-09T08:42:26.044772Z"",""seendate"":""20210902T203000Z"",""socialimage"":""https://static.reuters.com/resources/r/?m=02&d=20210902&t=2&i=1573708640&r=LYNXMPEH810IJ"",""sourcecountry"":""United States"",""title"":""Nasdaq ekes out record finish as Wall St ends higher"",""url"":""https://www.reuters.com/article/usa-stocks/sp-500-advances-on-boost-from-oil-stocks-nasdaq-retreats-idUSKBN2FY11G"",""url_mobile"":""https://mobile.reuters.com/article/amp/idUSKBN2FY11G""}]"
0293e600eab8e4d9ee2a0f4de782fd7ef5a052dca13b04e2c3d69345f74a26d7,https://www.reuters.com/business/nasdaq-ekes-out-record-finish-wall-st-ends-higher-2021-09-02/,https://www.reuters.com/business/nasdaq-ekes-out-record-finish-wall-st-ends-higher-2021-09-02/,Nasdaq ekes out record finish as Wall St ends higher,2021-09-02 21:00:00+00:00,2021-09-03 04:00:00+07:00,reuters.com,English,United States,"[""sanctions""]",https://www.reuters.com/resizer/1nf4BzknJp838vFc-pjLLbPJqRM=/1200x628/smart/filters:quality(80)/cloudfront-us-east-2.images.arcpublishing.com/reuters/YXTNFRRHEBK4FO2NC5CR2KLQZI.jpg,2026-09-09T08:42:26.044772Z,,20210902T210000Z,gdelt_first_seen,"[""https://www.reuters.com/business/nasdaq-ekes-out-record-finish-wall-st-ends-higher-2021-09-02/""]",1,[],"[{""domain"":""reuters.com"",""language"":""English"",""logical_end"":""2021-09-03T00:00:00Z"",""logical_start"":""2021-09-02T00:00:00Z"",""query_category"":""sanctions"",""query_string"":""(sanction OR sanctions OR embargo OR \""asset freeze\"" OR \""export restriction\"") domain:reuters.com sourcelang:english"",""requested_end"":""20210903000001"",""requested_start"":""20210901235959"",""retrieved_at_utc"":""2026-09-09T08:42:26.044772Z"",""seendate"":""20210902T210000Z"",""socialimage"":""https://www.reuters.com/resizer/1nf4BzknJp838vFc-pjLLbPJqRM=/1200x628/smart/filters:quality(80)/cloudfront-us-east-2.images.arcpublishing.com/reuters/YXTNFRRHEBK4FO2NC5CR2KLQZI.jpg"",""sourcecountry"":""United States"",""title"":""Nasdaq ekes out record finish as Wall St ends higher"",""url"":""https://www.reuters.com/business/nasdaq-ekes-out-record-finish-wall-st-ends-higher-2021-09-02/"",""url_mobile"":""""}]"
1cb4add448ed3f3ca44d2ba0f0731a16dbd5531f613e32e1a35b868aff67873f,https://www.reuters.com/article/us-afghanistan-conflict-usa-immigration/evacuated-afghans-hoping-to-resettle-in-u-s-face-extended-limbo-in-third-countries-idUSKBN2FY1WJ,https://www.reuters.com/article/us-afghanistan-conflict-usa-immigration/evacuated-afghans-hoping-to-resettle-in-u-s-face-extended-limbo-in-third-countries-idUSKBN2FY1WJ,"Evacuated Afghans , hoping to resettle in U . S ., face extended limbo in third countries",2021-09-02 21:15:00+00:00,2021-09-03 04:15:00+07:00,reuters.com,English,United States,"[""armed_conflict""]",https://static.reuters.com/resources/r/?m=02&d=20210902&t=2&i=1573709358&r=LYNXMPEH8110D,2026-09-09T08:21:58.201867Z,https://mobile.reuters.com/article/amp/idUSKBN2FY1X3,20210902T211500Z,gdelt_first_seen,"[""https://www.reuters.com/article/us-afghanistan-conflict-usa-immigration/evacuated-afghans-hoping-to-resettle-in-u-s-face-extended-limbo-in-third-countries-idUSKBN2FY1WJ""]",1,[],"[{""domain"":""reuters.com"",""language"":""English"",""logical_end"":""2021-09-03T00:00:00Z"",""logical_start"":""2021-09-02T00:00:00Z"",""query_category"":""armed_conflict"",""query_string"":""(war OR invasion OR missile OR airstrike OR ceasefire OR military OR conflict) domain:reuters.com sourcelang:english"",""requested_end"":""20210903000001"",""requested_start"":""20210901235959"",""retrieved_at_utc"":""2026-09-09T08:21:58.201867Z"",""seendate"":""20210902T211500Z"",""socialimage"":""https://static.reuters.com/resources/r/?m=02&d=20210902&t=2&i=1573709358&r=LYNXMPEH8110D"",""sourcecountry"":""United States"",""title"":""Evacuated Afghans , hoping to resettle in U . S ., face extended limbo in third countries"",""url"":""https://www.reuters.com/article/us-afghanistan-conflict-usa-immigration/evacuated-afghans-hoping-to-resettle-in-u-s-face-extended-limbo-in-third-countries-idUSKBN2FY1WJ"",""url_mobile"":""https://mobile.reuters.com/article/amp/idUSKBN2FY1X3""}]"
1d5966f702300f4826a8ea0234af5239934bf67500d5d572ff3d845e6dc9c067,https://www.reuters.com/article/us-eu-defence/eu-should-enable-military-coalitions-to-tackle-crises-germany-says-idUSKBN2FY0IC,https://www.reuters.com/article/us-eu-defence/eu-should-enable-military-coalitions-to-tackle-crises-germany-says-idUSKBN2FY0IC,"EU should enable military coalitions to tackle crises , Germany says",2021-09-02 21:15:00+00:00,2021-09-03 04:15:00+07:00,reuters.com,English,United States,"[""armed_conflict""]",https://static.reuters.com/resources/r/?m=02&d=20210902&t=2&i=1573709129&r=LYNXMPEH810E5,2026-09-09T08:21:58.201867Z,https://mobile.reuters.com/article/amp/idUSKBN2FY0IC,20210902T211500Z,gdelt_first_seen,"[""https://www.reuters.com/article/us-eu-defence/eu-should-enable-military-coalitions-to-tackle-crises-germany-says-idUSKBN2FY0IC""]",1,[],"[{""domain"":""reuters.com"",""language"":""English"",""logical_end"":""2021-09-03T00:00:00Z"",""logical_start"":""2021-09-02T00:00:00Z"",""query_category"":""armed_conflict"",""query_string"":""(war OR invasion OR missile OR airstrike OR ceasefire OR military OR conflict) domain:reuters.com sourcelang:english"",""requested_end"":""20210903000001"",""requested_start"":""20210901235959"",""retrieved_at_utc"":""2026-09-09T08:21:58.201867Z"",""seendate"":""20210902T211500Z"",""socialimage"":""https://static.reuters.com/resources/r/?m=02&d=20210902&t=2&i=1573709129&r=LYNXMPEH810E5"",""sourcecountry"":""United States"",""title"":""EU should enable military coalitions to tackle crises , Germany says"",""url"":""https://www.reuters.com/article/us-eu-defence/eu-should-enable-military-coalitions-to-tackle-crises-germany-says-idUSKBN2FY0IC"",""url_mobile"":""https://mobile.reuters.com/article/amp/idUSKBN2FY0IC""}]"
40929a85f8e579f54543d06bd1651f93b360952e6c60d6c07254d8a310276641,https://www.reuters.com/article/us-israel-palestinians-gaza/israeli-troops-shoot-dead-palestinian-during-gaza-border-clashes-idUSKBN2FY1Z9,https://www.reuters.com/article/us-israel-palestinians-gaza/israeli-troops-shoot-dead-palestinian-during-gaza-border-clashes-idUSKBN2FY1Z9,Israeli troops shoot dead Palestinian during Gaza border clashes,2021-09-02 21:15:00+00:00,2021-09-03 04:15:00+07:00,reuters.com,English,United States,"[""armed_conflict""]",https://s1.reutersmedia.net/resources_v2/images/rcom-default.png,2026-09-09T08:21:58.201867Z,https://mobile.reuters.com/article/amp/idUSKBN2FY1Z9,20210902T211500Z,gdelt_first_seen,"[""https://www.reuters.com/article/us-israel-palestinians-gaza/israeli-troops-shoot-dead-palestinian-during-gaza-border-clashes-idUSKBN2FY1Z9""]",1,[],"[{""domain"":""reuters.com"",""language"":""English"",""logical_end"":""2021-09-03T00:00:00Z"",""logical_start"":""2021-09-02T00:00:00Z"",""query_category"":""armed_conflict"",""query_string"":""(war OR invasion OR missile OR airstrike OR ceasefire OR military OR conflict) domain:reuters.com sourcelang:english"",""requested_end"":""20210903000001"",""requested_start"":""20210901235959"",""retrieved_at_utc"":""2026-09-09T08:21:58.201867Z"",""seendate"":""20210902T211500Z"",""socialimage"":""https://s1.reutersmedia.net/resources_v2/images/rcom-default.png"",""sourcecountry"":""United States"",""title"":""Israeli troops shoot dead Palestinian during Gaza border clashes"",""url"":""https://www.reuters.com/article/us-israel-palestinians-gaza/israeli-troops-shoot-dead-palestinian-during-gaza-border-clashes-idUSKBN2FY1Z9"",""url_mobile"":""https://mobile.reuters.com/article/amp/idUSKBN2FY1Z9""}]"
818b13a0ee4b37534d631eefd22e4cc774b42ef74c001741c34a515f431038b0,https://www.reuters.com/world/asia-pacific/evacuated-afghans-hoping-resettle-us-face-extended-limbo-third-countries-2021-09-02/,https://www.reuters.com/world/asia-pacific/evacuated-afghans-hoping-resettle-us-face-extended-limbo-third-countries-2021-09-02/,"Evacuated Afghans , hoping to resettle in U . S ., face extended limbo in third countries",2021-09-02 21:15:00+00:00,2021-09-03 04:15:00+07:00,reuters.com,English,United States,"[""armed_conflict""]",https://www.reuters.com/resizer/X5j2cf8gP1NW21M5lqIvpXVm-po=/1200x628/smart/filters:quality(80)/cloudfront-us-east-2.images.arcpublishing.com/reuters/F5NEXYW6HRJHJHCIP3B4LKEIPI.jpg,2026-09-09T08:21:58.201867Z,,20210902T211500Z,gdelt_first_seen,"[""https://www.reuters.com/world/asia-pacific/evacuated-afghans-hoping-resettle-us-face-extended-limbo-third-countries-2021-09-02/""]",1,[],"[{""domain"":""reuters.com"",""language"":""English"",""logical_end"":""2021-09-03T00:00:00Z"",""logical_start"":""2021-09-02T00:00:00Z"",""query_category"":""armed_conflict"",""query_string"":""(war OR invasion OR missile OR airstrike OR ceasefire OR military OR conflict) domain:reuters.com sourcelang:english"",""requested_end"":""20210903000001"",""requested_start"":""20210901235959"",""retrieved_at_utc"":""2026-09-09T08:21:58.201867Z"",""seendate"":""20210902T211500Z"",""socialimage"":""https://www.reuters.com/resizer/X5j2cf8gP1NW21M5lqIvpXVm-po=/1200x628/smart/filters:quality(80)/cloudfront-us-east-2.images.arcpublishing.com/reuters/F5NEXYW6HRJHJHCIP3B4LKEIPI.jpg"",""sourcecountry"":""United States"",""title"":""Evacuated Afghans , hoping to resettle in U . S ., face extended limbo in third countries"",""url"":""https://www.reuters.com/world/asia-pacific/evacuated-afghans-hoping-resettle-us-face-extended-limbo-third-countries-2021-09-02/"",""url_mobile"":""""}]"
0948121f47e0c1d79010d25609428229cee8088917f860532a3e13ffa5d822bb,https://www.reuters.com/business/sp-nasdaq-edge-record-closes-energy-stocks-buoyant-2021-09-02/,https://www.reuters.com/business/sp-nasdaq-edge-record-closes-energy-stocks-buoyant-2021-09-02/,"S & P , Nasdaq edge to record closes , energy stocks buoyant",2021-09-02 21:45:00+00:00,2021-09-03 04:45:00+07:00,reuters.com,English,United States,"[""sanctions""]",https://www.reuters.com/resizer/1nf4BzknJp838vFc-pjLLbPJqRM=/1200x628/smart/filters:quality(80)/cloudfront-us-east-2.images.arcpublishing.com/reuters/YXTNFRRHEBK4FO2NC5CR2KLQZI.jpg,2026-09-09T08:42:26.044772Z,,20210902T214500Z,gdelt_first_seen,"[""https://www.reuters.com/business/sp-nasdaq-edge-record-closes-energy-stocks-buoyant-2021-09-02/""]",1,[],"[{""domain"":""reuters.com"",""language"":""English"",""logical_end"":""2021-09-03T00:00:00Z"",""logical_start"":""2021-09-02T00:00:00Z"",""query_category"":""sanctions"",""query_string"":""(sanction OR sanctions OR embargo OR \""asset freeze\"" OR \""export restriction\"") domain:reuters.com sourcelang:english"",""requested_end"":""20210903000001"",""requested_start"":""20210901235959"",""retrieved_at_utc"":""2026-09-09T08:42:26.044772Z"",""seendate"":""20210902T214500Z"",""socialimage"":""https://www.reuters.com/resizer/1nf4BzknJp838vFc-pjLLbPJqRM=/1200x628/smart/filters:quality(80)/cloudfront-us-east-2.images.arcpublishing.com/reuters/YXTNFRRHEBK4FO2NC5CR2KLQZI.jpg"",""sourcecountry"":""United States"",""title"":""S & P , Nasdaq edge to record closes , energy stocks buoyant"",""url"":""https://www.reuters.com/business/sp-nasdaq-edge-record-closes-energy-stocks-buoyant-2021-09-02/"",""url_mobile"":""""}]"
eaaa526a8e591d4c9dd067aa977f6307cf74f04689df21d107b99d6debeece05,https://www.reuters.com/business/sp-500-advances-boost-oil-stocks-nasdaq-retreats-2021-09-02/,https://www.reuters.com/business/sp-500-advances-boost-oil-stocks-nasdaq-retreats-2021-09-02/,"S & P 500 advances on boost from oil stocks , Nasdaq retreats",2021-09-02 22:00:00+00:00,2021-09-03 05:00:00+07:00,reuters.com,English,United States,"[""sanctions""]",https://www.reuters.com/resizer/1nf4BzknJp838vFc-pjLLbPJqRM=/1200x628/smart/filters:quality(80)/cloudfront-us-east-2.images.arcpublishing.com/reuters/YXTNFRRHEBK4FO2NC5CR2KLQZI.jpg,2026-09-09T08:42:26.044772Z,,20210902T220000Z,gdelt_first_seen,"[""https://www.reuters.com/business/sp-500-advances-boost-oil-stocks-nasdaq-retreats-2021-09-02/""]",1,[],"[{""domain"":""reuters.com"",""language"":""English"",""logical_end"":""2021-09-03T00:00:00Z"",""logical_start"":""2021-09-02T00:00:00Z"",""query_category"":""sanctions"",""query_string"":""(sanction OR sanctions OR embargo OR \""asset freeze\"" OR \""export restriction\"") domain:reuters.com sourcelang:english"",""requested_end"":""20210903000001"",""requested_start"":""20210901235959"",""retrieved_at_utc"":""2026-09-09T08:42:26.044772Z"",""seendate"":""20210902T220000Z"",""socialimage"":""https://www.reuters.com/resizer/1nf4BzknJp838vFc-pjLLbPJqRM=/1200x628/smart/filters:quality(80)/cloudfront-us-east-2.images.arcpublishing.com/reuters/YXTNFRRHEBK4FO2NC5CR2KLQZI.jpg"",""sourcecountry"":""United States"",""title"":""S & P 500 advances on boost from oil stocks , Nasdaq retreats"",""url"":""https://www.reuters.com/business/sp-500-advances-boost-oil-stocks-nasdaq-retreats-2021-09-02/"",""url_mobile"":""""}]"
6ef5c48acf52ca839b7cd7868b1009fd2904715d79ce85131a4245df6e0c16c5,https://www.reuters.com/world/middle-east/israeli-troops-shoot-dead-palestinian-during-gaza-border-clashes-2021-09-02/,https://www.reuters.com/world/middle-east/israeli-troops-shoot-dead-palestinian-during-gaza-border-clashes-2021-09-02/,Israeli troops shoot dead Palestinian during Gaza border clashes,2021-09-02 22:15:00+00:00,2021-09-03 05:15:00+07:00,reuters.com,English,United States,"[""armed_conflict""]",https://www.reuters.com/pf/resources/images/reuters/reuters-default.png?d=50,2026-09-09T08:21:58.201867Z,,20210902T221500Z,gdelt_first_seen,"[""https://www.reuters.com/world/middle-east/israeli-troops-shoot-dead-palestinian-during-gaza-border-clashes-2021-09-02/""]",1,[],"[{""domain"":""reuters.com"",""language"":""English"",""logical_end"":""2021-09-03T00:00:00Z"",""logical_start"":""2021-09-02T00:00:00Z"",""query_category"":""armed_conflict"",""query_string"":""(war OR invasion OR missile OR airstrike OR ceasefire OR military OR conflict) domain:reuters.com sourcelang:english"",""requested_end"":""20210903000001"",""requested_start"":""20210901235959"",""retrieved_at_utc"":""2026-09-09T08:21:58.201867Z"",""seendate"":""20210902T221500Z"",""socialimage"":""https://www.reuters.com/pf/resources/images/reuters/reuters-default.png?d=50"",""sourcecountry"":""United States"",""title"":""Israeli troops shoot dead Palestinian during Gaza border clashes"",""url"":""https://www.reuters.com/world/middle-east/israeli-troops-shoot-dead-palestinian-during-gaza-border-clashes-2021-09-02/"",""url_mobile"":""""}]"
a1da20b1168d94626c9e58d8be1eebd116643cf2b428e74e820821d13525e6e3,https://www.reuters.com/world/asia-pacific/nkoreas-kim-calls-preventing-natural-disasters-covid-19-outbreaks-2021-09-02/,https://www.reuters.com/world/asia-pacific/nkoreas-kim-calls-preventing-natural-disasters-covid-19-outbreaks-2021-09-02/,N . Korea Kim calls for preventing natural disasters and COVID - 19 outbreaks,2021-09-02 22:45:00+00:00,2021-09-03 05:45:00+07:00,reuters.com,English,United States,"[""sanctions""]",https://www.reuters.com/resizer/fO9Gajt7BqC-jGW7r11sjExBvPM=/1200x628/smart/filters:quality(80)/cloudfront-us-east-2.images.arcpublishing.com/reuters/ROZ2CQRBSVIBRDWSQ7LLTSL2RE.jpg,2026-09-09T08:42:26.044772Z,,20210902T224500Z,gdelt_first_seen,"[""https://www.reuters.com/world/asia-pacific/nkoreas-kim-calls-preventing-natural-disasters-covid-19-outbreaks-2021-09-02/""]",1,[],"[{""domain"":""reuters.com"",""language"":""English"",""logical_end"":""2021-09-03T00:00:00Z"",""logical_start"":""2021-09-02T00:00:00Z"",""query_category"":""sanctions"",""query_string"":""(sanction OR sanctions OR embargo OR \""asset freeze\"" OR \""export restriction\"") domain:reuters.com sourcelang:english"",""requested_end"":""20210903000001"",""requested_start"":""20210901235959"",""retrieved_at_utc"":""2026-09-09T08:42:26.044772Z"",""seendate"":""20210902T224500Z"",""socialimage"":""https://www.reuters.com/resizer/fO9Gajt7BqC-jGW7r11sjExBvPM=/1200x628/smart/filters:quality(80)/cloudfront-us-east-2.images.arcpublishing.com/reuters/ROZ2CQRBSVIBRDWSQ7LLTSL2RE.jpg"",""sourcecountry"":""United States"",""title"":""N . Korea Kim calls for preventing natural disasters and COVID - 19 outbreaks"",""url"":""https://www.reuters.com/world/asia-pacific/nkoreas-kim-calls-preventing-natural-disasters-covid-19-outbreaks-2021-09-02/"",""url_mobile"":""""}]"
40c6e8fd6c5584b2a9d71d9b9c01338dc582a059815827a487c5d07e8bea35c4,https://www.reuters.com/article/newzealand-economy-rbnz-idUSL1N2Q42RZ,https://www.reuters.com/article/newzealand-economy-rbnz-idUSL1N2Q42RZ,UPDATE 1 - RBNZ seeks tougher mortgage rules ahead of rate decision,2021-09-03 00:15:00+00:00,2021-09-03 07:15:00+07:00,reuters.com,English,United States,"[""monetary_geoeconomic""]",https://s1.reutersmedia.net/resources_v2/images/rcom-default.png,2026-09-09T09:07:27.462718Z,https://mobile.reuters.com/article/amp/idUSL1N2Q42RZ,20210903T001500Z,gdelt_first_seen,"[""https://www.reuters.com/article/newzealand-economy-rbnz-idUSL1N2Q42RZ""]",1,[],"[{""domain"":""reuters.com"",""language"":""English"",""logical_end"":""2021-09-04T00:00:00Z"",""logical_start"":""2021-09-03T00:00:00Z"",""query_category"":""monetary_geoeconomic"",""query_string"":""(\""Federal Reserve\"" OR \""interest rate\"" OR \""rate hike\"" OR inflation OR CPI) domain:reuters.com sourcelang:english"",""requested_end"":""20210904000001"",""requested_start"":""20210902235959"",""retrieved_at_utc"":""2026-09-09T09:07:27.462718Z"",""seendate"":""20210903T001500Z"",""socialimage"":""https://s1.reutersmedia.net/resources_v2/images/rcom-default.png"",""sourcecountry"":""United States"",""title"":""UPDATE 1 - RBNZ seeks tougher mortgage rules ahead of rate decision"",""url"":""https://www.reuters.com/article/newzealand-economy-rbnz-idUSL1N2Q42RZ"",""url_mobile"":""https://mobile.reuters.com/article/amp/idUSL1N2Q42RZ""}]"
881af4441854519d35d3bd16335dd9a5fa5824aa12261efdeb663ec08f9123b3,https://www.reuters.com/world/us/biden-visits-wounded-us-troops-military-hospital-maryland-2021-09-03/,https://www.reuters.com/world/us/biden-visits-wounded-us-troops-military-hospital-maryland-2021-09-03/,Biden visits wounded U . S . troops at military hospital in Maryland,2021-09-03 00:45:00+00:00,2021-09-03 07:45:00+07:00,reuters.com,English,United States,"[""armed_conflict""]",https://www.reuters.com/resizer/r9Zn7nCbOrariV55gwMF8jFbQOI=/1200x628/smart/filters:quality(80)/cloudfront-us-east-2.images.arcpublishing.com/reuters/EZWADA4ARBLEPEIRU243AGBX3Y.jpg,2026-09-09T08:53:09.954157Z,,20210903T004500Z,gdelt_first_seen,"[""https://www.reuters.com/world/us/biden-visits-wounded-us-troops-military-hospital-maryland-2021-09-03/""]",1,[],"[{""domain"":""reuters.com"",""language"":""English"",""logical_end"":""2021-09-04T00:00:00Z"",""logical_start"":""2021-09-03T00:00:00Z"",""query_category"":""armed_conflict"",""query_string"":""(war OR invasion OR missile OR airstrike OR ceasefire OR military OR conflict) domain:reuters.com sourcelang:english"",""requested_end"":""20210904000001"",""requested_start"":""20210902235959"",""retrieved_at_utc"":""2026-09-09T08:53:09.954157Z"",""seendate"":""20210903T004500Z"",""socialimage"":""https://www.reuters.com/resizer/r9Zn7nCbOrariV55gwMF8jFbQOI=/1200x628/smart/filters:quality(80)/cloudfront-us-east-2.images.arcpublishing.com/reuters/EZWADA4ARBLEPEIRU243AGBX3Y.jpg"",""sourcecountry"":""United States"",""title"":""Biden visits wounded U . S . troops at military hospital in Maryland"",""url"":""https://www.reuters.com/world/us/biden-visits-wounded-us-troops-military-hospital-maryland-2021-09-03/"",""url_mobile"":""""}]"
49c083271cad4beaa98e6794435585f041bb06b5430c0dc7116f4071227945ad,https://www.reuters.com/article/eurozone-economy-poll-idUSKBN2FZ00M,https://www.reuters.com/article/eurozone-economy-poll-idUSKBN2FZ00M,Emergency purchases set to slow but ECB to buy bonds for years : Reuters poll,2021-09-03 01:00:00+00:00,2021-09-03 08:00:00+07:00,reuters.com,English,United States,"[""monetary_geoeconomic""]",https://static.reuters.com/resources/r/?m=02&d=20210903&t=2&i=1573727477&r=LYNXMPEH8200J,2026-09-09T09:07:27.462718Z,https://mobile.reuters.com/article/amp/idUSKBN2FZ00M,20210903T010000Z,gdelt_first_seen,"[""https://www.reuters.com/article/eurozone-economy-poll-idUSKBN2FZ00M""]",1,[],"[{""domain"":""reuters.com"",""language"":""English"",""logical_end"":""2021-09-04T00:00:00Z"",""logical_start"":""2021-09-03T00:00:00Z"",""query_category"":""monetary_geoeconomic"",""query_string"":""(\""Federal Reserve\"" OR \""interest rate\"" OR \""rate hike\"" OR inflation OR CPI) domain:reuters.com sourcelang:english"",""requested_end"":""20210904000001"",""requested_start"":""20210902235959"",""retrieved_at_utc"":""2026-09-09T09:07:27.462718Z"",""seendate"":""20210903T010000Z"",""socialimage"":""https://static.reuters.com/resources/r/?m=02&d=20210903&t=2&i=1573727477&r=LYNXMPEH8200J"",""sourcecountry"":""United States"",""title"":""Emergency purchases set to slow but ECB to buy bonds for years : Reuters poll"",""url"":""https://www.reuters.com/article/eurozone-economy-poll-idUSKBN2FZ00M"",""url_mobile"":""https://mobile.reuters.com/article/amp/idUSKBN2FZ00M""}]"
d55157a7b51d06abf921d2fd0c4932aa46449f26b131fe7a77c03cabfe6a03dc,https://www.reuters.com/article/afghanistan-conflict-western-union/western-union-moneygram-resume-services-to-afghanistan-idUSL1N2Q41UP,https://www.reuters.com/article/afghanistan-conflict-western-union/western-union-moneygram-resume-services-to-afghanistan-idUSL1N2Q41UP,"Western Union , MoneyGram resume services to Afghanistan",2021-09-03 01:30:00+00:00,2021-09-03 08:30:00+07:00,reuters.com,English,United States,"[""sanctions""]",https://static.reuters.com/resources/r/?m=02&d=20210902&t=2&i=1573678688&r=LYNXMPEH810OA,2026-09-09T08:54:12.084396Z,https://mobile.reuters.com/article/amp/idUSKBN2FY1AN,20210903T013000Z,gdelt_first_seen,"[""https://www.reuters.com/article/afghanistan-conflict-western-union/western-union-moneygram-resume-services-to-afghanistan-idUSL1N2Q41UP""]",1,[],"[{""domain"":""reuters.com"",""language"":""English"",""logical_end"":""2021-09-04T00:00:00Z"",""logical_start"":""2021-09-03T00:00:00Z"",""query_category"":""sanctions"",""query_string"":""(sanction OR sanctions OR embargo OR \""asset freeze\"" OR \""export restriction\"") domain:reuters.com sourcelang:english"",""requested_end"":""20210904000001"",""requested_start"":""20210902235959"",""retrieved_at_utc"":""2026-09-09T08:54:12.084396Z"",""seendate"":""20210903T013000Z"",""socialimage"":""https://static.reuters.com/resources/r/?m=02&d=20210902&t=2&i=1573678688&r=LYNXMPEH810OA"",""sourcecountry"":""United States"",""title"":""Western Union , MoneyGram resume services to Afghanistan"",""url"":""https://www.reuters.com/article/afghanistan-conflict-western-union/western-union-moneygram-resume-services-to-afghanistan-idUSL1N2Q41UP"",""url_mobile"":""https://mobile.reuters.com/article/amp/idUSKBN2FY1AN""}]"
3edab3329a0c903d1fff146aad88e9539327e1d14160bc1cf362d9e2918a5e19,https://www.reuters.com/article/eurozone-economy-poll/emergency-purchases-set-to-slow-but-ecb-to-buy-bonds-for-years-reuters-poll-idUSKBN2FZ00M,https://www.reuters.com/article/eurozone-economy-poll/emergency-purchases-set-to-slow-but-ecb-to-buy-bonds-for-years-reuters-poll-idUSKBN2FZ00M,Emergency purchases set to slow but ECB to buy bonds for years : Reuters poll,2021-09-03 01:30:00+00:00,2021-09-03 08:30:00+07:00,reuters.com,English,United States,"[""monetary_geoeconomic""]",https://static.reuters.com/resources/r/?m=02&d=20210903&t=2&i=1573727477&r=LYNXMPEH8200J,2026-09-09T09:07:27.462718Z,https://mobile.reuters.com/article/amp/idUSKBN2FZ00M,20210903T013000Z,gdelt_first_seen,"[""https://www.reuters.com/article/eurozone-economy-poll/emergency-purchases-set-to-slow-but-ecb-to-buy-bonds-for-years-reuters-poll-idUSKBN2FZ00M""]",1,[],"[{""domain"":""reuters.com"",""language"":""English"",""logical_end"":""2021-09-04T00:00:00Z"",""logical_start"":""2021-09-03T00:00:00Z"",""query_category"":""monetary_geoeconomic"",""query_string"":""(\""Federal Reserve\"" OR \""interest rate\"" OR \""rate hike\"" OR inflation OR CPI) domain:reuters.com sourcelang:english"",""requested_end"":""20210904000001"",""requested_start"":""20210902235959"",""retrieved_at_utc"":""2026-09-09T09:07:27.462718Z"",""seendate"":""20210903T013000Z"",""socialimage"":""https://static.reuters.com/resources/r/?m=02&d=20210903&t=2&i=1573727477&r=LYNXMPEH8200J"",""sourcecountry"":""United States"",""title"":""Emergency purchases set to slow but ECB to buy bonds for years : Reuters poll"",""url"":""https://www.reuters.com/article/eurozone-economy-poll/emergency-purchases-set-to-slow-but-ecb-to-buy-bonds-for-years-reuters-poll-idUSKBN2FZ00M"",""url_mobile"":""https://mobile.reuters.com/article/amp/idUSKBN2FZ00M""}]"
75f005781121f57f6176b06c016ff3a07c7d40509d13ead6d3f164196ef46b48,https://www.reuters.com/article/forex-poll-dollar/wrapup-1-poll-dollar-lost-for-direction-awaiting-fed-to-set-its-path-idUSL4N2Q327B,https://www.reuters.com/article/forex-poll-dollar/wrapup-1-poll-dollar-lost-for-direction-awaiting-fed-to-set-its-path-idUSL4N2Q327B,Dollar lost for direction awaiting Fed to set its path : Reuters poll,2021-09-03 01:30:00+00:00,2021-09-03 08:30:00+07:00,reuters.com,English,United States,"[""monetary_geoeconomic""]",https://static.reuters.com/resources/r/?m=02&d=20210903&t=2&i=1573727583&r=LYNXMPEH8200B,2026-09-09T09:07:27.462718Z,https://mobile.reuters.com/article/amp/idUSKBN2FZ009,20210903T013000Z,gdelt_first_seen,"[""https://www.reuters.com/article/forex-poll-dollar/wrapup-1-poll-dollar-lost-for-direction-awaiting-fed-to-set-its-path-idUSL4N2Q327B""]",1,[],"[{""domain"":""reuters.com"",""language"":""English"",""logical_end"":""2021-09-04T00:00:00Z"",""logical_start"":""2021-09-03T00:00:00Z"",""query_category"":""monetary_geoeconomic"",""query_string"":""(\""Federal Reserve\"" OR \""interest rate\"" OR \""rate hike\"" OR inflation OR CPI) domain:reuters.com sourcelang:english"",""requested_end"":""20210904000001"",""requested_start"":""20210902235959"",""retrieved_at_utc"":""2026-09-09T09:07:27.462718Z"",""seendate"":""20210903T013000Z"",""socialimage"":""https://static.reuters.com/resources/r/?m=02&d=20210903&t=2&i=1573727583&r=LYNXMPEH8200B"",""sourcecountry"":""United States"",""title"":""Dollar lost for direction awaiting Fed to set its path : Reuters poll"",""url"":""https://www.reuters.com/article/forex-poll-dollar/wrapup-1-poll-dollar-lost-for-direction-awaiting-fed-to-set-its-path-idUSL4N2Q327B"",""url_mobile"":""https://mobile.reuters.com/article/amp/idUSKBN2FZ009""}]"
b49c85ccb4fec71cc982b269aba38e7f5eb554110afb6304a7cb307ce60fa3b9,https://www.reuters.com/article/ousivMolt/idUSKBN2FY23E,https://www.reuters.com/article/ousivMolt/idUSKBN2FY23E,Half of U . S . small businesses have unfilled job openings - NFIB,2021-09-03 01:30:00+00:00,2021-09-03 08:30:00+07:00,reuters.com,English,United States,"[""monetary_geoeconomic""]",https://static.reuters.com/resources/r/?m=02&d=20210902&t=2&i=1573717751&r=LYNXMPEH8114A,2026-09-09T09:07:27.462718Z,https://mobile.reuters.com/article/amp/idUSKBN2FY23E,20210903T013000Z,gdelt_first_seen,"[""https://www.reuters.com/article/ousivMolt/idUSKBN2FY23E""]",1,[],"[{""domain"":""reuters.com"",""language"":""English"",""logical_end"":""2021-09-04T00:00:00Z"",""logical_start"":""2021-09-03T00:00:00Z"",""query_category"":""monetary_geoeconomic"",""query_string"":""(\""Federal Reserve\"" OR \""interest rate\"" OR \""rate hike\"" OR inflation OR CPI) domain:reuters.com sourcelang:english"",""requested_end"":""20210904000001"",""requested_start"":""20210902235959"",""retrieved_at_utc"":""2026-09-09T09:07:27.462718Z"",""seendate"":""20210903T013000Z"",""socialimage"":""https://static.reuters.com/resources/r/?m=02&d=20210902&t=2&i=1573717751&r=LYNXMPEH8114A"",""sourcecountry"":""United States"",""title"":""Half of U . S . small businesses have unfilled job openings - NFIB"",""url"":""https://www.reuters.com/article/ousivMolt/idUSKBN2FY23E"",""url_mobile"":""https://mobile.reuters.com/article/amp/idUSKBN2FY23E""}]"
a4e632c6f4075ca33dde446db9e02ebeae9992c46e907294894ca5d74f906512,https://www.reuters.com/article/ousivMolt/idUSKBN2FZ00M,https://www.reuters.com/article/ousivMolt/idUSKBN2FZ00M,Emergency purchases set to slow but ECB to buy bonds for years : Reuters poll,2021-09-03 01:30:00+00:00,2021-09-03 08:30:00+07:00,reuters.com,English,United States,"[""monetary_geoeconomic""]",https://static.reuters.com/resources/r/?m=02&d=20210903&t=2&i=1573727477&r=LYNXMPEH8200J,2026-09-09T09:07:27.462718Z,https://mobile.reuters.com/article/amp/idUSKBN2FZ00M,20210903T013000Z,gdelt_first_seen,"[""https://www.reuters.com/article/ousivMolt/idUSKBN2FZ00M""]",1,[],"[{""domain"":""reuters.com"",""language"":""English"",""logical_end"":""2021-09-04T00:00:00Z"",""logical_start"":""2021-09-03T00:00:00Z"",""query_category"":""monetary_geoeconomic"",""query_string"":""(\""Federal Reserve\"" OR \""interest rate\"" OR \""rate hike\"" OR inflation OR CPI) domain:reuters.com sourcelang:english"",""requested_end"":""20210904000001"",""requested_start"":""20210902235959"",""retrieved_at_utc"":""2026-09-09T09:07:27.462718Z"",""seendate"":""20210903T013000Z"",""socialimage"":""https://static.reuters.com/resources/r/?m=02&d=20210903&t=2&i=1573727477&r=LYNXMPEH8200J"",""sourcecountry"":""United States"",""title"":""Emergency purchases set to slow but ECB to buy bonds for years : Reuters poll"",""url"":""https://www.reuters.com/article/ousivMolt/idUSKBN2FZ00M"",""url_mobile"":""https://mobile.reuters.com/article/amp/idUSKBN2FZ00M""}]"
3d9a19990ac717cad3044c2413b2ce19c6fd8adee2bc340e88aaf1f3e19c3ce4,https://www.reuters.com/article/us-syria-attacks-israel/syrian-air-defenses-confront-israeli-missiles-over-damascus-state-news-idUSKBN2FY28C,https://www.reuters.com/article/us-syria-attacks-israel/syrian-air-defenses-confront-israeli-missiles-over-damascus-state-news-idUSKBN2FY28C,Syrian air defences fire on Israeli missiles over Damascus - state news,2021-09-03 01:30:00+00:00,2021-09-03 08:30:00+07:00,reuters.com,English,United States,"[""armed_conflict""]",https://s1.reutersmedia.net/resources_v2/images/rcom-default.png,2026-09-09T08:53:09.954157Z,https://mobile.reuters.com/article/amp/idUSKBN2FY25O,20210903T013000Z,gdelt_first_seen,"[""https://www.reuters.com/article/us-syria-attacks-israel/syrian-air-defenses-confront-israeli-missiles-over-damascus-state-news-idUSKBN2FY28C""]",1,[],"[{""domain"":""reuters.com"",""language"":""English"",""logical_end"":""2021-09-04T00:00:00Z"",""logical_start"":""2021-09-03T00:00:00Z"",""query_category"":""armed_conflict"",""query_string"":""(war OR invasion OR missile OR airstrike OR ceasefire OR military OR conflict) domain:reuters.com sourcelang:english"",""requested_end"":""20210904000001"",""requested_start"":""20210902235959"",""retrieved_at_utc"":""2026-09-09T08:53:09.954157Z"",""seendate"":""20210903T013000Z"",""socialimage"":""https://s1.reutersmedia.net/resources_v2/images/rcom-default.png"",""sourcecountry"":""United States"",""title"":""Syrian air defences fire on Israeli missiles over Damascus - state news"",""url"":""https://www.reuters.com/article/us-syria-attacks-israel/syrian-air-defenses-confront-israeli-missiles-over-damascus-state-news-idUSKBN2FY28C"",""url_mobile"":""https://mobile.reuters.com/article/amp/idUSKBN2FY25O""}]"
98582e0b3badaa81592a5703ed76c81899e8ffa1d2ab7d8bedffc3ebb1ae678f,https://www.reuters.com/article/worldNews/idUSKBN2FY1WJ,https://www.reuters.com/article/worldNews/idUSKBN2FY1WJ,"Evacuated Afghans , hoping to resettle in U . S ., face extended limbo in third countries",2021-09-03 01:30:00+00:00,2021-09-03 08:30:00+07:00,reuters.com,English,United States,"[""armed_conflict""]",https://static.reuters.com/resources/r/?m=02&d=20210902&t=2&i=1573709358&r=LYNXMPEH8110D,2026-09-09T08:53:09.954157Z,https://mobile.reuters.com/article/amp/idUSKBN2FY1X3,20210903T013000Z,gdelt_first_seen,"[""https://www.reuters.com/article/worldNews/idUSKBN2FY1WJ""]",1,[],"[{""domain"":""reuters.com"",""language"":""English"",""logical_end"":""2021-09-04T00:00:00Z"",""logical_start"":""2021-09-03T00:00:00Z"",""query_category"":""armed_conflict"",""query_string"":""(war OR invasion OR missile OR airstrike OR ceasefire OR military OR conflict) domain:reuters.com sourcelang:english"",""requested_end"":""20210904000001"",""requested_start"":""20210902235959"",""retrieved_at_utc"":""2026-09-09T08:53:09.954157Z"",""seendate"":""20210903T013000Z"",""socialimage"":""https://static.reuters.com/resources/r/?m=02&d=20210902&t=2&i=1573709358&r=LYNXMPEH8110D"",""sourcecountry"":""United States"",""title"":""Evacuated Afghans , hoping to resettle in U . S ., face extended limbo in third countries"",""url"":""https://www.reuters.com/article/worldNews/idUSKBN2FY1WJ"",""url_mobile"":""https://mobile.reuters.com/article/amp/idUSKBN2FY1X3""}]"
7d26a3afd22ddb383080796b53933d3c29d39c0809064acd2451bf514bfa0459,https://www.reuters.com/article/worldNews/idUSKBN2FY1Z9,https://www.reuters.com/article/worldNews/idUSKBN2FY1Z9,Israeli troops shoot dead Palestinian during Gaza border clashes,2021-09-03 01:30:00+00:00,2021-09-03 08:30:00+07:00,reuters.com,English,United States,"[""armed_conflict""]",https://s1.reutersmedia.net/resources_v2/images/rcom-default.png,2026-09-09T08:53:09.954157Z,https://mobile.reuters.com/article/amp/idUSKBN2FY1Z9,20210903T013000Z,gdelt_first_seen,"[""https://www.reuters.com/article/worldNews/idUSKBN2FY1Z9""]",1,[],"[{""domain"":""reuters.com"",""language"":""English"",""logical_end"":""2021-09-04T00:00:00Z"",""logical_start"":""2021-09-03T00:00:00Z"",""query_category"":""armed_conflict"",""query_string"":""(war OR invasion OR missile OR airstrike OR ceasefire OR military OR conflict) domain:reuters.com sourcelang:english"",""requested_end"":""20210904000001"",""requested_start"":""20210902235959"",""retrieved_at_utc"":""2026-09-09T08:53:09.954157Z"",""seendate"":""20210903T013000Z"",""socialimage"":""https://s1.reutersmedia.net/resources_v2/images/rcom-default.png"",""sourcecountry"":""United States"",""title"":""Israeli troops shoot dead Palestinian during Gaza border clashes"",""url"":""https://www.reuters.com/article/worldNews/idUSKBN2FY1Z9"",""url_mobile"":""https://mobile.reuters.com/article/amp/idUSKBN2FY1Z9""}]"
5fb2002905b58310b92085fcd4c253c5bbad51afe8a5a8128e13419fec59b60c,https://www.reuters.com/business/finance/dollar-lost-direction-awaiting-fed-set-its-path-2021-09-03/,https://www.reuters.com/business/finance/dollar-lost-direction-awaiting-fed-set-its-path-2021-09-03/,Dollar lost for direction awaiting Fed to set its path,2021-09-03 01:30:00+00:00,2021-09-03 08:30:00+07:00,reuters.com,English,United States,"[""monetary_geoeconomic""]",https://www.reuters.com/resizer/CkoO2e-k6GPMifl4Z8fnqtcxD4c=/1200x628/smart/filters:quality(80)/cloudfront-us-east-2.images.arcpublishing.com/reuters/RAVJCCBYMRNP5M62CZ7MHBBAUY.jpg,2026-09-09T09:07:27.462718Z,,20210903T013000Z,gdelt_first_seen,"[""https://www.reuters.com/business/finance/dollar-lost-direction-awaiting-fed-set-its-path-2021-09-03/""]",1,[],"[{""domain"":""reuters.com"",""language"":""English"",""logical_end"":""2021-09-04T00:00:00Z"",""logical_start"":""2021-09-03T00:00:00Z"",""query_category"":""monetary_geoeconomic"",""query_string"":""(\""Federal Reserve\"" OR \""interest rate\"" OR \""rate hike\"" OR inflation OR CPI) domain:reuters.com sourcelang:english"",""requested_end"":""20210904000001"",""requested_start"":""20210902235959"",""retrieved_at_utc"":""2026-09-09T09:07:27.462718Z"",""seendate"":""20210903T013000Z"",""socialimage"":""https://www.reuters.com/resizer/CkoO2e-k6GPMifl4Z8fnqtcxD4c=/1200x628/smart/filters:quality(80)/cloudfront-us-east-2.images.arcpublishing.com/reuters/RAVJCCBYMRNP5M62CZ7MHBBAUY.jpg"",""sourcecountry"":""United States"",""title"":""Dollar lost for direction awaiting Fed to set its path"",""url"":""https://www.reuters.com/business/finance/dollar-lost-direction-awaiting-fed-set-its-path-2021-09-03/"",""url_mobile"":""""}]"
d8b8e90a55c5db549173ec96a1185ccfed8296364fdb09cf74ac3dae7dd7487f,https://www.reuters.com/business/finance/bumpy-autumnal-ride-ahead-emerging-market-currencies-2021-09-03/,https://www.reuters.com/business/finance/bumpy-autumnal-ride-ahead-emerging-market-currencies-2021-09-03/,Bumpy autumnal ride ahead for emerging market currencies,2021-09-03 01:45:00+00:00,2021-09-03 08:45:00+07:00,reuters.com,English,United States,"[""monetary_geoeconomic""]",https://www.reuters.com/resizer/n0QYQZHiiH3BI1JFfntdp-LKtE4=/1200x628/smart/filters:quality(80)/cloudfront-us-east-2.images.arcpublishing.com/reuters/6DKOJCIZYJMFRIINUL2PFZ47DM.jpg,2026-09-09T09:07:27.462718Z,,20210903T014500Z,gdelt_first_seen,"[""https://www.reuters.com/business/finance/bumpy-autumnal-ride-ahead-emerging-market-currencies-2021-09-03/""]",1,[],"[{""domain"":""reuters.com"",""language"":""English"",""logical_end"":""2021-09-04T00:00:00Z"",""logical_start"":""2021-09-03T00:00:00Z"",""query_category"":""monetary_geoeconomic"",""query_string"":""(\""Federal Reserve\"" OR \""interest rate\"" OR \""rate hike\"" OR inflation OR CPI) domain:reuters.com sourcelang:english"",""requested_end"":""20210904000001"",""requested_start"":""20210902235959"",""retrieved_at_utc"":""2026-09-09T09:07:27.462718Z"",""seendate"":""20210903T014500Z"",""socialimage"":""https://www.reuters.com/resizer/n0QYQZHiiH3BI1JFfntdp-LKtE4=/1200x628/smart/filters:quality(80)/cloudfront-us-east-2.images.arcpublishing.com/reuters/6DKOJCIZYJMFRIINUL2PFZ47DM.jpg"",""sourcecountry"":""United States"",""title"":""Bumpy autumnal ride ahead for emerging market currencies"",""url"":""https://www.reuters.com/business/finance/bumpy-autumnal-ride-ahead-emerging-market-currencies-2021-09-03/"",""url_mobile"":""""}]"
706981da385c16e17575612522e859b3267f8f8228192845531575c2c8b6ad8c,https://www.reuters.com/world/china/dollar-near-one-month-low-payrolls-test-looms-2021-09-03/,https://www.reuters.com/world/china/dollar-near-one-month-low-payrolls-test-looms-2021-09-03/,Dollar near one - month low as payrolls test looms,2021-09-03 01:45:00+00:00,2021-09-03 08:45:00+07:00,reuters.com,English,United States,"[""monetary_geoeconomic""]",https://www.reuters.com/resizer/odDDmAaUqy8AwdyH7zOhl3kynDQ=/1200x628/smart/filters:quality(80)/cloudfront-us-east-2.images.arcpublishing.com/reuters/GRG7F2WUI5JYLAUDMB7RNL6JI4.jpg,2026-09-09T09:07:27.462718Z,,20210903T014500Z,gdelt_first_seen,"[""https://www.reuters.com/world/china/dollar-near-one-month-low-payrolls-test-looms-2021-09-03/""]",1,[],"[{""domain"":""reuters.com"",""language"":""English"",""logical_end"":""2021-09-04T00:00:00Z"",""logical_start"":""2021-09-03T00:00:00Z"",""query_category"":""monetary_geoeconomic"",""query_string"":""(\""Federal Reserve\"" OR \""interest rate\"" OR \""rate hike\"" OR inflation OR CPI) domain:reuters.com sourcelang:english"",""requested_end"":""20210904000001"",""requested_start"":""20210902235959"",""retrieved_at_utc"":""2026-09-09T09:07:27.462718Z"",""seendate"":""20210903T014500Z"",""socialimage"":""https://www.reuters.com/resizer/odDDmAaUqy8AwdyH7zOhl3kynDQ=/1200x628/smart/filters:quality(80)/cloudfront-us-east-2.images.arcpublishing.com/reuters/GRG7F2WUI5JYLAUDMB7RNL6JI4.jpg"",""sourcecountry"":""United States"",""title"":""Dollar near one - month low as payrolls test looms"",""url"":""https://www.reuters.com/world/china/dollar-near-one-month-low-payrolls-test-looms-2021-09-03/"",""url_mobile"":""""}]"
5d78ab36de2738a60224218f7f5f4b705617d588a4b2756f387208d21afaa516,https://www.reuters.com/article/us-britain-usa-security/islamic-state-beatle-pleads-guilty-to-murdering-u-s-hostages-idUSKBN2FY0WW,https://www.reuters.com/article/us-britain-usa-security/islamic-state-beatle-pleads-guilty-to-murdering-u-s-hostages-idUSKBN2FY0WW,Islamic State Beatle pleads guilty to murdering U . S . hostages,2021-09-03 02:00:00+00:00,2021-09-03 09:00:00+07:00,reuters.com,English,United States,"[""armed_conflict""]",https://static.reuters.com/resources/r/?m=02&d=20210902&t=2&i=1573661248&r=LYNXMPEH810GD,2026-09-09T08:53:09.954157Z,https://mobile.reuters.com/article/amp/idUSKBN2FY0WW,20210903T020000Z,gdelt_first_seen,"[""https://www.reuters.com/article/us-britain-usa-security/islamic-state-beatle-pleads-guilty-to-murdering-u-s-hostages-idUSKBN2FY0WW""]",1,[],"[{""domain"":""reuters.com"",""language"":""English"",""logical_end"":""2021-09-04T00:00:00Z"",""logical_start"":""2021-09-03T00:00:00Z"",""query_category"":""armed_conflict"",""query_string"":""(war OR invasion OR missile OR airstrike OR ceasefire OR military OR conflict) domain:reuters.com sourcelang:english"",""requested_end"":""20210904000001"",""requested_start"":""20210902235959"",""retrieved_at_utc"":""2026-09-09T08:53:09.954157Z"",""seendate"":""20210903T020000Z"",""socialimage"":""https://static.reuters.com/resources/r/?m=02&d=20210902&t=2&i=1573661248&r=LYNXMPEH810GD"",""sourcecountry"":""United States"",""title"":""Islamic State  Beatle  pleads guilty to murdering U . S . hostages"",""url"":""https://www.reuters.com/article/us-britain-usa-security/islamic-state-beatle-pleads-guilty-to-murdering-u-s-hostages-idUSKBN2FY0WW"",""url_mobile"":""https://mobile.reuters.com/article/amp/idUSKBN2FY0WW""}]"
31a3a701f34a7801b1b1fd123f90a04b8c2ec47ac627b3669e424c3f829dd3fd,https://www.reuters.com/business/global-markets-wrapup-1-2021-09-03/,https://www.reuters.com/business/global-markets-wrapup-1-2021-09-03/,"Asian shares hold gains , dollar weak ahead of major U . S . jobs data",2021-09-03 02:45:00+00:00,2021-09-03 09:45:00+07:00,reuters.com,English,United States,"[""monetary_geoeconomic""]",https://www.reuters.com/resizer/dOm6d0ohyy3YB4G9iTWhLnSKmeI=/1200x628/smart/filters:quality(80)/cloudfront-us-east-2.images.arcpublishing.com/reuters/XMSH32FC6NPENPGP36RFULFS5Q.jpg,2026-09-09T09:07:27.462718Z,,20210903T024500Z,gdelt_first_seen,"[""https://www.reuters.com/business/global-markets-wrapup-1-2021-09-03/""]",1,[],"[{""domain"":""reuters.com"",""language"":""English"",""logical_end"":""2021-09-04T00:00:00Z"",""logical_start"":""2021-09-03T00:00:00Z"",""query_category"":""monetary_geoeconomic"",""query_string"":""(\""Federal Reserve\"" OR \""interest rate\"" OR \""rate hike\"" OR inflation OR CPI) domain:reuters.com sourcelang:english"",""requested_end"":""20210904000001"",""requested_start"":""20210902235959"",""retrieved_at_utc"":""2026-09-09T09:07:27.462718Z"",""seendate"":""20210903T024500Z"",""socialimage"":""https://www.reuters.com/resizer/dOm6d0ohyy3YB4G9iTWhLnSKmeI=/1200x628/smart/filters:quality(80)/cloudfront-us-east-2.images.arcpublishing.com/reuters/XMSH32FC6NPENPGP36RFULFS5Q.jpg"",""sourcecountry"":""United States"",""title"":""Asian shares hold gains , dollar weak ahead of major U . S . jobs data"",""url"":""https://www.reuters.com/business/global-markets-wrapup-1-2021-09-03/"",""url_mobile"":""""}]"
a351b5ecc7bc6070a71b6a787f332096e86048e698a867ecf0539e9e0dc03ad4,https://www.reuters.com/business/energy/oil-slips-ahead-us-jobs-report-2021-09-03/,https://www.reuters.com/business/energy/oil-slips-ahead-us-jobs-report-2021-09-03/,Oil slips ahead of U . S . jobs report,2021-09-03 03:30:00+00:00,2021-09-03 10:30:00+07:00,reuters.com,English,United States,"[""energy_geopolitics""]",https://www.reuters.com/resizer/xaoAPKFoSmJC1CSF2Tf3ychn4N0=/1200x628/smart/filters:quality(80)/cloudfront-us-east-2.images.arcpublishing.com/reuters/TKGP5ZTPBRMDHMATWXMMS2UFEQ.jpg,2026-09-09T08:56:24.139581Z,,20210903T033000Z,gdelt_first_seen,"[""https://www.reuters.com/business/energy/oil-slips-ahead-us-jobs-report-2021-09-03/""]",1,[],"[{""domain"":""reuters.com"",""language"":""English"",""logical_end"":""2021-09-04T00:00:00Z"",""logical_start"":""2021-09-03T00:00:00Z"",""query_category"":""energy_geopolitics"",""query_string"":""(OPEC OR \""oil embargo\"" OR \""oil supply\"" OR \""energy crisis\"" OR \""natural gas\"") domain:reuters.com sourcelang:english"",""requested_end"":""20210904000001"",""requested_start"":""20210902235959"",""retrieved_at_utc"":""2026-09-09T08:56:24.139581Z"",""seendate"":""20210903T033000Z"",""socialimage"":""https://www.reuters.com/resizer/xaoAPKFoSmJC1CSF2Tf3ychn4N0=/1200x628/smart/filters:quality(80)/cloudfront-us-east-2.images.arcpublishing.com/reuters/TKGP5ZTPBRMDHMATWXMMS2UFEQ.jpg"",""sourcecountry"":""United States"",""title"":""Oil slips ahead of U . S . jobs report"",""url"":""https://www.reuters.com/business/energy/oil-slips-ahead-us-jobs-report-2021-09-03/"",""url_mobile"":""""}]"
185147a697df13b796becadb510a082a4a11707cc03ea42d0590cc8c2a082603,https://www.reuters.com/world/asia-pacific/australia-cbank-stick-with-tapering-plans-or-maybe-not-2021-09-03/,https://www.reuters.com/world/asia-pacific/australia-cbank-stick-with-tapering-plans-or-maybe-not-2021-09-03/,"Australia c . bank to stick with tapering plans , or maybe not",2021-09-03 03:30:00+00:00,2021-09-03 10:30:00+07:00,reuters.com,English,United States,"[""monetary_geoeconomic""]",https://www.reuters.com/resizer/qYZzNHd68WkZKhkjfx4OHV36ZNA=/1200x628/smart/filters:quality(80)/cloudfront-us-east-2.images.arcpublishing.com/reuters/GRWEKHZ36BM5RGIFJSUOJP3GJU.jpg,2026-09-09T09:07:27.462718Z,,20210903T033000Z,gdelt_first_seen,"[""https://www.reuters.com/world/asia-pacific/australia-cbank-stick-with-tapering-plans-or-maybe-not-2021-09-03/""]",1,[],"[{""domain"":""reuters.com"",""language"":""English"",""logical_end"":""2021-09-04T00:00:00Z"",""logical_start"":""2021-09-03T00:00:00Z"",""query_category"":""monetary_geoeconomic"",""query_string"":""(\""Federal Reserve\"" OR \""interest rate\"" OR \""rate hike\"" OR inflation OR CPI) domain:reuters.com sourcelang:english"",""requested_end"":""20210904000001"",""requested_start"":""20210902235959"",""retrieved_at_utc"":""2026-09-09T09:07:27.462718Z"",""seendate"":""20210903T033000Z"",""socialimage"":""https://www.reuters.com/resizer/qYZzNHd68WkZKhkjfx4OHV36ZNA=/1200x628/smart/filters:quality(80)/cloudfront-us-east-2.images.arcpublishing.com/reuters/GRWEKHZ36BM5RGIFJSUOJP3GJU.jpg"",""sourcecountry"":""United States"",""title"":""Australia c . bank to stick with tapering plans , or maybe not"",""url"":""https://www.reuters.com/world/asia-pacific/australia-cbank-stick-with-tapering-plans-or-maybe-not-2021-09-03/"",""url_mobile"":""""}]"
d859889fbc4f4802a0daf55b5c9adf7b3ceb091db9860d9ced7a79feaa48876c,https://www.reuters.com/world/middle-east/syrian-air-defenses-confront-hostile-missiles-sky-damascus-2021-09-02/,https://www.reuters.com/world/middle-east/syrian-air-defenses-confront-hostile-missiles-sky-damascus-2021-09-02/,Syrian air defences fire on Israeli missiles over Damascus - state news,2021-09-03 04:00:00+00:00,2021-09-03 11:00:00+07:00,reuters.com,English,United States,"[""armed_conflict""]",https://www.reuters.com/pf/resources/images/reuters/reuters-default.png?d=50,2026-09-09T08:53:09.954157Z,,20210903T040000Z,gdelt_first_seen,"[""https://www.reuters.com/world/middle-east/syrian-air-defenses-confront-hostile-missiles-sky-damascus-2021-09-02/""]",1,[],"[{""domain"":""reuters.com"",""language"":""English"",""logical_end"":""2021-09-04T00:00:00Z"",""logical_start"":""2021-09-03T00:00:00Z"",""query_category"":""armed_conflict"",""query_string"":""(war OR invasion OR missile OR airstrike OR ceasefire OR military OR conflict) domain:reuters.com sourcelang:english"",""requested_end"":""20210904000001"",""requested_start"":""20210902235959"",""retrieved_at_utc"":""2026-09-09T08:53:09.954157Z"",""seendate"":""20210903T040000Z"",""socialimage"":""https://www.reuters.com/pf/resources/images/reuters/reuters-default.png?d=50"",""sourcecountry"":""United States"",""title"":""Syrian air defences fire on Israeli missiles over Damascus - state news"",""url"":""https://www.reuters.com/world/middle-east/syrian-air-defenses-confront-hostile-missiles-sky-damascus-2021-09-02/"",""url_mobile"":""""}]"
6d869bb1079818d4764fdbdb1f781b3e19f9b50fbc02174e23bc3beca3545117,https://www.reuters.com/world/asia-pacific/view-reactions-reports-japan-pm-suga-step-down-2021-09-03/,https://www.reuters.com/world/asia-pacific/view-reactions-reports-japan-pm-suga-step-down-2021-09-03/,"Japan PM Suga decides to step down , Nikkei rises",2021-09-03 05:15:00+00:00,2021-09-03 12:15:00+07:00,reuters.com,English,United States,"[""armed_conflict""]",https://www.reuters.com/resizer/ovPiUqH7Co75tB9E2XhrPzgPMsM=/1200x628/smart/filters:quality(80)/cloudfront-us-east-2.images.arcpublishing.com/reuters/MLYXLOBJF5JSJDFRTHSAJNG5PM.jpg,2026-09-09T08:53:09.954157Z,,20210903T051500Z,gdelt_first_seen,"[""https://www.reuters.com/world/asia-pacific/view-reactions-reports-japan-pm-suga-step-down-2021-09-03/""]",1,[],"[{""domain"":""reuters.com"",""language"":""English"",""logical_end"":""2021-09-04T00:00:00Z"",""logical_start"":""2021-09-03T00:00:00Z"",""query_category"":""armed_conflict"",""query_string"":""(war OR invasion OR missile OR airstrike OR ceasefire OR military OR conflict) domain:reuters.com sourcelang:english"",""requested_end"":""20210904000001"",""requested_start"":""20210902235959"",""retrieved_at_utc"":""2026-09-09T08:53:09.954157Z"",""seendate"":""20210903T051500Z"",""socialimage"":""https://www.reuters.com/resizer/ovPiUqH7Co75tB9E2XhrPzgPMsM=/1200x628/smart/filters:quality(80)/cloudfront-us-east-2.images.arcpublishing.com/reuters/MLYXLOBJF5JSJDFRTHSAJNG5PM.jpg"",""sourcecountry"":""United States"",""title"":""Japan PM Suga decides to step down , Nikkei rises"",""url"":""https://www.reuters.com/world/asia-pacific/view-reactions-reports-japan-pm-suga-step-down-2021-09-03/"",""url_mobile"":""""}]"
764a9efa6a7ed8780f697b06784beb7437dfcb259d2817998aa9fc68535f0548,https://www.reuters.com/world/us/us-has-no-plans-release-billions-afghan-assets-treasury-says-2021-09-03/,https://www.reuters.com/world/us/us-has-no-plans-release-billions-afghan-assets-treasury-says-2021-09-03/,"U . S . has no plans to release billions in Afghan assets , Treasury says",2021-09-03 05:30:00+00:00,2021-09-03 12:30:00+07:00,reuters.com,English,United States,"[""sanctions""]",https://www.reuters.com/resizer/EOiXFAdPl83qXoPSiaFPGl70Pwc=/1200x628/smart/filters:quality(80)/cloudfront-us-east-2.images.arcpublishing.com/reuters/J3XGXDGOMNN2RMYG6XYQ4CD2KI.jpg,2026-09-09T08:54:12.084396Z,,20210903T053000Z,gdelt_first_seen,"[""https://www.reuters.com/world/us/us-has-no-plans-release-billions-afghan-assets-treasury-says-2021-09-03/""]",1,[],"[{""domain"":""reuters.com"",""language"":""English"",""logical_end"":""2021-09-04T00:00:00Z"",""logical_start"":""2021-09-03T00:00:00Z"",""query_category"":""sanctions"",""query_string"":""(sanction OR sanctions OR embargo OR \""asset freeze\"" OR \""export restriction\"") domain:reuters.com sourcelang:english"",""requested_end"":""20210904000001"",""requested_start"":""20210902235959"",""retrieved_at_utc"":""2026-09-09T08:54:12.084396Z"",""seendate"":""20210903T053000Z"",""socialimage"":""https://www.reuters.com/resizer/EOiXFAdPl83qXoPSiaFPGl70Pwc=/1200x628/smart/filters:quality(80)/cloudfront-us-east-2.images.arcpublishing.com/reuters/J3XGXDGOMNN2RMYG6XYQ4CD2KI.jpg"",""sourcecountry"":""United States"",""title"":""U . S . has no plans to release billions in Afghan assets , Treasury says"",""url"":""https://www.reuters.com/world/us/us-has-no-plans-release-billions-afghan-assets-treasury-says-2021-09-03/"",""url_mobile"":""""}]"
7363443e4126be037806412543139fbe376c2318a5d912d08011e602010997b3,https://www.reuters.com/article/usa-economy/u-s-job-growth-seen-slowing-in-august-as-delta-variant-curbs-services-demand-idUSKBN2FZ09H,https://www.reuters.com/article/usa-economy/u-s-job-growth-seen-slowing-in-august-as-delta-variant-curbs-services-demand-idUSKBN2FZ09H,U . S . job growth seen slowing in August as Delta variant curbs services demand,2021-09-03 05:45:00+00:00,2021-09-03 12:45:00+07:00,reuters.com,English,United States,"[""monetary_geoeconomic""]",https://static.reuters.com/resources/r/?m=02&d=20210903&t=2&i=1573741897&r=LYNXMPEH8204I,2026-09-09T09:07:27.462718Z,https://mobile.reuters.com/article/amp/idUSKBN2FZ09H,20210903T054500Z,gdelt_first_seen,"[""https://www.reuters.com/article/usa-economy/u-s-job-growth-seen-slowing-in-august-as-delta-variant-curbs-services-demand-idUSKBN2FZ09H""]",1,[],"[{""domain"":""reuters.com"",""language"":""English"",""logical_end"":""2021-09-04T00:00:00Z"",""logical_start"":""2021-09-03T00:00:00Z"",""query_category"":""monetary_geoeconomic"",""query_string"":""(\""Federal Reserve\"" OR \""interest rate\"" OR \""rate hike\"" OR inflation OR CPI) domain:reuters.com sourcelang:english"",""requested_end"":""20210904000001"",""requested_start"":""20210902235959"",""retrieved_at_utc"":""2026-09-09T09:07:27.462718Z"",""seendate"":""20210903T054500Z"",""socialimage"":""https://static.reuters.com/resources/r/?m=02&d=20210903&t=2&i=1573741897&r=LYNXMPEH8204I"",""sourcecountry"":""United States"",""title"":""U . S . job growth seen slowing in August as Delta variant curbs services demand"",""url"":""https://www.reuters.com/article/usa-economy/u-s-job-growth-seen-slowing-in-august-as-delta-variant-curbs-services-demand-idUSKBN2FZ09H"",""url_mobile"":""https://mobile.reuters.com/article/amp/idUSKBN2FZ09H""}]"
104f4d20c01266aa04b04c60403ea606a28d70a9339bc85cdab03143c6b7cc48,https://www.reuters.com/world/the-great-reboot/britains-trucker-shortage-jams-post-pandemic-recovery-2021-09-03/,https://www.reuters.com/world/the-great-reboot/britains-trucker-shortage-jams-post-pandemic-recovery-2021-09-03/,Britain trucker shortage jams post - pandemic recovery,2021-09-03 05:45:00+00:00,2021-09-03 12:45:00+07:00,reuters.com,English,United States,"[""monetary_geoeconomic""]",https://www.reuters.com/resizer/nh4IOkQDV-B9AZ3SJ8gP2K3zUgY=/1200x628/smart/filters:quality(80)/cloudfront-us-east-2.images.arcpublishing.com/reuters/2KSGNLRIBJLSNNI6CRH5VYVTWI.jpg,2026-09-09T09:07:27.462718Z,,20210903T054500Z,gdelt_first_seen,"[""https://www.reuters.com/world/the-great-reboot/britains-trucker-shortage-jams-post-pandemic-recovery-2021-09-03/""]",1,[],"[{""domain"":""reuters.com"",""language"":""English"",""logical_end"":""2021-09-04T00:00:00Z"",""logical_start"":""2021-09-03T00:00:00Z"",""query_category"":""monetary_geoeconomic"",""query_string"":""(\""Federal Reserve\"" OR \""interest rate\"" OR \""rate hike\"" OR inflation OR CPI) domain:reuters.com sourcelang:english"",""requested_end"":""20210904000001"",""requested_start"":""20210902235959"",""retrieved_at_utc"":""2026-09-09T09:07:27.462718Z"",""seendate"":""20210903T054500Z"",""socialimage"":""https://www.reuters.com/resizer/nh4IOkQDV-B9AZ3SJ8gP2K3zUgY=/1200x628/smart/filters:quality(80)/cloudfront-us-east-2.images.arcpublishing.com/reuters/2KSGNLRIBJLSNNI6CRH5VYVTWI.jpg"",""sourcecountry"":""United States"",""title"":""Britain trucker shortage jams post - pandemic recovery"",""url"":""https://www.reuters.com/world/the-great-reboot/britains-trucker-shortage-jams-post-pandemic-recovery-2021-09-03/"",""url_mobile"":""""}]"
85e55c2397947bd596c7bf958bfb27b18023c7f9e4aeb5b263ded06d4e829617,https://www.reuters.com/article/businessNews/idUSKBN2FZ09H,https://www.reuters.com/article/businessNews/idUSKBN2FZ09H,U . S . job growth seen slowing in August as Delta variant curbs services demand,2021-09-03 06:00:00+00:00,2021-09-03 13:00:00+07:00,reuters.com,English,United States,"[""monetary_geoeconomic""]",https://static.reuters.com/resources/r/?m=02&d=20210903&t=2&i=1573741897&r=LYNXMPEH8204I,2026-09-09T09:07:27.462718Z,https://mobile.reuters.com/article/amp/idUSKBN2FZ09H,20210903T060000Z,gdelt_first_seen,"[""https://www.reuters.com/article/businessNews/idUSKBN2FZ09H""]",1,[],"[{""domain"":""reuters.com"",""language"":""English"",""logical_end"":""2021-09-04T00:00:00Z"",""logical_start"":""2021-09-03T00:00:00Z"",""query_category"":""monetary_geoeconomic"",""query_string"":""(\""Federal Reserve\"" OR \""interest rate\"" OR \""rate hike\"" OR inflation OR CPI) domain:reuters.com sourcelang:english"",""requested_end"":""20210904000001"",""requested_start"":""20210902235959"",""retrieved_at_utc"":""2026-09-09T09:07:27.462718Z"",""seendate"":""20210903T060000Z"",""socialimage"":""https://static.reuters.com/resources/r/?m=02&d=20210903&t=2&i=1573741897&r=LYNXMPEH8204I"",""sourcecountry"":""United States"",""title"":""U . S . job growth seen slowing in August as Delta variant curbs services demand"",""url"":""https://www.reuters.com/article/businessNews/idUSKBN2FZ09H"",""url_mobile"":""https://mobile.reuters.com/article/amp/idUSKBN2FZ09H""}]"
41158b2fc18fac39b010c7f8a2e95988d232ae1d8fbd803f941619eaeef29947,https://www.reuters.com/article/businessNews/idUSKBN2FZ0D8,https://www.reuters.com/article/businessNews/idUSKBN2FZ0D8,"U . S . has no plans to release billions in Afghan assets , Treasury says",2021-09-03 06:00:00+00:00,2021-09-03 13:00:00+07:00,reuters.com,English,United States,"[""sanctions""]",https://static.reuters.com/resources/r/?m=02&d=20210903&t=2&i=1573746245&r=LYNXMPEH8206D,2026-09-09T08:54:12.084396Z,https://mobile.reuters.com/article/amp/idUSKBN2FZ0D8,20210903T060000Z,gdelt_first_seen,"[""https://www.reuters.com/article/businessNews/idUSKBN2FZ0D8""]",1,[],"[{""domain"":""reuters.com"",""language"":""English"",""logical_end"":""2021-09-04T00:00:00Z"",""logical_start"":""2021-09-03T00:00:00Z"",""query_category"":""sanctions"",""query_string"":""(sanction OR sanctions OR embargo OR \""asset freeze\"" OR \""export restriction\"") domain:reuters.com sourcelang:english"",""requested_end"":""20210904000001"",""requested_start"":""20210902235959"",""retrieved_at_utc"":""2026-09-09T08:54:12.084396Z"",""seendate"":""20210903T060000Z"",""socialimage"":""https://static.reuters.com/resources/r/?m=02&d=20210903&t=2&i=1573746245&r=LYNXMPEH8206D"",""sourcecountry"":""United States"",""title"":""U . S . has no plans to release billions in Afghan assets , Treasury says"",""url"":""https://www.reuters.com/article/businessNews/idUSKBN2FZ0D8"",""url_mobile"":""https://mobile.reuters.com/article/amp/idUSKBN2FZ0D8""}]"
dfac6b2dc8dc7707eaf4ba1c33115a3f53ecf882b46edfdeeddeb215880be5fc,https://www.reuters.com/article/businessNews/idUSKBN2FZ0E9,https://www.reuters.com/article/businessNews/idUSKBN2FZ0E9,"Fed likely to announce taper in November , former Fed official says",2021-09-03 06:00:00+00:00,2021-09-03 13:00:00+07:00,reuters.com,English,United States,"[""monetary_geoeconomic""]",https://static.reuters.com/resources/r/?m=02&d=20210903&t=2&i=1573747473&r=LYNXMPEH8206T,2026-09-09T09:07:27.462718Z,https://mobile.reuters.com/article/amp/idUSKBN2FZ0E9,20210903T060000Z,gdelt_first_seen,"[""https://www.reuters.com/article/businessNews/idUSKBN2FZ0E9""]",1,[],"[{""domain"":""reuters.com"",""language"":""English"",""logical_end"":""2021-09-04T00:00:00Z"",""logical_start"":""2021-09-03T00:00:00Z"",""query_category"":""monetary_geoeconomic"",""query_string"":""(\""Federal Reserve\"" OR \""interest rate\"" OR \""rate hike\"" OR inflation OR CPI) domain:reuters.com sourcelang:english"",""requested_end"":""20210904000001"",""requested_start"":""20210902235959"",""retrieved_at_utc"":""2026-09-09T09:07:27.462718Z"",""seendate"":""20210903T060000Z"",""socialimage"":""https://static.reuters.com/resources/r/?m=02&d=20210903&t=2&i=1573747473&r=LYNXMPEH8206T"",""sourcecountry"":""United States"",""title"":""Fed likely to announce taper in November , former Fed official says"",""url"":""https://www.reuters.com/article/businessNews/idUSKBN2FZ0E9"",""url_mobile"":""https://mobile.reuters.com/article/amp/idUSKBN2FZ0E9""}]"
d5a551a1d96964cd346dbff536e42343ba3492f97ca44efc93ae10bccbc0e3f4,https://www.reuters.com/article/ousivMolt/idUSKBN2FZ053,https://www.reuters.com/article/ousivMolt/idUSKBN2FZ053,Japanese shares gain on Suga resignation as markets look to U . S . jobs data,2021-09-03 06:00:00+00:00,2021-09-03 13:00:00+07:00,reuters.com,English,United States,"[""monetary_geoeconomic""]",https://static.reuters.com/resources/r/?m=02&d=20210903&t=2&i=1573746419&r=LYNXMPEH8202F,2026-09-09T09:07:27.462718Z,https://mobile.reuters.com/article/amp/idUSKBN2FZ053,20210903T060000Z,gdelt_first_seen,"[""https://www.reuters.com/article/ousivMolt/idUSKBN2FZ053""]",1,[],"[{""domain"":""reuters.com"",""language"":""English"",""logical_end"":""2021-09-04T00:00:00Z"",""logical_start"":""2021-09-03T00:00:00Z"",""query_category"":""monetary_geoeconomic"",""query_string"":""(\""Federal Reserve\"" OR \""interest rate\"" OR \""rate hike\"" OR inflation OR CPI) domain:reuters.com sourcelang:english"",""requested_end"":""20210904000001"",""requested_start"":""20210902235959"",""retrieved_at_utc"":""2026-09-09T09:07:27.462718Z"",""seendate"":""20210903T060000Z"",""socialimage"":""https://static.reuters.com/resources/r/?m=02&d=20210903&t=2&i=1573746419&r=LYNXMPEH8202F"",""sourcecountry"":""United States"",""title"":""Japanese shares gain on Suga resignation as markets look to U . S . jobs data"",""url"":""https://www.reuters.com/article/ousivMolt/idUSKBN2FZ053"",""url_mobile"":""https://mobile.reuters.com/article/amp/idUSKBN2FZ053""}]"
bc94e691ab6497a817a2197f4078d6aa45608fc75daf0a23cfca28d747ba96cc,https://www.reuters.com/world/india/india-august-service-activity-grows-fastest-pace-since-pandemic-began-2021-09-03/,https://www.reuters.com/world/india/india-august-service-activity-grows-fastest-pace-since-pandemic-began-2021-09-03/,India August service activity grows at fastest pace since pandemic began,2021-09-03 06:00:00+00:00,2021-09-03 13:00:00+07:00,reuters.com,English,United States,"[""monetary_geoeconomic""]",https://www.reuters.com/resizer/Vb47J0_eBCRnTZ1pmZbTk6HEqIs=/1200x628/smart/filters:quality(80)/cloudfront-us-east-2.images.arcpublishing.com/reuters/LKX2I52XC5OBHGZBFPF2SFHX4I.jpg,2026-09-09T09:07:27.462718Z,,20210903T060000Z,gdelt_first_seen,"[""https://www.reuters.com/world/india/india-august-service-activity-grows-fastest-pace-since-pandemic-began-2021-09-03/""]",1,[],"[{""domain"":""reuters.com"",""language"":""English"",""logical_end"":""2021-09-04T00:00:00Z"",""logical_start"":""2021-09-03T00:00:00Z"",""query_category"":""monetary_geoeconomic"",""query_string"":""(\""Federal Reserve\"" OR \""interest rate\"" OR \""rate hike\"" OR inflation OR CPI) domain:reuters.com sourcelang:english"",""requested_end"":""20210904000001"",""requested_start"":""20210902235959"",""retrieved_at_utc"":""2026-09-09T09:07:27.462718Z"",""seendate"":""20210903T060000Z"",""socialimage"":""https://www.reuters.com/resizer/Vb47J0_eBCRnTZ1pmZbTk6HEqIs=/1200x628/smart/filters:quality(80)/cloudfront-us-east-2.images.arcpublishing.com/reuters/LKX2I52XC5OBHGZBFPF2SFHX4I.jpg"",""sourcecountry"":""United States"",""title"":""India August service activity grows at fastest pace since pandemic began"",""url"":""https://www.reuters.com/world/india/india-august-service-activity-grows-fastest-pace-since-pandemic-began-2021-09-03/"",""url_mobile"":""""}]"
e3c97e9e24f9c45a5b488f9f8ac95aee72653afe7902b9d19437e7f3121c4855,https://www.reuters.com/world/china/chinas-zhenhua-oil-seeks-tie-up-with-local-firm-first-gas-terminal-sources-2021-09-03/,https://www.reuters.com/world/china/chinas-zhenhua-oil-seeks-tie-up-with-local-firm-first-gas-terminal-sources-2021-09-03/,China Zhenhua Oil seeks tie - up with local firm for first gas terminal - sources,2021-09-03 06:15:00+00:00,2021-09-03 13:15:00+07:00,reuters.com,English,United States,"[""energy_geopolitics""]",https://www.reuters.com/pf/resources/images/reuters/reuters-default.png?d=50,2026-09-09T08:56:24.139581Z,,20210903T061500Z,gdelt_first_seen,"[""https://www.reuters.com/world/china/chinas-zhenhua-oil-seeks-tie-up-with-local-firm-first-gas-terminal-sources-2021-09-03/""]",1,[],"[{""domain"":""reuters.com"",""language"":""English"",""logical_end"":""2021-09-04T00:00:00Z"",""logical_start"":""2021-09-03T00:00:00Z"",""query_category"":""energy_geopolitics"",""query_string"":""(OPEC OR \""oil embargo\"" OR \""oil supply\"" OR \""energy crisis\"" OR \""natural gas\"") domain:reuters.com sourcelang:english"",""requested_end"":""20210904000001"",""requested_start"":""20210902235959"",""retrieved_at_utc"":""2026-09-09T08:56:24.139581Z"",""seendate"":""20210903T061500Z"",""socialimage"":""https://www.reuters.com/pf/resources/images/reuters/reuters-default.png?d=50"",""sourcecountry"":""United States"",""title"":""China Zhenhua Oil seeks tie - up with local firm for first gas terminal - sources"",""url"":""https://www.reuters.com/world/china/chinas-zhenhua-oil-seeks-tie-up-with-local-firm-first-gas-terminal-sources-2021-09-03/"",""url_mobile"":""""}]"
a737156056ce21eed296bc6e143e80462bb3c1bc664370f56945ed5391adee7a,https://www.reuters.com/article/britain-economy-shortages-insight/britains-trucker-shortage-jams-post-pandemic-recovery-idUSKBN2FZ0D5,https://www.reuters.com/article/britain-economy-shortages-insight/britains-trucker-shortage-jams-post-pandemic-recovery-idUSKBN2FZ0D5,Britain trucker shortage jams post - pandemic recovery,2021-09-03 06:30:00+00:00,2021-09-03 13:30:00+07:00,reuters.com,English,United States,"[""monetary_geoeconomic""]",https://static.reuters.com/resources/r/?m=02&d=20210903&t=2&i=1573746688&r=LYNXMPEH82065,2026-09-09T09:07:27.462718Z,https://mobile.reuters.com/article/amp/idUSKBN2FZ0D5,20210903T063000Z,gdelt_first_seen,"[""https://www.reuters.com/article/britain-economy-shortages-insight/britains-trucker-shortage-jams-post-pandemic-recovery-idUSKBN2FZ0D5""]",1,[],"[{""domain"":""reuters.com"",""language"":""English"",""logical_end"":""2021-09-04T00:00:00Z"",""logical_start"":""2021-09-03T00:00:00Z"",""query_category"":""monetary_geoeconomic"",""query_string"":""(\""Federal Reserve\"" OR \""interest rate\"" OR \""rate hike\"" OR inflation OR CPI) domain:reuters.com sourcelang:english"",""requested_end"":""20210904000001"",""requested_start"":""20210902235959"",""retrieved_at_utc"":""2026-09-09T09:07:27.462718Z"",""seendate"":""20210903T063000Z"",""socialimage"":""https://static.reuters.com/resources/r/?m=02&d=20210903&t=2&i=1573746688&r=LYNXMPEH82065"",""sourcecountry"":""United States"",""title"":""Britain trucker shortage jams post - pandemic recovery"",""url"":""https://www.reuters.com/article/britain-economy-shortages-insight/britains-trucker-shortage-jams-post-pandemic-recovery-idUSKBN2FZ0D5"",""url_mobile"":""https://mobile.reuters.com/article/amp/idUSKBN2FZ0D5""}]"
8b4ad15cd3dba3b2e571bd069b65d7d5a5f5894b59de02aab5596d03ecb4233b,https://www.reuters.com/article/global-lng-imports/buyers-of-long-term-lng-ask-sellers-for-extra-cargoes-sources-idUSL4N2Q424J,https://www.reuters.com/article/global-lng-imports/buyers-of-long-term-lng-ask-sellers-for-extra-cargoes-sources-idUSL4N2Q424J,Buyers of long - term LNG ask sellers for extra cargoes - sources,2021-09-03 06:30:00+00:00,2021-09-03 13:30:00+07:00,reuters.com,English,United States,"[""energy_geopolitics""]",https://s1.reutersmedia.net/resources_v2/images/rcom-default.png,2026-09-09T08:56:24.139581Z,https://mobile.reuters.com/article/amp/idUSL4N2Q424J,20210903T063000Z,gdelt_first_seen,"[""https://www.reuters.com/article/global-lng-imports/buyers-of-long-term-lng-ask-sellers-for-extra-cargoes-sources-idUSL4N2Q424J""]",1,[],"[{""domain"":""reuters.com"",""language"":""English"",""logical_end"":""2021-09-04T00:00:00Z"",""logical_start"":""2021-09-03T00:00:00Z"",""query_category"":""energy_geopolitics"",""query_string"":""(OPEC OR \""oil embargo\"" OR \""oil supply\"" OR \""energy crisis\"" OR \""natural gas\"") domain:reuters.com sourcelang:english"",""requested_end"":""20210904000001"",""requested_start"":""20210902235959"",""retrieved_at_utc"":""2026-09-09T08:56:24.139581Z"",""seendate"":""20210903T063000Z"",""socialimage"":""https://s1.reutersmedia.net/resources_v2/images/rcom-default.png"",""sourcecountry"":""United States"",""title"":""Buyers of long - term LNG ask sellers for extra cargoes - sources"",""url"":""https://www.reuters.com/article/global-lng-imports/buyers-of-long-term-lng-ask-sellers-for-extra-cargoes-sources-idUSL4N2Q424J"",""url_mobile"":""https://mobile.reuters.com/article/amp/idUSL4N2Q424J""}]"
37aedd86fa45f3c9f5be96604e67dcae609653923c02c5ba6a60b8ba9406b843,https://www.reuters.com/business/buyers-long-term-lng-ask-sellers-extra-cargoes-sources-2021-09-03/,https://www.reuters.com/business/buyers-long-term-lng-ask-sellers-extra-cargoes-sources-2021-09-03/,Buyers of long - term LNG ask sellers for extra cargoes - sources,2021-09-03 06:45:00+00:00,2021-09-03 13:45:00+07:00,reuters.com,English,United States,"[""energy_geopolitics""]",https://www.reuters.com/resizer/GuY5FJwQjG7ekHQJ2NcxO7tAAkA=/1200x628/smart/filters:quality(80)/cloudfront-us-east-2.images.arcpublishing.com/reuters/MZZKBQSJZFJVBP6OUAPVHD3C2I.jpg,2026-09-09T08:56:24.139581Z,,20210903T064500Z,gdelt_first_seen,"[""https://www.reuters.com/business/buyers-long-term-lng-ask-sellers-extra-cargoes-sources-2021-09-03/""]",1,[],"[{""domain"":""reuters.com"",""language"":""English"",""logical_end"":""2021-09-04T00:00:00Z"",""logical_start"":""2021-09-03T00:00:00Z"",""query_category"":""energy_geopolitics"",""query_string"":""(OPEC OR \""oil embargo\"" OR \""oil supply\"" OR \""energy crisis\"" OR \""natural gas\"") domain:reuters.com sourcelang:english"",""requested_end"":""20210904000001"",""requested_start"":""20210902235959"",""retrieved_at_utc"":""2026-09-09T08:56:24.139581Z"",""seendate"":""20210903T064500Z"",""socialimage"":""https://www.reuters.com/resizer/GuY5FJwQjG7ekHQJ2NcxO7tAAkA=/1200x628/smart/filters:quality(80)/cloudfront-us-east-2.images.arcpublishing.com/reuters/MZZKBQSJZFJVBP6OUAPVHD3C2I.jpg"",""sourcecountry"":""United States"",""title"":""Buyers of long - term LNG ask sellers for extra cargoes - sources"",""url"":""https://www.reuters.com/business/buyers-long-term-lng-ask-sellers-extra-cargoes-sources-2021-09-03/"",""url_mobile"":""""}]"
d2ca7e5b266375429ed61ccf5863b14abb1c7919d5056b6dea14866a6bff0139,https://www.reuters.com/article/us-israel-palestinians-gaza/israeli-troops-shoot-palestinian-dead-in-gaza-border-clashes-idUSKBN2FY1Z9,https://www.reuters.com/article/us-israel-palestinians-gaza/israeli-troops-shoot-palestinian-dead-in-gaza-border-clashes-idUSKBN2FY1Z9,Israeli troops shoot Palestinian dead in Gaza border clashes,2021-09-03 07:00:00+00:00,2021-09-03 14:00:00+07:00,reuters.com,English,United States,"[""armed_conflict""]",https://s1.reutersmedia.net/resources_v2/images/rcom-default.png,2026-09-09T08:53:09.954157Z,https://mobile.reuters.com/article/amp/idUSKBN2FY1ZB,20210903T070000Z,gdelt_first_seen,"[""https://www.reuters.com/article/us-israel-palestinians-gaza/israeli-troops-shoot-palestinian-dead-in-gaza-border-clashes-idUSKBN2FY1Z9""]",1,[],"[{""domain"":""reuters.com"",""language"":""English"",""logical_end"":""2021-09-04T00:00:00Z"",""logical_start"":""2021-09-03T00:00:00Z"",""query_category"":""armed_conflict"",""query_string"":""(war OR invasion OR missile OR airstrike OR ceasefire OR military OR conflict) domain:reuters.com sourcelang:english"",""requested_end"":""20210904000001"",""requested_start"":""20210902235959"",""retrieved_at_utc"":""2026-09-09T08:53:09.954157Z"",""seendate"":""20210903T070000Z"",""socialimage"":""https://s1.reutersmedia.net/resources_v2/images/rcom-default.png"",""sourcecountry"":""United States"",""title"":""Israeli troops shoot Palestinian dead in Gaza border clashes"",""url"":""https://www.reuters.com/article/us-israel-palestinians-gaza/israeli-troops-shoot-palestinian-dead-in-gaza-border-clashes-idUSKBN2FY1Z9"",""url_mobile"":""https://mobile.reuters.com/article/amp/idUSKBN2FY1ZB""}]"
c38ad062dc942e27753449cf57ff81496d7a8e5a36c0cd67140ee81a4e86972f,https://www.reuters.com/world/asia-pacific/potential-candidates-become-japans-next-prime-minister-2021-09-03/,https://www.reuters.com/world/asia-pacific/potential-candidates-become-japans-next-prime-minister-2021-09-03/,Factbox : Potential candidates to become Japan next prime minister,2021-09-03 07:00:00+00:00,2021-09-03 14:00:00+07:00,reuters.com,English,United States,"[""armed_conflict"",""monetary_geoeconomic""]",https://www.reuters.com/resizer/Zvp6-Ics1FR4kIBVLYb6O5XhUtE=/1200x628/smart/filters:quality(80)/cloudfront-us-east-2.images.arcpublishing.com/reuters/UWA6M45WEVIOLJLKLKFZVI5244.jpg,2026-09-09T08:53:09.954157Z,,20210903T070000Z,gdelt_first_seen,"[""https://www.reuters.com/world/asia-pacific/potential-candidates-become-japans-next-prime-minister-2021-09-03/""]",2,[],"[{""domain"":""reuters.com"",""language"":""English"",""logical_end"":""2021-09-04T00:00:00Z"",""logical_start"":""2021-09-03T00:00:00Z"",""query_category"":""armed_conflict"",""query_string"":""(war OR invasion OR missile OR airstrike OR ceasefire OR military OR conflict) domain:reuters.com sourcelang:english"",""requested_end"":""20210904000001"",""requested_start"":""20210902235959"",""retrieved_at_utc"":""2026-09-09T08:53:09.954157Z"",""seendate"":""20210903T070000Z"",""socialimage"":""https://www.reuters.com/resizer/Zvp6-Ics1FR4kIBVLYb6O5XhUtE=/1200x628/smart/filters:quality(80)/cloudfront-us-east-2.images.arcpublishing.com/reuters/UWA6M45WEVIOLJLKLKFZVI5244.jpg"",""sourcecountry"":""United States"",""title"":""Factbox : Potential candidates to become Japan next prime minister"",""url"":""https://www.reuters.com/world/asia-pacific/potential-candidates-become-japans-next-prime-minister-2021-09-03/"",""url_mobile"":""""},{""domain"":""reuters.com"",""language"":""English"",""logical_end"":""2021-09-04T00:00:00Z"",""logical_start"":""2021-09-03T00:00:00Z"",""query_category"":""monetary_geoeconomic"",""query_string"":""(\""Federal Reserve\"" OR \""interest rate\"" OR \""rate hike\"" OR inflation OR CPI) domain:reuters.com sourcelang:english"",""requested_end"":""20210904000001"",""requested_start"":""20210902235959"",""retrieved_at_utc"":""2026-09-09T09:07:27.462718Z"",""seendate"":""20210903T070000Z"",""socialimage"":""https://www.reuters.com/resizer/Zvp6-Ics1FR4kIBVLYb6O5XhUtE=/1200x628/smart/filters:quality(80)/cloudfront-us-east-2.images.arcpublishing.com/reuters/UWA6M45WEVIOLJLKLKFZVI5244.jpg"",""sourcecountry"":""United States"",""title"":""Factbox : Potential candidates to become Japan next prime minister"",""url"":""https://www.reuters.com/world/asia-pacific/potential-candidates-become-japans-next-prime-minister-2021-09-03/"",""url_mobile"":""""}]"
f83614a29fbac303faac21608a9ae4c0749af189eab1e661dee4f8e1feb340a0,https://www.reuters.com/article/safrica-markets/south-african-rand-pauses-with-focus-on-u-s-jobs-report-idUSL1N2Q50F2,https://www.reuters.com/article/safrica-markets/south-african-rand-pauses-with-focus-on-u-s-jobs-report-idUSL1N2Q50F2,"South African rand pauses , with focus on U . S . jobs report",2021-09-03 07:15:00+00:00,2021-09-03 14:15:00+07:00,reuters.com,English,United States,"[""monetary_geoeconomic""]",https://s1.reutersmedia.net/resources_v2/images/rcom-default.png,2026-09-09T09:07:27.462718Z,https://mobile.reuters.com/article/amp/idUSL1N2Q50F2,20210903T071500Z,gdelt_first_seen,"[""https://www.reuters.com/article/safrica-markets/south-african-rand-pauses-with-focus-on-u-s-jobs-report-idUSL1N2Q50F2""]",1,[],"[{""domain"":""reuters.com"",""language"":""English"",""logical_end"":""2021-09-04T00:00:00Z"",""logical_start"":""2021-09-03T00:00:00Z"",""query_category"":""monetary_geoeconomic"",""query_string"":""(\""Federal Reserve\"" OR \""interest rate\"" OR \""rate hike\"" OR inflation OR CPI) domain:reuters.com sourcelang:english"",""requested_end"":""20210904000001"",""requested_start"":""20210902235959"",""retrieved_at_utc"":""2026-09-09T09:07:27.462718Z"",""seendate"":""20210903T071500Z"",""socialimage"":""https://s1.reutersmedia.net/resources_v2/images/rcom-default.png"",""sourcecountry"":""United States"",""title"":""South African rand pauses , with focus on U . S . jobs report"",""url"":""https://www.reuters.com/article/safrica-markets/south-african-rand-pauses-with-focus-on-u-s-jobs-report-idUSL1N2Q50F2"",""url_mobile"":""https://mobile.reuters.com/article/amp/idUSL1N2Q50F2""}]"
55221128e7245bd019c33c9e3c9efdc2f956934fda69141a66316ab2cb887552,https://www.reuters.com/article/india-stocks/indian-shares-hit-record-highs-as-reliance-industries-gains-idUSL4N2Q50LM,https://www.reuters.com/article/india-stocks/indian-shares-hit-record-highs-as-reliance-industries-gains-idUSL4N2Q50LM,Indian shares hit record highs as Reliance Industries gains,2021-09-03 07:45:00+00:00,2021-09-03 14:45:00+07:00,reuters.com,English,United States,"[""monetary_geoeconomic""]",https://s1.reutersmedia.net/resources_v2/images/rcom-default.png,2026-09-09T09:07:27.462718Z,https://mobile.reuters.com/article/amp/idUSL4N2Q50LM,20210903T074500Z,gdelt_first_seen,"[""https://www.reuters.com/article/india-stocks/indian-shares-hit-record-highs-as-reliance-industries-gains-idUSL4N2Q50LM""]",1,[],"[{""domain"":""reuters.com"",""language"":""English"",""logical_end"":""2021-09-04T00:00:00Z"",""logical_start"":""2021-09-03T00:00:00Z"",""query_category"":""monetary_geoeconomic"",""query_string"":""(\""Federal Reserve\"" OR \""interest rate\"" OR \""rate hike\"" OR inflation OR CPI) domain:reuters.com sourcelang:english"",""requested_end"":""20210904000001"",""requested_start"":""20210902235959"",""retrieved_at_utc"":""2026-09-09T09:07:27.462718Z"",""seendate"":""20210903T074500Z"",""socialimage"":""https://s1.reutersmedia.net/resources_v2/images/rcom-default.png"",""sourcecountry"":""United States"",""title"":""Indian shares hit record highs as Reliance Industries gains"",""url"":""https://www.reuters.com/article/india-stocks/indian-shares-hit-record-highs-as-reliance-industries-gains-idUSL4N2Q50LM"",""url_mobile"":""https://mobile.reuters.com/article/amp/idUSL4N2Q50LM""}]"
a957f2459679bc66cf29ca5620c6775707f51bed9f9c430396b6ebd4c56b0b34,https://www.reuters.com/business/fed-likely-announce-taper-november-former-fed-official-says-2021-09-03/,https://www.reuters.com/business/fed-likely-announce-taper-november-former-fed-official-says-2021-09-03/,"Fed likely to announce taper in November , former Fed official says",2021-09-03 07:45:00+00:00,2021-09-03 14:45:00+07:00,reuters.com,English,United States,"[""monetary_geoeconomic""]",https://www.reuters.com/resizer/WVizGpWSFANQ8zFLRhUgCA0BK3s=/1200x628/smart/filters:quality(80)/cloudfront-us-east-2.images.arcpublishing.com/reuters/ELT3AZB43JI4PPXHZH3UYC2K4A.jpg,2026-09-09T09:07:27.462718Z,,20210903T074500Z,gdelt_first_seen,"[""https://www.reuters.com/business/fed-likely-announce-taper-november-former-fed-official-says-2021-09-03/""]",1,[],"[{""domain"":""reuters.com"",""language"":""English"",""logical_end"":""2021-09-04T00:00:00Z"",""logical_start"":""2021-09-03T00:00:00Z"",""query_category"":""monetary_geoeconomic"",""query_string"":""(\""Federal Reserve\"" OR \""interest rate\"" OR \""rate hike\"" OR inflation OR CPI) domain:reuters.com sourcelang:english"",""requested_end"":""20210904000001"",""requested_start"":""20210902235959"",""retrieved_at_utc"":""2026-09-09T09:07:27.462718Z"",""seendate"":""20210903T074500Z"",""socialimage"":""https://www.reuters.com/resizer/WVizGpWSFANQ8zFLRhUgCA0BK3s=/1200x628/smart/filters:quality(80)/cloudfront-us-east-2.images.arcpublishing.com/reuters/ELT3AZB43JI4PPXHZH3UYC2K4A.jpg"",""sourcecountry"":""United States"",""title"":""Fed likely to announce taper in November , former Fed official says"",""url"":""https://www.reuters.com/business/fed-likely-announce-taper-november-former-fed-official-says-2021-09-03/"",""url_mobile"":""""}]"
49e5bb0cf18188749d72075e627f0d89afa55b9b372c25e74078b3d458c388b1,https://www.reuters.com/business/morning-bid-jobs-japan-2021-09-03/,https://www.reuters.com/business/morning-bid-jobs-japan-2021-09-03/,Marketmind : Jobs and Japan,2021-09-03 07:45:00+00:00,2021-09-03 14:45:00+07:00,reuters.com,English,United States,"[""monetary_geoeconomic""]",https://www.reuters.com/resizer/d3uAw_Yxwe-UGwLao-gOwnEc5X4=/1200x628/smart/filters:quality(80)/cloudfront-us-east-2.images.arcpublishing.com/reuters/LGX3QFYZ6VJ7XKUEZRFPSCSD7I.jpg,2026-09-09T09:07:27.462718Z,,20210903T074500Z,gdelt_first_seen,"[""https://www.reuters.com/business/morning-bid-jobs-japan-2021-09-03/""]",1,[],"[{""domain"":""reuters.com"",""language"":""English"",""logical_end"":""2021-09-04T00:00:00Z"",""logical_start"":""2021-09-03T00:00:00Z"",""query_category"":""monetary_geoeconomic"",""query_string"":""(\""Federal Reserve\"" OR \""interest rate\"" OR \""rate hike\"" OR inflation OR CPI) domain:reuters.com sourcelang:english"",""requested_end"":""20210904000001"",""requested_start"":""20210902235959"",""retrieved_at_utc"":""2026-09-09T09:07:27.462718Z"",""seendate"":""20210903T074500Z"",""socialimage"":""https://www.reuters.com/resizer/d3uAw_Yxwe-UGwLao-gOwnEc5X4=/1200x628/smart/filters:quality(80)/cloudfront-us-east-2.images.arcpublishing.com/reuters/LGX3QFYZ6VJ7XKUEZRFPSCSD7I.jpg"",""sourcecountry"":""United States"",""title"":""Marketmind : Jobs and Japan"",""url"":""https://www.reuters.com/business/morning-bid-jobs-japan-2021-09-03/"",""url_mobile"":""""}]"
9005956f60354516453ae32454d044887893dd4c92d7e9eb7c4a516207cd95fb,https://www.reuters.com/world/middle-east/turkish-inflation-rises-1925-above-policy-rate-2021-09-03/,https://www.reuters.com/world/middle-east/turkish-inflation-rises-1925-above-policy-rate-2021-09-03/,"Turkish inflation rises to 19 . 25 %, above policy rate",2021-09-03 07:45:00+00:00,2021-09-03 14:45:00+07:00,reuters.com,English,United States,"[""monetary_geoeconomic""]",https://www.reuters.com/resizer/tHMCp2yfcp4DNS4VeLP5zZdPhRU=/1200x628/smart/filters:quality(80)/cloudfront-us-east-2.images.arcpublishing.com/reuters/D52TWFEE7VKEHGJWTTOPO4XULE.jpg,2026-09-09T09:07:27.462718Z,,20210903T074500Z,gdelt_first_seen,"[""https://www.reuters.com/world/middle-east/turkish-inflation-rises-1925-above-policy-rate-2021-09-03/""]",1,[],"[{""domain"":""reuters.com"",""language"":""English"",""logical_end"":""2021-09-04T00:00:00Z"",""logical_start"":""2021-09-03T00:00:00Z"",""query_category"":""monetary_geoeconomic"",""query_string"":""(\""Federal Reserve\"" OR \""interest rate\"" OR \""rate hike\"" OR inflation OR CPI) domain:reuters.com sourcelang:english"",""requested_end"":""20210904000001"",""requested_start"":""20210902235959"",""retrieved_at_utc"":""2026-09-09T09:07:27.462718Z"",""seendate"":""20210903T074500Z"",""socialimage"":""https://www.reuters.com/resizer/tHMCp2yfcp4DNS4VeLP5zZdPhRU=/1200x628/smart/filters:quality(80)/cloudfront-us-east-2.images.arcpublishing.com/reuters/D52TWFEE7VKEHGJWTTOPO4XULE.jpg"",""sourcecountry"":""United States"",""title"":""Turkish inflation rises to 19 . 25 %, above policy rate"",""url"":""https://www.reuters.com/world/middle-east/turkish-inflation-rises-1925-above-policy-rate-2021-09-03/"",""url_mobile"":""""}]"
1d3f3e9715956f006650d59b0a7500ac93d3eabb3761ec6d602687b5eaf66e12,https://www.reuters.com/world/us/us-job-growth-seen-slowing-august-delta-variant-curbs-services-demand-2021-09-03/,https://www.reuters.com/world/us/us-job-growth-seen-slowing-august-delta-variant-curbs-services-demand-2021-09-03/,U . S . job growth seen slowing in August as Delta variant curbs services demand,2021-09-03 07:45:00+00:00,2021-09-03 14:45:00+07:00,reuters.com,English,United States,"[""monetary_geoeconomic""]",https://www.reuters.com/resizer/9vbAooUcSK_KvZLOO_Xd7fZStlo=/1200x628/smart/filters:quality(80)/cloudfront-us-east-2.images.arcpublishing.com/reuters/7GZ6FQL6LZJZDAMRC3CKZ2TOH4.jpg,2026-09-09T09:07:27.462718Z,,20210903T074500Z,gdelt_first_seen,"[""https://www.reuters.com/world/us/us-job-growth-seen-slowing-august-delta-variant-curbs-services-demand-2021-09-03/""]",1,[],"[{""domain"":""reuters.com"",""language"":""English"",""logical_end"":""2021-09-04T00:00:00Z"",""logical_start"":""2021-09-03T00:00:00Z"",""query_category"":""monetary_geoeconomic"",""query_string"":""(\""Federal Reserve\"" OR \""interest rate\"" OR \""rate hike\"" OR inflation OR CPI) domain:reuters.com sourcelang:english"",""requested_end"":""20210904000001"",""requested_start"":""20210902235959"",""retrieved_at_utc"":""2026-09-09T09:07:27.462718Z"",""seendate"":""20210903T074500Z"",""socialimage"":""https://www.reuters.com/resizer/9vbAooUcSK_KvZLOO_Xd7fZStlo=/1200x628/smart/filters:quality(80)/cloudfront-us-east-2.images.arcpublishing.com/reuters/7GZ6FQL6LZJZDAMRC3CKZ2TOH4.jpg"",""sourcecountry"":""United States"",""title"":""U . S . job growth seen slowing in August as Delta variant curbs services demand"",""url"":""https://www.reuters.com/world/us/us-job-growth-seen-slowing-august-delta-variant-curbs-services-demand-2021-09-03/"",""url_mobile"":""""}]"
6c4fe3eb5ea3ef2f36d98ea0e0bb2fe55dc190aa5ab867a7760cb3d172da79ca,https://jp.reuters.com/jp.reuters.com/news/picture/photos-of-the-week-idJPRTXGL0UE,https://jp.reuters.com/jp.reuters.com/news/picture/photos-of-the-week-idJPRTXGL0UE,Photos of the week | jp . reuters . com,2021-09-03 08:00:00+00:00,2021-09-03 15:00:00+07:00,jp.reuters.com,English,United States,"[""armed_conflict""]",https://s4.reutersmedia.net/resources/r/?m=02&d=20210902&t=2&i=1573695239&w=&fh=545&fw=810&ll=&pl=&sq=&r=2021-09-02T164412Z_41710_MRPRC2PDP9CCV2J_RTRMADP_0_SWISS-ANIMALS,2026-09-09T08:53:09.954157Z,,20210903T080000Z,gdelt_first_seen,"[""https://jp.reuters.com/jp.reuters.com/news/picture/photos-of-the-week-idJPRTXGL0UE""]",1,[],"[{""domain"":""jp.reuters.com"",""language"":""English"",""logical_end"":""2021-09-04T00:00:00Z"",""logical_start"":""2021-09-03T00:00:00Z"",""query_category"":""armed_conflict"",""query_string"":""(war OR invasion OR missile OR airstrike OR ceasefire OR military OR conflict) domain:reuters.com sourcelang:english"",""requested_end"":""20210904000001"",""requested_start"":""20210902235959"",""retrieved_at_utc"":""2026-09-09T08:53:09.954157Z"",""seendate"":""20210903T080000Z"",""socialimage"":""https://s4.reutersmedia.net/resources/r/?m=02&d=20210902&t=2&i=1573695239&w=&fh=545&fw=810&ll=&pl=&sq=&r=2021-09-02T164412Z_41710_MRPRC2PDP9CCV2J_RTRMADP_0_SWISS-ANIMALS"",""sourcecountry"":""United States"",""title"":""Photos of the week | jp . reuters . com"",""url"":""https://jp.reuters.com/jp.reuters.com/news/picture/photos-of-the-week-idJPRTXGL0UE"",""url_mobile"":""""}]"
e113991260cdcb8fda9886458b434d350fdbcae8adfda6130b49a16fb6c0bee3,https://www.reuters.com/world/india/indian-shares-hit-record-highs-reliance-industries-gains-2021-09-03/,https://www.reuters.com/world/india/indian-shares-hit-record-highs-reliance-industries-gains-2021-09-03/,Indian shares hit record highs as Reliance Industries gains,2021-09-03 08:00:00+00:00,2021-09-03 15:00:00+07:00,reuters.com,English,United States,"[""monetary_geoeconomic""]",https://www.reuters.com/resizer/y-eXy0v2Z4Pny8xyR1wZxURHvqk=/1200x628/smart/filters:quality(80)/cloudfront-us-east-2.images.arcpublishing.com/reuters/XEGW3VJX2JIFRJM7MYC7RMNWD4.jpg,2026-09-09T09:07:27.462718Z,,20210903T080000Z,gdelt_first_seen,"[""https://www.reuters.com/world/india/indian-shares-hit-record-highs-reliance-industries-gains-2021-09-03/""]",1,[],"[{""domain"":""reuters.com"",""language"":""English"",""logical_end"":""2021-09-04T00:00:00Z"",""logical_start"":""2021-09-03T00:00:00Z"",""query_category"":""monetary_geoeconomic"",""query_string"":""(\""Federal Reserve\"" OR \""interest rate\"" OR \""rate hike\"" OR inflation OR CPI) domain:reuters.com sourcelang:english"",""requested_end"":""20210904000001"",""requested_start"":""20210902235959"",""retrieved_at_utc"":""2026-09-09T09:07:27.462718Z"",""seendate"":""20210903T080000Z"",""socialimage"":""https://www.reuters.com/resizer/y-eXy0v2Z4Pny8xyR1wZxURHvqk=/1200x628/smart/filters:quality(80)/cloudfront-us-east-2.images.arcpublishing.com/reuters/XEGW3VJX2JIFRJM7MYC7RMNWD4.jpg"",""sourcecountry"":""United States"",""title"":""Indian shares hit record highs as Reliance Industries gains"",""url"":""https://www.reuters.com/world/india/indian-shares-hit-record-highs-reliance-industries-gains-2021-09-03/"",""url_mobile"":""""}]"
1c5b5e236ca24d04ba9942653338b4a9ecf37c77438a9226e24d30600b83cd37,https://www.reuters.com/world/europe/european-stocks-slip-ahead-pmi-us-jobs-data-2021-09-03/,https://www.reuters.com/world/europe/european-stocks-slip-ahead-pmi-us-jobs-data-2021-09-03/,"European stocks slip ahead of PMI , U . S . jobs data",2021-09-03 08:15:00+00:00,2021-09-03 15:15:00+07:00,reuters.com,English,United States,"[""monetary_geoeconomic""]",https://www.reuters.com/resizer/pgkkCLknm67CNcOcUlkJHBZKPpc=/1200x628/smart/filters:quality(80)/cloudfront-us-east-2.images.arcpublishing.com/reuters/DYGVPVYNOBJ2LKKJKERMH7ILQI.jpg,2026-09-09T09:07:27.462718Z,,20210903T081500Z,gdelt_first_seen,"[""https://www.reuters.com/world/europe/european-stocks-slip-ahead-pmi-us-jobs-data-2021-09-03/""]",1,[],"[{""domain"":""reuters.com"",""language"":""English"",""logical_end"":""2021-09-04T00:00:00Z"",""logical_start"":""2021-09-03T00:00:00Z"",""query_category"":""monetary_geoeconomic"",""query_string"":""(\""Federal Reserve\"" OR \""interest rate\"" OR \""rate hike\"" OR inflation OR CPI) domain:reuters.com sourcelang:english"",""requested_end"":""20210904000001"",""requested_start"":""20210902235959"",""retrieved_at_utc"":""2026-09-09T09:07:27.462718Z"",""seendate"":""20210903T081500Z"",""socialimage"":""https://www.reuters.com/resizer/pgkkCLknm67CNcOcUlkJHBZKPpc=/1200x628/smart/filters:quality(80)/cloudfront-us-east-2.images.arcpublishing.com/reuters/DYGVPVYNOBJ2LKKJKERMH7ILQI.jpg"",""sourcecountry"":""United States"",""title"":""European stocks slip ahead of PMI , U . S . jobs data"",""url"":""https://www.reuters.com/world/europe/european-stocks-slip-ahead-pmi-us-jobs-data-2021-09-03/"",""url_mobile"":""""}]"
60f04b2922cc0fa933e4374d6c21349c4f0aa2dbcd290605dbaec8cc42420a7b,https://www.reuters.com/world/asia-pacific/taliban-co-founder-baradar-lead-new-afghanistan-govt-sources-2021-09-03/,https://www.reuters.com/world/asia-pacific/taliban-co-founder-baradar-lead-new-afghanistan-govt-sources-2021-09-03/,Taliban co - founder Baradar to lead new Afghanistan govt - sources,2021-09-03 08:30:00+00:00,2021-09-03 15:30:00+07:00,reuters.com,English,United States,"[""armed_conflict""]",https://www.reuters.com/resizer/lagXtViNsjZu-oGLakVn8w_RcvI=/1200x628/smart/filters:quality(80)/cloudfront-us-east-2.images.arcpublishing.com/reuters/CKSIVAUGGJJ3FGNZW32PGPK5JI.jpg,2026-09-09T08:53:09.954157Z,,20210903T083000Z,gdelt_first_seen,"[""https://www.reuters.com/world/asia-pacific/taliban-co-founder-baradar-lead-new-afghanistan-govt-sources-2021-09-03/""]",1,[],"[{""domain"":""reuters.com"",""language"":""English"",""logical_end"":""2021-09-04T00:00:00Z"",""logical_start"":""2021-09-03T00:00:00Z"",""query_category"":""armed_conflict"",""query_string"":""(war OR invasion OR missile OR airstrike OR ceasefire OR military OR conflict) domain:reuters.com sourcelang:english"",""requested_end"":""20210904000001"",""requested_start"":""20210902235959"",""retrieved_at_utc"":""2026-09-09T08:53:09.954157Z"",""seendate"":""20210903T083000Z"",""socialimage"":""https://www.reuters.com/resizer/lagXtViNsjZu-oGLakVn8w_RcvI=/1200x628/smart/filters:quality(80)/cloudfront-us-east-2.images.arcpublishing.com/reuters/CKSIVAUGGJJ3FGNZW32PGPK5JI.jpg"",""sourcecountry"":""United States"",""title"":""Taliban co - founder Baradar to lead new Afghanistan govt - sources"",""url"":""https://www.reuters.com/world/asia-pacific/taliban-co-founder-baradar-lead-new-afghanistan-govt-sources-2021-09-03/"",""url_mobile"":""""}]"
aad37ee3f6c496476fe5ccc4058e4fc22a70197381c56952ec39178a98096a7f,https://www.reuters.com/article/australia-forex/australia-nz-dollars-amass-weekly-gains-ahead-of-u-s-payrolls-idUSL4N2Q51AR,https://www.reuters.com/article/australia-forex/australia-nz-dollars-amass-weekly-gains-ahead-of-u-s-payrolls-idUSL4N2Q51AR,"Australia , NZ dollars amass weekly gains ahead of U . S . payrolls",2021-09-03 09:00:00+00:00,2021-09-03 16:00:00+07:00,reuters.com,English,United States,"[""monetary_geoeconomic""]",https://s1.reutersmedia.net/resources_v2/images/rcom-default.png,2026-09-09T09:07:27.462718Z,https://mobile.reuters.com/article/amp/idUSL4N2Q51AR,20210903T090000Z,gdelt_first_seen,"[""https://www.reuters.com/article/australia-forex/australia-nz-dollars-amass-weekly-gains-ahead-of-u-s-payrolls-idUSL4N2Q51AR""]",1,[],"[{""domain"":""reuters.com"",""language"":""English"",""logical_end"":""2021-09-04T00:00:00Z"",""logical_start"":""2021-09-03T00:00:00Z"",""query_category"":""monetary_geoeconomic"",""query_string"":""(\""Federal Reserve\"" OR \""interest rate\"" OR \""rate hike\"" OR inflation OR CPI) domain:reuters.com sourcelang:english"",""requested_end"":""20210904000001"",""requested_start"":""20210902235959"",""retrieved_at_utc"":""2026-09-09T09:07:27.462718Z"",""seendate"":""20210903T090000Z"",""socialimage"":""https://s1.reutersmedia.net/resources_v2/images/rcom-default.png"",""sourcecountry"":""United States"",""title"":""Australia , NZ dollars amass weekly gains ahead of U . S . payrolls"",""url"":""https://www.reuters.com/article/australia-forex/australia-nz-dollars-amass-weekly-gains-ahead-of-u-s-payrolls-idUSL4N2Q51AR"",""url_mobile"":""https://mobile.reuters.com/article/amp/idUSL4N2Q51AR""}]"
8b05236a321eac96cff24a69fac9b13e402667c605741696256ad341585f3b96,https://www.reuters.com/business/global-markets-wrapup-3-2021-09-03/,https://www.reuters.com/business/global-markets-wrapup-3-2021-09-03/,Investors poised to review Fed tapering bets on payrolls data,2021-09-03 09:00:00+00:00,2021-09-03 16:00:00+07:00,reuters.com,English,United States,"[""monetary_geoeconomic""]",https://www.reuters.com/resizer/dOm6d0ohyy3YB4G9iTWhLnSKmeI=/1200x628/smart/filters:quality(80)/cloudfront-us-east-2.images.arcpublishing.com/reuters/XMSH32FC6NPENPGP36RFULFS5Q.jpg,2026-09-09T09:07:27.462718Z,,20210903T090000Z,gdelt_first_seen,"[""https://www.reuters.com/business/global-markets-wrapup-3-2021-09-03/""]",1,[],"[{""domain"":""reuters.com"",""language"":""English"",""logical_end"":""2021-09-04T00:00:00Z"",""logical_start"":""2021-09-03T00:00:00Z"",""query_category"":""monetary_geoeconomic"",""query_string"":""(\""Federal Reserve\"" OR \""interest rate\"" OR \""rate hike\"" OR inflation OR CPI) domain:reuters.com sourcelang:english"",""requested_end"":""20210904000001"",""requested_start"":""20210902235959"",""retrieved_at_utc"":""2026-09-09T09:07:27.462718Z"",""seendate"":""20210903T090000Z"",""socialimage"":""https://www.reuters.com/resizer/dOm6d0ohyy3YB4G9iTWhLnSKmeI=/1200x628/smart/filters:quality(80)/cloudfront-us-east-2.images.arcpublishing.com/reuters/XMSH32FC6NPENPGP36RFULFS5Q.jpg"",""sourcecountry"":""United States"",""title"":""Investors poised to review Fed tapering bets on payrolls data"",""url"":""https://www.reuters.com/business/global-markets-wrapup-3-2021-09-03/"",""url_mobile"":""""}]"
63156b28eb2db886f3829288c9b9c834c03e147cbe5c36995b8248c1e3dc3117,https://www.reuters.com/article/emerging-markets-idUSL1N2Q50JS,https://www.reuters.com/article/emerging-markets-idUSL1N2Q50JS,EMERGING MARKETS - Turkish lira slips as inflation jumps above interest rate,2021-09-03 09:15:00+00:00,2021-09-03 16:15:00+07:00,reuters.com,English,United States,"[""monetary_geoeconomic""]",https://s1.reutersmedia.net/resources_v2/images/rcom-default.png,2026-09-09T09:07:27.462718Z,https://mobile.reuters.com/article/amp/idUSL1N2Q50JS,20210903T091500Z,gdelt_first_seen,"[""https://www.reuters.com/article/emerging-markets-idUSL1N2Q50JS""]",1,[],"[{""domain"":""reuters.com"",""language"":""English"",""logical_end"":""2021-09-04T00:00:00Z"",""logical_start"":""2021-09-03T00:00:00Z"",""query_category"":""monetary_geoeconomic"",""query_string"":""(\""Federal Reserve\"" OR \""interest rate\"" OR \""rate hike\"" OR inflation OR CPI) domain:reuters.com sourcelang:english"",""requested_end"":""20210904000001"",""requested_start"":""20210902235959"",""retrieved_at_utc"":""2026-09-09T09:07:27.462718Z"",""seendate"":""20210903T091500Z"",""socialimage"":""https://s1.reutersmedia.net/resources_v2/images/rcom-default.png"",""sourcecountry"":""United States"",""title"":""EMERGING MARKETS - Turkish lira slips as inflation jumps above interest rate"",""url"":""https://www.reuters.com/article/emerging-markets-idUSL1N2Q50JS"",""url_mobile"":""https://mobile.reuters.com/article/amp/idUSL1N2Q50JS""}]"
67e322c79ecdfcaaf9bfa3ecec814e18449581bccebfce2695b0cbb50d3c83af,https://www.reuters.com/article/europe-stocks/corrected-european-stocks-slip-ahead-of-pmi-u-s-jobs-data-idUSL4N2Q51NS,https://www.reuters.com/article/europe-stocks/corrected-european-stocks-slip-ahead-of-pmi-u-s-jobs-data-idUSL4N2Q51NS,"CORRECTED - European stocks slip ahead of PMI , U . S . jobs data",2021-09-03 09:15:00+00:00,2021-09-03 16:15:00+07:00,reuters.com,English,United States,"[""monetary_geoeconomic""]",https://s1.reutersmedia.net/resources_v2/images/rcom-default.png,2026-09-09T09:07:27.462718Z,https://mobile.reuters.com/article/amp/idUSL4N2Q51NS,20210903T091500Z,gdelt_first_seen,"[""https://www.reuters.com/article/europe-stocks/corrected-european-stocks-slip-ahead-of-pmi-u-s-jobs-data-idUSL4N2Q51NS""]",1,[],"[{""domain"":""reuters.com"",""language"":""English"",""logical_end"":""2021-09-04T00:00:00Z"",""logical_start"":""2021-09-03T00:00:00Z"",""query_category"":""monetary_geoeconomic"",""query_string"":""(\""Federal Reserve\"" OR \""interest rate\"" OR \""rate hike\"" OR inflation OR CPI) domain:reuters.com sourcelang:english"",""requested_end"":""20210904000001"",""requested_start"":""20210902235959"",""retrieved_at_utc"":""2026-09-09T09:07:27.462718Z"",""seendate"":""20210903T091500Z"",""socialimage"":""https://s1.reutersmedia.net/resources_v2/images/rcom-default.png"",""sourcecountry"":""United States"",""title"":""CORRECTED - European stocks slip ahead of PMI , U . S . jobs data"",""url"":""https://www.reuters.com/article/europe-stocks/corrected-european-stocks-slip-ahead-of-pmi-u-s-jobs-data-idUSL4N2Q51NS"",""url_mobile"":""https://mobile.reuters.com/article/amp/idUSL4N2Q51NS""}]"
56e6c8b79c4d061190c83c1f012c95259f63ebd953089d6537f05f61da6d214a,https://www.reuters.com/article/global-forex/forex-dollar-hits-one-month-lows-before-payrolls-test-idUSL1N2Q50IC,https://www.reuters.com/article/global-forex/forex-dollar-hits-one-month-lows-before-payrolls-test-idUSL1N2Q50IC,Dollar hits one - month lows before payrolls test,2021-09-03 09:15:00+00:00,2021-09-03 16:15:00+07:00,reuters.com,English,United States,"[""monetary_geoeconomic""]",https://static.reuters.com/resources/r/?m=02&d=20210903&t=2&i=1573730716&r=LYNXMPEH82017,2026-09-09T09:07:27.462718Z,https://mobile.reuters.com/article/amp/idUSKBN2FZ02N,20210903T091500Z,gdelt_first_seen,"[""https://www.reuters.com/article/global-forex/forex-dollar-hits-one-month-lows-before-payrolls-test-idUSL1N2Q50IC""]",1,[],"[{""domain"":""reuters.com"",""language"":""English"",""logical_end"":""2021-09-04T00:00:00Z"",""logical_start"":""2021-09-03T00:00:00Z"",""query_category"":""monetary_geoeconomic"",""query_string"":""(\""Federal Reserve\"" OR \""interest rate\"" OR \""rate hike\"" OR inflation OR CPI) domain:reuters.com sourcelang:english"",""requested_end"":""20210904000001"",""requested_start"":""20210902235959"",""retrieved_at_utc"":""2026-09-09T09:07:27.462718Z"",""seendate"":""20210903T091500Z"",""socialimage"":""https://static.reuters.com/resources/r/?m=02&d=20210903&t=2&i=1573730716&r=LYNXMPEH82017"",""sourcecountry"":""United States"",""title"":""Dollar hits one - month lows before payrolls test"",""url"":""https://www.reuters.com/article/global-forex/forex-dollar-hits-one-month-lows-before-payrolls-test-idUSL1N2Q50IC"",""url_mobile"":""https://mobile.reuters.com/article/amp/idUSKBN2FZ02N""}]"
bd5eb11ac34c1506b32c524e1cf9df512456d1d65c09f54addf2e1a6c9db4663,https://www.reuters.com/article/norway-swf-ethics-idUSL8N2Q50LI,https://www.reuters.com/article/norway-swf-ethics-idUSL8N2Q50LI,"Norway wealth fund excludes India ONGC , 3 Israeli firms from portfolio",2021-09-03 09:15:00+00:00,2021-09-03 16:15:00+07:00,reuters.com,English,United States,"[""armed_conflict"",""energy_geopolitics""]",https://static.reuters.com/resources/r/?m=02&d=20210903&t=2&i=1573764635&r=LYNXMPEH820CO,2026-09-09T08:53:09.954157Z,https://mobile.reuters.com/article/amp/idUSKBN2FZ0Q6,20210903T091500Z,gdelt_first_seen,"[""https://www.reuters.com/article/norway-swf-ethics-idUSL8N2Q50LI""]",2,[],"[{""domain"":""reuters.com"",""language"":""English"",""logical_end"":""2021-09-04T00:00:00Z"",""logical_start"":""2021-09-03T00:00:00Z"",""query_category"":""armed_conflict"",""query_string"":""(war OR invasion OR missile OR airstrike OR ceasefire OR military OR conflict) domain:reuters.com sourcelang:english"",""requested_end"":""20210904000001"",""requested_start"":""20210902235959"",""retrieved_at_utc"":""2026-09-09T08:53:09.954157Z"",""seendate"":""20210903T091500Z"",""socialimage"":""https://static.reuters.com/resources/r/?m=02&d=20210903&t=2&i=1573764635&r=LYNXMPEH820CO"",""sourcecountry"":""United States"",""title"":""Norway wealth fund excludes India ONGC , 3 Israeli firms from portfolio"",""url"":""https://www.reuters.com/article/norway-swf-ethics-idUSL8N2Q50LI"",""url_mobile"":""https://mobile.reuters.com/article/amp/idUSKBN2FZ0Q6""},{""domain"":""reuters.com"",""language"":""English"",""logical_end"":""2021-09-04T00:00:00Z"",""logical_start"":""2021-09-03T00:00:00Z"",""query_category"":""energy_geopolitics"",""query_string"":""(OPEC OR \""oil embargo\"" OR \""oil supply\"" OR \""energy crisis\"" OR \""natural gas\"") domain:reuters.com sourcelang:english"",""requested_end"":""20210904000001"",""requested_start"":""20210902235959"",""retrieved_at_utc"":""2026-09-09T08:56:24.139581Z"",""seendate"":""20210903T091500Z"",""socialimage"":""https://static.reuters.com/resources/r/?m=02&d=20210903&t=2&i=1573764635&r=LYNXMPEH820CO"",""sourcecountry"":""United States"",""title"":""Norway wealth fund excludes India ONGC , 3 Israeli firms from portfolio"",""url"":""https://www.reuters.com/article/norway-swf-ethics-idUSL8N2Q50LI"",""url_mobile"":""https://mobile.reuters.com/article/amp/idUSKBN2FZ0Q6""}]"
b2f7d973222863a94ed364a9833a0288c5d88c67c35c371aa5afb7932fe9c39a,https://www.reuters.com/article/russia-novatek-yamal/novatek-french-export-credit-agencies-wont-fund-arctic-lng-2-idUSL8N2Q50Z1,https://www.reuters.com/article/russia-novatek-yamal/novatek-french-export-credit-agencies-wont-fund-arctic-lng-2-idUSL8N2Q50Z1,Novatek : French export credit agencies wont fund Arctic LNG 2,2021-09-03 09:15:00+00:00,2021-09-03 16:15:00+07:00,reuters.com,English,United States,"[""energy_geopolitics""]",https://s1.reutersmedia.net/resources_v2/images/rcom-default.png,2026-09-09T08:56:24.139581Z,https://mobile.reuters.com/article/amp/idUSKBN2FZ0NM,20210903T091500Z,gdelt_first_seen,"[""https://www.reuters.com/article/russia-novatek-yamal/novatek-french-export-credit-agencies-wont-fund-arctic-lng-2-idUSL8N2Q50Z1""]",1,[],"[{""domain"":""reuters.com"",""language"":""English"",""logical_end"":""2021-09-04T00:00:00Z"",""logical_start"":""2021-09-03T00:00:00Z"",""query_category"":""energy_geopolitics"",""query_string"":""(OPEC OR \""oil embargo\"" OR \""oil supply\"" OR \""energy crisis\"" OR \""natural gas\"") domain:reuters.com sourcelang:english"",""requested_end"":""20210904000001"",""requested_start"":""20210902235959"",""retrieved_at_utc"":""2026-09-09T08:56:24.139581Z"",""seendate"":""20210903T091500Z"",""socialimage"":""https://s1.reutersmedia.net/resources_v2/images/rcom-default.png"",""sourcecountry"":""United States"",""title"":""Novatek : French export credit agencies wont fund Arctic LNG 2"",""url"":""https://www.reuters.com/article/russia-novatek-yamal/novatek-french-export-credit-agencies-wont-fund-arctic-lng-2-idUSL8N2Q50Z1"",""url_mobile"":""https://mobile.reuters.com/article/amp/idUSKBN2FZ0NM""}]"
bb20d251176b7751db7262ff03a95c9e74089fe169d6a334e44893a222aef1ca,https://www.reuters.com/business/global-markets-wrapup-2-2021-09-03/,https://www.reuters.com/business/global-markets-wrapup-2-2021-09-03/,Japanese shares gain on Suga resignation as markets look to U . S . jobs data,2021-09-03 09:15:00+00:00,2021-09-03 16:15:00+07:00,reuters.com,English,United States,"[""monetary_geoeconomic""]",https://www.reuters.com/resizer/dOm6d0ohyy3YB4G9iTWhLnSKmeI=/1200x628/smart/filters:quality(80)/cloudfront-us-east-2.images.arcpublishing.com/reuters/XMSH32FC6NPENPGP36RFULFS5Q.jpg,2026-09-09T09:07:27.462718Z,,20210903T091500Z,gdelt_first_seen,"[""https://www.reuters.com/business/global-markets-wrapup-2-2021-09-03/""]",1,[],"[{""domain"":""reuters.com"",""language"":""English"",""logical_end"":""2021-09-04T00:00:00Z"",""logical_start"":""2021-09-03T00:00:00Z"",""query_category"":""monetary_geoeconomic"",""query_string"":""(\""Federal Reserve\"" OR \""interest rate\"" OR \""rate hike\"" OR inflation OR CPI) domain:reuters.com sourcelang:english"",""requested_end"":""20210904000001"",""requested_start"":""20210902235959"",""retrieved_at_utc"":""2026-09-09T09:07:27.462718Z"",""seendate"":""20210903T091500Z"",""socialimage"":""https://www.reuters.com/resizer/dOm6d0ohyy3YB4G9iTWhLnSKmeI=/1200x628/smart/filters:quality(80)/cloudfront-us-east-2.images.arcpublishing.com/reuters/XMSH32FC6NPENPGP36RFULFS5Q.jpg"",""sourcecountry"":""United States"",""title"":""Japanese shares gain on Suga resignation as markets look to U . S . jobs data"",""url"":""https://www.reuters.com/business/global-markets-wrapup-2-2021-09-03/"",""url_mobile"":""""}]"
807e09c9badb87d9e3e19badb5dfbb02b7b3be4b133997635142a201a83d163a,https://www.reuters.com/technology/chinas-smic-invest-887-bln-new-chip-plant-shanghai-2021-09-03/,https://www.reuters.com/technology/chinas-smic-invest-887-bln-new-chip-plant-shanghai-2021-09-03/,China SMIC to invest $8 . 87 bln for new chip plant in Shanghai,2021-09-03 09:45:00+00:00,2021-09-03 16:45:00+07:00,reuters.com,English,United States,"[""armed_conflict""]",https://www.reuters.com/resizer/72IgsWPOcb9qMUhnRUhCVvLpqfI=/1200x628/smart/filters:quality(80)/cloudfront-us-east-2.images.arcpublishing.com/reuters/X3UDJVNNQROADMDTHEED6464BI.jpg,2026-09-09T08:53:09.954157Z,,20210903T094500Z,gdelt_first_seen,"[""https://www.reuters.com/technology/chinas-smic-invest-887-bln-new-chip-plant-shanghai-2021-09-03/""]",1,[],"[{""domain"":""reuters.com"",""language"":""English"",""logical_end"":""2021-09-04T00:00:00Z"",""logical_start"":""2021-09-03T00:00:00Z"",""query_category"":""armed_conflict"",""query_string"":""(war OR invasion OR missile OR airstrike OR ceasefire OR military OR conflict) domain:reuters.com sourcelang:english"",""requested_end"":""20210904000001"",""requested_start"":""20210902235959"",""retrieved_at_utc"":""2026-09-09T08:53:09.954157Z"",""seendate"":""20210903T094500Z"",""socialimage"":""https://www.reuters.com/resizer/72IgsWPOcb9qMUhnRUhCVvLpqfI=/1200x628/smart/filters:quality(80)/cloudfront-us-east-2.images.arcpublishing.com/reuters/X3UDJVNNQROADMDTHEED6464BI.jpg"",""sourcecountry"":""United States"",""title"":""China SMIC to invest $8 . 87 bln for new chip plant in Shanghai"",""url"":""https://www.reuters.com/technology/chinas-smic-invest-887-bln-new-chip-plant-shanghai-2021-09-03/"",""url_mobile"":""""}]"
0b6bbe4c8d5ec7ef1207797bab9df0447fd8aae117d50aa008f4e2d16ca9a8b8,https://www.reuters.com/article/britain-sterling/sterling-holds-near-three-week-high-ahead-of-u-s-jobs-data-idUSL4N2Q51TM,https://www.reuters.com/article/britain-sterling/sterling-holds-near-three-week-high-ahead-of-u-s-jobs-data-idUSL4N2Q51TM,Sterling holds near three - week high ahead of U . S . jobs data,2021-09-03 10:15:00+00:00,2021-09-03 17:15:00+07:00,reuters.com,English,United States,"[""monetary_geoeconomic""]",https://static.reuters.com/resources/r/?m=02&d=20210903&t=2&i=1573760544&r=LYNXMPEH820BT,2026-09-09T09:07:27.462718Z,https://mobile.reuters.com/article/amp/idUSKBN2FZ0O2,20210903T101500Z,gdelt_first_seen,"[""https://www.reuters.com/article/britain-sterling/sterling-holds-near-three-week-high-ahead-of-u-s-jobs-data-idUSL4N2Q51TM""]",1,[],"[{""domain"":""reuters.com"",""language"":""English"",""logical_end"":""2021-09-04T00:00:00Z"",""logical_start"":""2021-09-03T00:00:00Z"",""query_category"":""monetary_geoeconomic"",""query_string"":""(\""Federal Reserve\"" OR \""interest rate\"" OR \""rate hike\"" OR inflation OR CPI) domain:reuters.com sourcelang:english"",""requested_end"":""20210904000001"",""requested_start"":""20210902235959"",""retrieved_at_utc"":""2026-09-09T09:07:27.462718Z"",""seendate"":""20210903T101500Z"",""socialimage"":""https://static.reuters.com/resources/r/?m=02&d=20210903&t=2&i=1573760544&r=LYNXMPEH820BT"",""sourcecountry"":""United States"",""title"":""Sterling holds near three - week high ahead of U . S . jobs data"",""url"":""https://www.reuters.com/article/britain-sterling/sterling-holds-near-three-week-high-ahead-of-u-s-jobs-data-idUSL4N2Q51TM"",""url_mobile"":""https://mobile.reuters.com/article/amp/idUSKBN2FZ0O2""}]"
425739473b3ad0582f5e4ab1e7128b6a386207ca9767014ae4f3928049b88cd3,https://www.reuters.com/article/eurozone-bonds/german-bund-curve-steepens-as-strong-business-surveys-come-in-idUSL8N2Q51BK,https://www.reuters.com/article/eurozone-bonds/german-bund-curve-steepens-as-strong-business-surveys-come-in-idUSL8N2Q51BK,German Bund curve steepens as strong business surveys come in,2021-09-03 10:30:00+00:00,2021-09-03 17:30:00+07:00,reuters.com,English,United States,"[""monetary_geoeconomic""]",https://s1.reutersmedia.net/resources_v2/images/rcom-default.png,2026-09-09T09:07:27.462718Z,https://mobile.reuters.com/article/amp/idUSL8N2Q51BK,20210903T103000Z,gdelt_first_seen,"[""https://www.reuters.com/article/eurozone-bonds/german-bund-curve-steepens-as-strong-business-surveys-come-in-idUSL8N2Q51BK""]",1,[],"[{""domain"":""reuters.com"",""language"":""English"",""logical_end"":""2021-09-04T00:00:00Z"",""logical_start"":""2021-09-03T00:00:00Z"",""query_category"":""monetary_geoeconomic"",""query_string"":""(\""Federal Reserve\"" OR \""interest rate\"" OR \""rate hike\"" OR inflation OR CPI) domain:reuters.com sourcelang:english"",""requested_end"":""20210904000001"",""requested_start"":""20210902235959"",""retrieved_at_utc"":""2026-09-09T09:07:27.462718Z"",""seendate"":""20210903T103000Z"",""socialimage"":""https://s1.reutersmedia.net/resources_v2/images/rcom-default.png"",""sourcecountry"":""United States"",""title"":""German Bund curve steepens as strong business surveys come in"",""url"":""https://www.reuters.com/article/eurozone-bonds/german-bund-curve-steepens-as-strong-business-surveys-come-in-idUSL8N2Q51BK"",""url_mobile"":""https://mobile.reuters.com/article/amp/idUSL8N2Q51BK""}]"
aa05e2b5e9862f5853793e7bd49e3abc8b936d72947ad7d2122cf0e1bd6f1c6b,https://www.reuters.com/world/putin-says-russia-offer-tax-breaks-spur-business-kuril-islands-2021-09-03/,https://www.reuters.com/world/putin-says-russia-offer-tax-breaks-spur-business-kuril-islands-2021-09-03/,Putin says Russia to offer tax breaks to spur business on Kuril islands,2021-09-03 10:30:00+00:00,2021-09-03 17:30:00+07:00,reuters.com,English,United States,"[""armed_conflict""]",https://www.reuters.com/resizer/rq-XkpPM-lICrP2wM6NPo9BU86w=/1200x628/smart/filters:quality(80)/cloudfront-us-east-2.images.arcpublishing.com/reuters/IZUI2CCZTFMCBCZYPRNHLHFXUA.jpg,2026-09-09T08:53:09.954157Z,,20210903T103000Z,gdelt_first_seen,"[""https://www.reuters.com/world/putin-says-russia-offer-tax-breaks-spur-business-kuril-islands-2021-09-03/""]",1,[],"[{""domain"":""reuters.com"",""language"":""English"",""logical_end"":""2021-09-04T00:00:00Z"",""logical_start"":""2021-09-03T00:00:00Z"",""query_category"":""armed_conflict"",""query_string"":""(war OR invasion OR missile OR airstrike OR ceasefire OR military OR conflict) domain:reuters.com sourcelang:english"",""requested_end"":""20210904000001"",""requested_start"":""20210902235959"",""retrieved_at_utc"":""2026-09-09T08:53:09.954157Z"",""seendate"":""20210903T103000Z"",""socialimage"":""https://www.reuters.com/resizer/rq-XkpPM-lICrP2wM6NPo9BU86w=/1200x628/smart/filters:quality(80)/cloudfront-us-east-2.images.arcpublishing.com/reuters/IZUI2CCZTFMCBCZYPRNHLHFXUA.jpg"",""sourcecountry"":""United States"",""title"":""Putin says Russia to offer tax breaks to spur business on Kuril islands"",""url"":""https://www.reuters.com/world/putin-says-russia-offer-tax-breaks-spur-business-kuril-islands-2021-09-03/"",""url_mobile"":""""}]"
30e14e0ae41659b648a0269272598d43d18d720afab0ed1926984e23359d4bba,https://www.reuters.com/article/britain-stocks/update-1-london-stocks-rise-ahead-of-services-activity-data-idUSL4N2Q51TS,https://www.reuters.com/article/britain-stocks/update-1-london-stocks-rise-ahead-of-services-activity-data-idUSL4N2Q51TS,London stocks rise ahead of services activity data,2021-09-03 10:45:00+00:00,2021-09-03 17:45:00+07:00,reuters.com,English,United States,"[""monetary_geoeconomic""]",https://static.reuters.com/resources/r/?m=02&d=20210903&t=2&i=1573756652&r=LYNXMPEH820AK,2026-09-09T09:07:27.462718Z,https://mobile.reuters.com/article/amp/idUSKBN2FZ0KL,20210903T104500Z,gdelt_first_seen,"[""https://www.reuters.com/article/britain-stocks/update-1-london-stocks-rise-ahead-of-services-activity-data-idUSL4N2Q51TS""]",1,[],"[{""domain"":""reuters.com"",""language"":""English"",""logical_end"":""2021-09-04T00:00:00Z"",""logical_start"":""2021-09-03T00:00:00Z"",""query_category"":""monetary_geoeconomic"",""query_string"":""(\""Federal Reserve\"" OR \""interest rate\"" OR \""rate hike\"" OR inflation OR CPI) domain:reuters.com sourcelang:english"",""requested_end"":""20210904000001"",""requested_start"":""20210902235959"",""retrieved_at_utc"":""2026-09-09T09:07:27.462718Z"",""seendate"":""20210903T104500Z"",""socialimage"":""https://static.reuters.com/resources/r/?m=02&d=20210903&t=2&i=1573756652&r=LYNXMPEH820AK"",""sourcecountry"":""United States"",""title"":""London stocks rise ahead of services activity data"",""url"":""https://www.reuters.com/article/britain-stocks/update-1-london-stocks-rise-ahead-of-services-activity-data-idUSL4N2Q51TS"",""url_mobile"":""https://mobile.reuters.com/article/amp/idUSKBN2FZ0KL""}]"
8cfc6da20bcdd1cd84a11b0f4d3bb175e57f4d69ff7e0631482c78c50a030e29,https://www.reuters.com/article/china-stocks-hongkong-close/hong-kong-shares-end-lower-ahead-of-key-u-s-data-idUSAZN181X00,https://www.reuters.com/article/china-stocks-hongkong-close/hong-kong-shares-end-lower-ahead-of-key-u-s-data-idUSAZN181X00,Hong Kong shares end lower ahead of key U . S . data,2021-09-03 10:45:00+00:00,2021-09-03 17:45:00+07:00,reuters.com,English,United States,"[""monetary_geoeconomic""]",https://s1.reutersmedia.net/resources_v2/images/rcom-default.png,2026-09-09T09:07:27.462718Z,https://mobile.reuters.com/article/amp/idUSAZN181X00,20210903T104500Z,gdelt_first_seen,"[""https://www.reuters.com/article/china-stocks-hongkong-close/hong-kong-shares-end-lower-ahead-of-key-u-s-data-idUSAZN181X00""]",1,[],"[{""domain"":""reuters.com"",""language"":""English"",""logical_end"":""2021-09-04T00:00:00Z"",""logical_start"":""2021-09-03T00:00:00Z"",""query_category"":""monetary_geoeconomic"",""query_string"":""(\""Federal Reserve\"" OR \""interest rate\"" OR \""rate hike\"" OR inflation OR CPI) domain:reuters.com sourcelang:english"",""requested_end"":""20210904000001"",""requested_start"":""20210902235959"",""retrieved_at_utc"":""2026-09-09T09:07:27.462718Z"",""seendate"":""20210903T104500Z"",""socialimage"":""https://s1.reutersmedia.net/resources_v2/images/rcom-default.png"",""sourcecountry"":""United States"",""title"":""Hong Kong shares end lower ahead of key U . S . data"",""url"":""https://www.reuters.com/article/china-stocks-hongkong-close/hong-kong-shares-end-lower-ahead-of-key-u-s-data-idUSAZN181X00"",""url_mobile"":""https://mobile.reuters.com/article/amp/idUSAZN181X00""}]"
de1b8b5ec0f87500798d1062308ec0de08f40f7851145b09846189af0089ac19,https://www.reuters.com/article/emerging-markets/emerging-markets-turkish-lira-slips-as-inflation-jumps-above-interest-rate-idUSL1N2Q50JS,https://www.reuters.com/article/emerging-markets/emerging-markets-turkish-lira-slips-as-inflation-jumps-above-interest-rate-idUSL1N2Q50JS,EMERGING MARKETS - Turkish lira slips as inflation jumps above interest rate,2021-09-03 10:45:00+00:00,2021-09-03 17:45:00+07:00,reuters.com,English,United States,"[""monetary_geoeconomic""]",https://s1.reutersmedia.net/resources_v2/images/rcom-default.png,2026-09-09T09:07:27.462718Z,https://mobile.reuters.com/article/amp/idUSL1N2Q50JS,20210903T104500Z,gdelt_first_seen,"[""https://www.reuters.com/article/emerging-markets/emerging-markets-turkish-lira-slips-as-inflation-jumps-above-interest-rate-idUSL1N2Q50JS""]",1,[],"[{""domain"":""reuters.com"",""language"":""English"",""logical_end"":""2021-09-04T00:00:00Z"",""logical_start"":""2021-09-03T00:00:00Z"",""query_category"":""monetary_geoeconomic"",""query_string"":""(\""Federal Reserve\"" OR \""interest rate\"" OR \""rate hike\"" OR inflation OR CPI) domain:reuters.com sourcelang:english"",""requested_end"":""20210904000001"",""requested_start"":""20210902235959"",""retrieved_at_utc"":""2026-09-09T09:07:27.462718Z"",""seendate"":""20210903T104500Z"",""socialimage"":""https://s1.reutersmedia.net/resources_v2/images/rcom-default.png"",""sourcecountry"":""United States"",""title"":""EMERGING MARKETS - Turkish lira slips as inflation jumps above interest rate"",""url"":""https://www.reuters.com/article/emerging-markets/emerging-markets-turkish-lira-slips-as-inflation-jumps-above-interest-rate-idUSL1N2Q50JS"",""url_mobile"":""https://mobile.reuters.com/article/amp/idUSL1N2Q50JS""}]"
9e2819baec3170f4e0cd8baaa1ecd0d79fc8a62730c6d6be51402331aeac5778,https://www.reuters.com/article/japan-politics-economy/factbox-key-economic-policy-stances-of-japans-next-pm-candidates-idUSL4N2Q51I6,https://www.reuters.com/article/japan-politics-economy/factbox-key-economic-policy-stances-of-japans-next-pm-candidates-idUSL4N2Q51I6,FACTBOX - Key economic policy stances of Japan next PM candidates,2021-09-03 10:45:00+00:00,2021-09-03 17:45:00+07:00,reuters.com,English,United States,"[""monetary_geoeconomic""]",https://s1.reutersmedia.net/resources_v2/images/rcom-default.png,2026-09-09T09:07:27.462718Z,https://mobile.reuters.com/article/amp/idUSL4N2Q51I6,20210903T104500Z,gdelt_first_seen,"[""https://www.reuters.com/article/japan-politics-economy/factbox-key-economic-policy-stances-of-japans-next-pm-candidates-idUSL4N2Q51I6""]",1,[],"[{""domain"":""reuters.com"",""language"":""English"",""logical_end"":""2021-09-04T00:00:00Z"",""logical_start"":""2021-09-03T00:00:00Z"",""query_category"":""monetary_geoeconomic"",""query_string"":""(\""Federal Reserve\"" OR \""interest rate\"" OR \""rate hike\"" OR inflation OR CPI) domain:reuters.com sourcelang:english"",""requested_end"":""20210904000001"",""requested_start"":""20210902235959"",""retrieved_at_utc"":""2026-09-09T09:07:27.462718Z"",""seendate"":""20210903T104500Z"",""socialimage"":""https://s1.reutersmedia.net/resources_v2/images/rcom-default.png"",""sourcecountry"":""United States"",""title"":""FACTBOX - Key economic policy stances of Japan next PM candidates"",""url"":""https://www.reuters.com/article/japan-politics-economy/factbox-key-economic-policy-stances-of-japans-next-pm-candidates-idUSL4N2Q51I6"",""url_mobile"":""https://mobile.reuters.com/article/amp/idUSL4N2Q51I6""}]"
b87244f8c7a487dc88808b42035fe3d65b9ae25a5a19f795c46f61f0c68cc572,https://www.reuters.com/article/ousivMolt/idUSKBN2FZ09H,https://www.reuters.com/article/ousivMolt/idUSKBN2FZ09H,U . S . job growth seen slowing in August as Delta variant curbs services demand,2021-09-03 10:45:00+00:00,2021-09-03 17:45:00+07:00,reuters.com,English,United States,"[""monetary_geoeconomic""]",https://static.reuters.com/resources/r/?m=02&d=20210903&t=2&i=1573741897&r=LYNXMPEH8204I,2026-09-09T09:07:27.462718Z,https://mobile.reuters.com/article/amp/idUSKBN2FZ09H,20210903T104500Z,gdelt_first_seen,"[""https://www.reuters.com/article/ousivMolt/idUSKBN2FZ09H""]",1,[],"[{""domain"":""reuters.com"",""language"":""English"",""logical_end"":""2021-09-04T00:00:00Z"",""logical_start"":""2021-09-03T00:00:00Z"",""query_category"":""monetary_geoeconomic"",""query_string"":""(\""Federal Reserve\"" OR \""interest rate\"" OR \""rate hike\"" OR inflation OR CPI) domain:reuters.com sourcelang:english"",""requested_end"":""20210904000001"",""requested_start"":""20210902235959"",""retrieved_at_utc"":""2026-09-09T09:07:27.462718Z"",""seendate"":""20210903T104500Z"",""socialimage"":""https://static.reuters.com/resources/r/?m=02&d=20210903&t=2&i=1573741897&r=LYNXMPEH8204I"",""sourcecountry"":""United States"",""title"":""U . S . job growth seen slowing in August as Delta variant curbs services demand"",""url"":""https://www.reuters.com/article/ousivMolt/idUSKBN2FZ09H"",""url_mobile"":""https://mobile.reuters.com/article/amp/idUSKBN2FZ09H""}]"
423e8693c4e579c7b1c8eb5e600519e3f20b32e9791aa199bf65cc2ea86855d0,https://www.reuters.com/article/ousivMolt/idUSKBN2FZ0VS,https://www.reuters.com/article/ousivMolt/idUSKBN2FZ0VS,"Take Five : Take it away , Christine",2021-09-03 10:45:00+00:00,2021-09-03 17:45:00+07:00,reuters.com,English,United States,"[""monetary_geoeconomic""]",https://static.reuters.com/resources/r/?m=02&d=20210903&t=2&i=1573771569&r=LYNXMPEH820FG,2026-09-09T09:07:27.462718Z,https://mobile.reuters.com/article/amp/idUSKBN2FZ0VS,20210903T104500Z,gdelt_first_seen,"[""https://www.reuters.com/article/ousivMolt/idUSKBN2FZ0VS""]",1,[],"[{""domain"":""reuters.com"",""language"":""English"",""logical_end"":""2021-09-04T00:00:00Z"",""logical_start"":""2021-09-03T00:00:00Z"",""query_category"":""monetary_geoeconomic"",""query_string"":""(\""Federal Reserve\"" OR \""interest rate\"" OR \""rate hike\"" OR inflation OR CPI) domain:reuters.com sourcelang:english"",""requested_end"":""20210904000001"",""requested_start"":""20210902235959"",""retrieved_at_utc"":""2026-09-09T09:07:27.462718Z"",""seendate"":""20210903T104500Z"",""socialimage"":""https://static.reuters.com/resources/r/?m=02&d=20210903&t=2&i=1573771569&r=LYNXMPEH820FG"",""sourcecountry"":""United States"",""title"":""Take Five : Take it away , Christine"",""url"":""https://www.reuters.com/article/ousivMolt/idUSKBN2FZ0VS"",""url_mobile"":""https://mobile.reuters.com/article/amp/idUSKBN2FZ0VS""}]"
6e80050af7d028467e0ff81c3cbaa06d027056f2febd55b07a1147fcd125ba23,https://www.reuters.com/article/topNews/idUSKBN2FY28C,https://www.reuters.com/article/topNews/idUSKBN2FY28C,Syria says Israeli air strikes target areas near Damascus,2021-09-03 10:45:00+00:00,2021-09-03 17:45:00+07:00,reuters.com,English,United States,"[""armed_conflict""]",https://s1.reutersmedia.net/resources_v2/images/rcom-default.png,2026-09-09T08:53:09.954157Z,https://mobile.reuters.com/article/amp/idUSKBN2FY25O,20210903T104500Z,gdelt_first_seen,"[""https://www.reuters.com/article/topNews/idUSKBN2FY28C""]",1,[],"[{""domain"":""reuters.com"",""language"":""English"",""logical_end"":""2021-09-04T00:00:00Z"",""logical_start"":""2021-09-03T00:00:00Z"",""query_category"":""armed_conflict"",""query_string"":""(war OR invasion OR missile OR airstrike OR ceasefire OR military OR conflict) domain:reuters.com sourcelang:english"",""requested_end"":""20210904000001"",""requested_start"":""20210902235959"",""retrieved_at_utc"":""2026-09-09T08:53:09.954157Z"",""seendate"":""20210903T104500Z"",""socialimage"":""https://s1.reutersmedia.net/resources_v2/images/rcom-default.png"",""sourcecountry"":""United States"",""title"":""Syria says Israeli air strikes target areas near Damascus"",""url"":""https://www.reuters.com/article/topNews/idUSKBN2FY28C"",""url_mobile"":""https://mobile.reuters.com/article/amp/idUSKBN2FY25O""}]"
5c2fc733be3f385d5daed6dc7d6da9a7d4653935ba22780a623de64b8774acea,https://www.reuters.com/article/topNews/idUSKBN2FZ0D5,https://www.reuters.com/article/topNews/idUSKBN2FZ0D5,Britain trucker shortage jams post - pandemic recovery,2021-09-03 10:45:00+00:00,2021-09-03 17:45:00+07:00,reuters.com,English,United States,"[""monetary_geoeconomic""]",https://static.reuters.com/resources/r/?m=02&d=20210903&t=2&i=1573746688&r=LYNXMPEH82065,2026-09-09T09:07:27.462718Z,https://mobile.reuters.com/article/amp/idUSKBN2FZ0D5,20210903T104500Z,gdelt_first_seen,"[""https://www.reuters.com/article/topNews/idUSKBN2FZ0D5""]",1,[],"[{""domain"":""reuters.com"",""language"":""English"",""logical_end"":""2021-09-04T00:00:00Z"",""logical_start"":""2021-09-03T00:00:00Z"",""query_category"":""monetary_geoeconomic"",""query_string"":""(\""Federal Reserve\"" OR \""interest rate\"" OR \""rate hike\"" OR inflation OR CPI) domain:reuters.com sourcelang:english"",""requested_end"":""20210904000001"",""requested_start"":""20210902235959"",""retrieved_at_utc"":""2026-09-09T09:07:27.462718Z"",""seendate"":""20210903T104500Z"",""socialimage"":""https://static.reuters.com/resources/r/?m=02&d=20210903&t=2&i=1573746688&r=LYNXMPEH82065"",""sourcecountry"":""United States"",""title"":""Britain trucker shortage jams post - pandemic recovery"",""url"":""https://www.reuters.com/article/topNews/idUSKBN2FZ0D5"",""url_mobile"":""https://mobile.reuters.com/article/amp/idUSKBN2FZ0D5""}]"
6bcd4a0e2aab1398e81d3d29b601a0263bfdca36529772fd057695637d304c15,https://www.reuters.com/article/topNews/idUSKBN2FZ0V7,https://www.reuters.com/article/topNews/idUSKBN2FZ0V7,"As COVID surges , more Florida school districts revolt against governor mask ban",2021-09-03 10:45:00+00:00,2021-09-03 17:45:00+07:00,reuters.com,English,United States,"[""armed_conflict""]",https://static.reuters.com/resources/r/?m=02&d=20210903&t=2&i=1573772935&r=LYNXMPEH820F3,2026-09-09T08:53:09.954157Z,https://mobile.reuters.com/article/amp/idUSKBN2FZ0V7,20210903T104500Z,gdelt_first_seen,"[""https://www.reuters.com/article/topNews/idUSKBN2FZ0V7""]",1,[],"[{""domain"":""reuters.com"",""language"":""English"",""logical_end"":""2021-09-04T00:00:00Z"",""logical_start"":""2021-09-03T00:00:00Z"",""query_category"":""armed_conflict"",""query_string"":""(war OR invasion OR missile OR airstrike OR ceasefire OR military OR conflict) domain:reuters.com sourcelang:english"",""requested_end"":""20210904000001"",""requested_start"":""20210902235959"",""retrieved_at_utc"":""2026-09-09T08:53:09.954157Z"",""seendate"":""20210903T104500Z"",""socialimage"":""https://static.reuters.com/resources/r/?m=02&d=20210903&t=2&i=1573772935&r=LYNXMPEH820F3"",""sourcecountry"":""United States"",""title"":""As COVID surges , more Florida school districts revolt against governor mask ban"",""url"":""https://www.reuters.com/article/topNews/idUSKBN2FZ0V7"",""url_mobile"":""https://mobile.reuters.com/article/amp/idUSKBN2FZ0V7""}]"
611a579d5627cd2f6d1ee0a72767ca7bccbd0120c764155f084a00cc905b330c,https://www.reuters.com/article/worldNews/idUSKBN2FZ0SX,https://www.reuters.com/article/worldNews/idUSKBN2FZ0SX,"China says climate talks with U . S . envoy Kerry were candid , in depth , pragmatic",2021-09-03 10:45:00+00:00,2021-09-03 17:45:00+07:00,reuters.com,English,United States,"[""sanctions""]",https://static.reuters.com/resources/r/?m=02&d=20210903&t=2&i=1573768065&r=LYNXMPEH820DN,2026-09-09T08:54:12.084396Z,https://mobile.reuters.com/article/amp/idUSKBN2FZ0SX,20210903T104500Z,gdelt_first_seen,"[""https://www.reuters.com/article/worldNews/idUSKBN2FZ0SX""]",1,[],"[{""domain"":""reuters.com"",""language"":""English"",""logical_end"":""2021-09-04T00:00:00Z"",""logical_start"":""2021-09-03T00:00:00Z"",""query_category"":""sanctions"",""query_string"":""(sanction OR sanctions OR embargo OR \""asset freeze\"" OR \""export restriction\"") domain:reuters.com sourcelang:english"",""requested_end"":""20210904000001"",""requested_start"":""20210902235959"",""retrieved_at_utc"":""2026-09-09T08:54:12.084396Z"",""seendate"":""20210903T104500Z"",""socialimage"":""https://static.reuters.com/resources/r/?m=02&d=20210903&t=2&i=1573768065&r=LYNXMPEH820DN"",""sourcecountry"":""United States"",""title"":""China says climate talks with U . S . envoy Kerry were  candid , in depth , pragmatic  "",""url"":""https://www.reuters.com/article/worldNews/idUSKBN2FZ0SX"",""url_mobile"":""https://mobile.reuters.com/article/amp/idUSKBN2FZ0SX""}]"
c13b7560fb280304d55bd9475b296ae90888909f4491380b5cc91f2f95566903,https://www.reuters.com/business/us-economys-hot-vax-summer-ends-cool-covid-fall-delta-rises-2021-09-03/,https://www.reuters.com/business/us-economys-hot-vax-summer-ends-cool-covid-fall-delta-rises-2021-09-03/,U . S . economy hot vax summer ends in cool COVID fall as Delta rises,2021-09-03 10:45:00+00:00,2021-09-03 17:45:00+07:00,reuters.com,English,United States,"[""monetary_geoeconomic""]",https://www.reuters.com/resizer/KE9jMg3LJhLcYtB5sL9pMp4Yi-Q=/1200x628/smart/filters:quality(80)/cloudfront-us-east-2.images.arcpublishing.com/reuters/MKOZ3S7LLFK7JMHIJGIL32JNYQ.jpg,2026-09-09T09:07:27.462718Z,,20210903T104500Z,gdelt_first_seen,"[""https://www.reuters.com/business/us-economys-hot-vax-summer-ends-cool-covid-fall-delta-rises-2021-09-03/""]",1,[],"[{""domain"":""reuters.com"",""language"":""English"",""logical_end"":""2021-09-04T00:00:00Z"",""logical_start"":""2021-09-03T00:00:00Z"",""query_category"":""monetary_geoeconomic"",""query_string"":""(\""Federal Reserve\"" OR \""interest rate\"" OR \""rate hike\"" OR inflation OR CPI) domain:reuters.com sourcelang:english"",""requested_end"":""20210904000001"",""requested_start"":""20210902235959"",""retrieved_at_utc"":""2026-09-09T09:07:27.462718Z"",""seendate"":""20210903T104500Z"",""socialimage"":""https://www.reuters.com/resizer/KE9jMg3LJhLcYtB5sL9pMp4Yi-Q=/1200x628/smart/filters:quality(80)/cloudfront-us-east-2.images.arcpublishing.com/reuters/MKOZ3S7LLFK7JMHIJGIL32JNYQ.jpg"",""sourcecountry"":""United States"",""title"":""U . S . economy hot vax summer ends in cool COVID fall as Delta rises"",""url"":""https://www.reuters.com/business/us-economys-hot-vax-summer-ends-cool-covid-fall-delta-rises-2021-09-03/"",""url_mobile"":""""}]"
36a8b99fa5f05c1fcd061f7b0c54f7fb0659d23f020671a48f36a47b4bb947c8,https://www.reuters.com/world/middle-east/lng-prices-soar-asian-buyers-compete-cargoes-2021-09-03/,https://www.reuters.com/world/middle-east/lng-prices-soar-asian-buyers-compete-cargoes-2021-09-03/,LNG prices soar as Asian buyers compete for cargoes,2021-09-03 10:45:00+00:00,2021-09-03 17:45:00+07:00,reuters.com,English,United States,"[""energy_geopolitics""]",https://www.reuters.com/resizer/EdE7WGP3hKXlZKb8ieYSUsaLUNE=/1200x628/smart/filters:quality(80)/cloudfront-us-east-2.images.arcpublishing.com/reuters/DG2PYNCIKJMUZLBQYHJBHDABQ4.jpg,2026-09-09T08:56:24.139581Z,,20210903T104500Z,gdelt_first_seen,"[""https://www.reuters.com/world/middle-east/lng-prices-soar-asian-buyers-compete-cargoes-2021-09-03/""]",1,[],"[{""domain"":""reuters.com"",""language"":""English"",""logical_end"":""2021-09-04T00:00:00Z"",""logical_start"":""2021-09-03T00:00:00Z"",""query_category"":""energy_geopolitics"",""query_string"":""(OPEC OR \""oil embargo\"" OR \""oil supply\"" OR \""energy crisis\"" OR \""natural gas\"") domain:reuters.com sourcelang:english"",""requested_end"":""20210904000001"",""requested_start"":""20210902235959"",""retrieved_at_utc"":""2026-09-09T08:56:24.139581Z"",""seendate"":""20210903T104500Z"",""socialimage"":""https://www.reuters.com/resizer/EdE7WGP3hKXlZKb8ieYSUsaLUNE=/1200x628/smart/filters:quality(80)/cloudfront-us-east-2.images.arcpublishing.com/reuters/DG2PYNCIKJMUZLBQYHJBHDABQ4.jpg"",""sourcecountry"":""United States"",""title"":""LNG prices soar as Asian buyers compete for cargoes"",""url"":""https://www.reuters.com/world/middle-east/lng-prices-soar-asian-buyers-compete-cargoes-2021-09-03/"",""url_mobile"":""""}]"
b74934aaee6ef63d9bd433021da19231d93b88e3ea27e230dca846833e1c82e1,https://www.reuters.com/world/europe/norway-set-rate-hike-economy-accelerates-statistics-agency-says-2021-09-03/,https://www.reuters.com/world/europe/norway-set-rate-hike-economy-accelerates-statistics-agency-says-2021-09-03/,"Norway set for rate hike as economy accelerates , statistics agency says",2021-09-03 11:15:00+00:00,2021-09-03 18:15:00+07:00,reuters.com,English,United States,"[""monetary_geoeconomic""]",https://www.reuters.com/resizer/0q-L5KHlZzzxcjdiKmIDd1YEavc=/1200x628/smart/filters:quality(80)/cloudfront-us-east-2.images.arcpublishing.com/reuters/7VDA2BM7BRLFXIFHHBMEOAMOOY.jpg,2026-09-09T09:07:27.462718Z,,20210903T111500Z,gdelt_first_seen,"[""https://www.reuters.com/world/europe/norway-set-rate-hike-economy-accelerates-statistics-agency-says-2021-09-03/""]",1,[],"[{""domain"":""reuters.com"",""language"":""English"",""logical_end"":""2021-09-04T00:00:00Z"",""logical_start"":""2021-09-03T00:00:00Z"",""query_category"":""monetary_geoeconomic"",""query_string"":""(\""Federal Reserve\"" OR \""interest rate\"" OR \""rate hike\"" OR inflation OR CPI) domain:reuters.com sourcelang:english"",""requested_end"":""20210904000001"",""requested_start"":""20210902235959"",""retrieved_at_utc"":""2026-09-09T09:07:27.462718Z"",""seendate"":""20210903T111500Z"",""socialimage"":""https://www.reuters.com/resizer/0q-L5KHlZzzxcjdiKmIDd1YEavc=/1200x628/smart/filters:quality(80)/cloudfront-us-east-2.images.arcpublishing.com/reuters/7VDA2BM7BRLFXIFHHBMEOAMOOY.jpg"",""sourcecountry"":""United States"",""title"":""Norway set for rate hike as economy accelerates , statistics agency says"",""url"":""https://www.reuters.com/world/europe/norway-set-rate-hike-economy-accelerates-statistics-agency-says-2021-09-03/"",""url_mobile"":""""}]"
983c77d2224618df39e8467aa0adb9fb0f04eff9fcb3b516b84f52e8c3d2e535,https://www.reuters.com/article/india-stocks/indian-shares-hit-record-highs-on-reliance-boost-u-s-jobs-data-eyed-idUSL4N2Q515E,https://www.reuters.com/article/india-stocks/indian-shares-hit-record-highs-on-reliance-boost-u-s-jobs-data-eyed-idUSL4N2Q515E,Indian shares hit record highs on Reliance boost ; U . S . jobs data eyed,2021-09-03 11:30:00+00:00,2021-09-03 18:30:00+07:00,reuters.com,English,United States,"[""monetary_geoeconomic""]",https://s1.reutersmedia.net/resources_v2/images/rcom-default.png,2026-09-09T09:07:27.462718Z,https://mobile.reuters.com/article/amp/idUSL4N2Q515E,20210903T113000Z,gdelt_first_seen,"[""https://www.reuters.com/article/india-stocks/indian-shares-hit-record-highs-on-reliance-boost-u-s-jobs-data-eyed-idUSL4N2Q515E""]",1,[],"[{""domain"":""reuters.com"",""language"":""English"",""logical_end"":""2021-09-04T00:00:00Z"",""logical_start"":""2021-09-03T00:00:00Z"",""query_category"":""monetary_geoeconomic"",""query_string"":""(\""Federal Reserve\"" OR \""interest rate\"" OR \""rate hike\"" OR inflation OR CPI) domain:reuters.com sourcelang:english"",""requested_end"":""20210904000001"",""requested_start"":""20210902235959"",""retrieved_at_utc"":""2026-09-09T09:07:27.462718Z"",""seendate"":""20210903T113000Z"",""socialimage"":""https://s1.reutersmedia.net/resources_v2/images/rcom-default.png"",""sourcecountry"":""United States"",""title"":""Indian shares hit record highs on Reliance boost ; U . S . jobs data eyed"",""url"":""https://www.reuters.com/article/india-stocks/indian-shares-hit-record-highs-on-reliance-boost-u-s-jobs-data-eyed-idUSL4N2Q515E"",""url_mobile"":""https://mobile.reuters.com/article/amp/idUSL4N2Q515E""}]"
37710768910389038aef6141992b051afef00a607e849a67ab15c5c1983ae82f,https://www.reuters.com/world/middle-east/norway-wealth-fund-excludes-indias-ongc-3-israeli-firms-portfolio-2021-09-03/,https://www.reuters.com/world/middle-east/norway-wealth-fund-excludes-indias-ongc-3-israeli-firms-portfolio-2021-09-03/,"Norway wealth fund excludes India ONGC , 3 Israeli firms from portfolio",2021-09-03 11:30:00+00:00,2021-09-03 18:30:00+07:00,reuters.com,English,United States,"[""armed_conflict"",""energy_geopolitics""]",https://www.reuters.com/resizer/uIg4PC9cUoniC_0kusZwScqgwrI=/1200x628/smart/filters:quality(80)/cloudfront-us-east-2.images.arcpublishing.com/reuters/2BSENKAHIBLCZBN673UVV7O7XI.jpg,2026-09-09T08:53:09.954157Z,,20210903T113000Z,gdelt_first_seen,"[""https://www.reuters.com/world/middle-east/norway-wealth-fund-excludes-indias-ongc-3-israeli-firms-portfolio-2021-09-03/""]",2,[],"[{""domain"":""reuters.com"",""language"":""English"",""logical_end"":""2021-09-04T00:00:00Z"",""logical_start"":""2021-09-03T00:00:00Z"",""query_category"":""armed_conflict"",""query_string"":""(war OR invasion OR missile OR airstrike OR ceasefire OR military OR conflict) domain:reuters.com sourcelang:english"",""requested_end"":""20210904000001"",""requested_start"":""20210902235959"",""retrieved_at_utc"":""2026-09-09T08:53:09.954157Z"",""seendate"":""20210903T113000Z"",""socialimage"":""https://www.reuters.com/resizer/uIg4PC9cUoniC_0kusZwScqgwrI=/1200x628/smart/filters:quality(80)/cloudfront-us-east-2.images.arcpublishing.com/reuters/2BSENKAHIBLCZBN673UVV7O7XI.jpg"",""sourcecountry"":""United States"",""title"":""Norway wealth fund excludes India ONGC , 3 Israeli firms from portfolio"",""url"":""https://www.reuters.com/world/middle-east/norway-wealth-fund-excludes-indias-ongc-3-israeli-firms-portfolio-2021-09-03/"",""url_mobile"":""""},{""domain"":""reuters.com"",""language"":""English"",""logical_end"":""2021-09-04T00:00:00Z"",""logical_start"":""2021-09-03T00:00:00Z"",""query_category"":""energy_geopolitics"",""query_string"":""(OPEC OR \""oil embargo\"" OR \""oil supply\"" OR \""energy crisis\"" OR \""natural gas\"") domain:reuters.com sourcelang:english"",""requested_end"":""20210904000001"",""requested_start"":""20210902235959"",""retrieved_at_utc"":""2026-09-09T08:56:24.139581Z"",""seendate"":""20210903T113000Z"",""socialimage"":""https://www.reuters.com/resizer/uIg4PC9cUoniC_0kusZwScqgwrI=/1200x628/smart/filters:quality(80)/cloudfront-us-east-2.images.arcpublishing.com/reuters/2BSENKAHIBLCZBN673UVV7O7XI.jpg"",""sourcecountry"":""United States"",""title"":""Norway wealth fund excludes India ONGC , 3 Israeli firms from portfolio"",""url"":""https://www.reuters.com/world/middle-east/norway-wealth-fund-excludes-indias-ongc-3-israeli-firms-portfolio-2021-09-03/"",""url_mobile"":""""}]"
42d92ead0528e7b541e3cf30fe2a23825c3332a8227f1522f1f74aa7869745be,https://www.reuters.com/article/eurozone-bonds/update-1-german-bund-curve-steepens-as-strong-business-surveys-come-in-idUSL1N2Q50ON,https://www.reuters.com/article/eurozone-bonds/update-1-german-bund-curve-steepens-as-strong-business-surveys-come-in-idUSL1N2Q50ON,UPDATE 1 - German Bund curve steepens as strong business surveys come in,2021-09-03 12:00:00+00:00,2021-09-03 19:00:00+07:00,reuters.com,English,United States,"[""monetary_geoeconomic""]",https://s1.reutersmedia.net/resources_v2/images/rcom-default.png,2026-09-09T09:07:27.462718Z,https://mobile.reuters.com/article/amp/idUSL1N2Q50ON,20210903T120000Z,gdelt_first_seen,"[""https://www.reuters.com/article/eurozone-bonds/update-1-german-bund-curve-steepens-as-strong-business-surveys-come-in-idUSL1N2Q50ON""]",1,[],"[{""domain"":""reuters.com"",""language"":""English"",""logical_end"":""2021-09-04T00:00:00Z"",""logical_start"":""2021-09-03T00:00:00Z"",""query_category"":""monetary_geoeconomic"",""query_string"":""(\""Federal Reserve\"" OR \""interest rate\"" OR \""rate hike\"" OR inflation OR CPI) domain:reuters.com sourcelang:english"",""requested_end"":""20210904000001"",""requested_start"":""20210902235959"",""retrieved_at_utc"":""2026-09-09T09:07:27.462718Z"",""seendate"":""20210903T120000Z"",""socialimage"":""https://s1.reutersmedia.net/resources_v2/images/rcom-default.png"",""sourcecountry"":""United States"",""title"":""UPDATE 1 - German Bund curve steepens as strong business surveys come in"",""url"":""https://www.reuters.com/article/eurozone-bonds/update-1-german-bund-curve-steepens-as-strong-business-surveys-come-in-idUSL1N2Q50ON"",""url_mobile"":""https://mobile.reuters.com/article/amp/idUSL1N2Q50ON""}]"
2eca95c913ee509e9cbf1c07ea351b48131e2b1dda9f0fdf67cd0cf59aec177b,https://www.reuters.com/article/eurozone-economy-pmi/update-1-supply-shortages-sap-strength-of-euro-zone-recovery-idUSL8N2Q51FO,https://www.reuters.com/article/eurozone-economy-pmi/update-1-supply-shortages-sap-strength-of-euro-zone-recovery-idUSL8N2Q51FO,Supply shortages sap strength of euro zone recovery,2021-09-03 12:00:00+00:00,2021-09-03 19:00:00+07:00,reuters.com,English,United States,"[""monetary_geoeconomic""]",https://static.reuters.com/resources/r/?m=02&d=20210903&t=2&i=1573760323&r=LYNXMPEH820BQ,2026-09-09T09:07:27.462718Z,https://mobile.reuters.com/article/amp/idUSKBN2FZ0NS,20210903T120000Z,gdelt_first_seen,"[""https://www.reuters.com/article/eurozone-economy-pmi/update-1-supply-shortages-sap-strength-of-euro-zone-recovery-idUSL8N2Q51FO""]",1,[],"[{""domain"":""reuters.com"",""language"":""English"",""logical_end"":""2021-09-04T00:00:00Z"",""logical_start"":""2021-09-03T00:00:00Z"",""query_category"":""monetary_geoeconomic"",""query_string"":""(\""Federal Reserve\"" OR \""interest rate\"" OR \""rate hike\"" OR inflation OR CPI) domain:reuters.com sourcelang:english"",""requested_end"":""20210904000001"",""requested_start"":""20210902235959"",""retrieved_at_utc"":""2026-09-09T09:07:27.462718Z"",""seendate"":""20210903T120000Z"",""socialimage"":""https://static.reuters.com/resources/r/?m=02&d=20210903&t=2&i=1573760323&r=LYNXMPEH820BQ"",""sourcecountry"":""United States"",""title"":""Supply shortages sap strength of euro zone recovery"",""url"":""https://www.reuters.com/article/eurozone-economy-pmi/update-1-supply-shortages-sap-strength-of-euro-zone-recovery-idUSL8N2Q51FO"",""url_mobile"":""https://mobile.reuters.com/article/amp/idUSKBN2FZ0NS""}]"
23b73c340ce4a5e40cf50894d256d406285c9ed28899bd2f2256f83d503bcf24,https://www.reuters.com/article/norway-swf-ethics/norway-wealth-fund-excludes-indias-ongc-3-israeli-firms-from-portfolio-idUSL8N2Q50LI,https://www.reuters.com/article/norway-swf-ethics/norway-wealth-fund-excludes-indias-ongc-3-israeli-firms-from-portfolio-idUSL8N2Q50LI,"Norway wealth fund excludes India ONGC , 3 Israeli firms from portfolio",2021-09-03 12:00:00+00:00,2021-09-03 19:00:00+07:00,reuters.com,English,United States,"[""armed_conflict"",""energy_geopolitics""]",https://static.reuters.com/resources/r/?m=02&d=20210903&t=2&i=1573765148&r=LYNXMPEH820CO,2026-09-09T08:53:09.954157Z,https://mobile.reuters.com/article/amp/idUSKBN2FZ0Q6,20210903T120000Z,gdelt_first_seen,"[""https://www.reuters.com/article/norway-swf-ethics/norway-wealth-fund-excludes-indias-ongc-3-israeli-firms-from-portfolio-idUSL8N2Q50LI""]",2,[],"[{""domain"":""reuters.com"",""language"":""English"",""logical_end"":""2021-09-04T00:00:00Z"",""logical_start"":""2021-09-03T00:00:00Z"",""query_category"":""armed_conflict"",""query_string"":""(war OR invasion OR missile OR airstrike OR ceasefire OR military OR conflict) domain:reuters.com sourcelang:english"",""requested_end"":""20210904000001"",""requested_start"":""20210902235959"",""retrieved_at_utc"":""2026-09-09T08:53:09.954157Z"",""seendate"":""20210903T120000Z"",""socialimage"":""https://static.reuters.com/resources/r/?m=02&d=20210903&t=2&i=1573765148&r=LYNXMPEH820CO"",""sourcecountry"":""United States"",""title"":""Norway wealth fund excludes India ONGC , 3 Israeli firms from portfolio"",""url"":""https://www.reuters.com/article/norway-swf-ethics/norway-wealth-fund-excludes-indias-ongc-3-israeli-firms-from-portfolio-idUSL8N2Q50LI"",""url_mobile"":""https://mobile.reuters.com/article/amp/idUSKBN2FZ0Q6""},{""domain"":""reuters.com"",""language"":""English"",""logical_end"":""2021-09-04T00:00:00Z"",""logical_start"":""2021-09-03T00:00:00Z"",""query_category"":""energy_geopolitics"",""query_string"":""(OPEC OR \""oil embargo\"" OR \""oil supply\"" OR \""energy crisis\"" OR \""natural gas\"") domain:reuters.com sourcelang:english"",""requested_end"":""20210904000001"",""requested_start"":""20210902235959"",""retrieved_at_utc"":""2026-09-09T08:56:24.139581Z"",""seendate"":""20210903T120000Z"",""socialimage"":""https://static.reuters.com/resources/r/?m=02&d=20210903&t=2&i=1573765148&r=LYNXMPEH820CO"",""sourcecountry"":""United States"",""title"":""Norway wealth fund excludes India ONGC , 3 Israeli firms from portfolio"",""url"":""https://www.reuters.com/article/norway-swf-ethics/norway-wealth-fund-excludes-indias-ongc-3-israeli-firms-from-portfolio-idUSL8N2Q50LI"",""url_mobile"":""https://mobile.reuters.com/article/amp/idUSKBN2FZ0Q6""}]"
c8fd01f51d4223b0d221f44c6bbfae3be90fa3b703f99ab27c792b1ef0b0377a,https://www.reuters.com/article/us-afghanistan-conflict-judges/hunted-by-the-men-they-jailed-afghanistans-women-judges-seek-escape-idUSKBN2FZ0YX,https://www.reuters.com/article/us-afghanistan-conflict-judges/hunted-by-the-men-they-jailed-afghanistans-women-judges-seek-escape-idUSKBN2FZ0YX,"Hunted by the men they jailed , Afghanistan women judges seek escape",2021-09-03 12:00:00+00:00,2021-09-03 19:00:00+07:00,reuters.com,English,United States,"[""armed_conflict""]",https://static.reuters.com/resources/r/?m=02&d=20210903&t=2&i=1573775085&r=LYNXMPEH820H3,2026-09-09T08:53:09.954157Z,https://mobile.reuters.com/article/amp/idUSKBN2FZ0YX,20210903T120000Z,gdelt_first_seen,"[""https://www.reuters.com/article/us-afghanistan-conflict-judges/hunted-by-the-men-they-jailed-afghanistans-women-judges-seek-escape-idUSKBN2FZ0YX""]",1,[],"[{""domain"":""reuters.com"",""language"":""English"",""logical_end"":""2021-09-04T00:00:00Z"",""logical_start"":""2021-09-03T00:00:00Z"",""query_category"":""armed_conflict"",""query_string"":""(war OR invasion OR missile OR airstrike OR ceasefire OR military OR conflict) domain:reuters.com sourcelang:english"",""requested_end"":""20210904000001"",""requested_start"":""20210902235959"",""retrieved_at_utc"":""2026-09-09T08:53:09.954157Z"",""seendate"":""20210903T120000Z"",""socialimage"":""https://static.reuters.com/resources/r/?m=02&d=20210903&t=2&i=1573775085&r=LYNXMPEH820H3"",""sourcecountry"":""United States"",""title"":""Hunted by the men they jailed , Afghanistan women judges seek escape"",""url"":""https://www.reuters.com/article/us-afghanistan-conflict-judges/hunted-by-the-men-they-jailed-afghanistans-women-judges-seek-escape-idUSKBN2FZ0YX"",""url_mobile"":""https://mobile.reuters.com/article/amp/idUSKBN2FZ0YX""}]"
a91a5f2bffbae3617f71047773140c8ac1408b574876067bb214a37089debc2a,https://www.reuters.com/article/us-health-coronavirus-astrazeneca-europe/astrazeneca-reaches-settlement-with-eu-on-covid-19-vaccine-delivery-idUSKBN2FZ0O7,https://www.reuters.com/article/us-health-coronavirus-astrazeneca-europe/astrazeneca-reaches-settlement-with-eu-on-covid-19-vaccine-delivery-idUSKBN2FZ0O7,AstraZeneca reaches settlement with EU on COVID - 19 vaccine delivery,2021-09-03 12:00:00+00:00,2021-09-03 19:00:00+07:00,reuters.com,English,United States,"[""armed_conflict""]",https://static.reuters.com/resources/r/?m=02&d=20210903&t=2&i=1573763303&r=LYNXMPEH820BV,2026-09-09T08:53:09.954157Z,https://mobile.reuters.com/article/amp/idUSKBN2FZ0O7,20210903T120000Z,gdelt_first_seen,"[""https://www.reuters.com/article/us-health-coronavirus-astrazeneca-europe/astrazeneca-reaches-settlement-with-eu-on-covid-19-vaccine-delivery-idUSKBN2FZ0O7""]",1,[],"[{""domain"":""reuters.com"",""language"":""English"",""logical_end"":""2021-09-04T00:00:00Z"",""logical_start"":""2021-09-03T00:00:00Z"",""query_category"":""armed_conflict"",""query_string"":""(war OR invasion OR missile OR airstrike OR ceasefire OR military OR conflict) domain:reuters.com sourcelang:english"",""requested_end"":""20210904000001"",""requested_start"":""20210902235959"",""retrieved_at_utc"":""2026-09-09T08:53:09.954157Z"",""seendate"":""20210903T120000Z"",""socialimage"":""https://static.reuters.com/resources/r/?m=02&d=20210903&t=2&i=1573763303&r=LYNXMPEH820BV"",""sourcecountry"":""United States"",""title"":""AstraZeneca reaches settlement with EU on COVID - 19 vaccine delivery"",""url"":""https://www.reuters.com/article/us-health-coronavirus-astrazeneca-europe/astrazeneca-reaches-settlement-with-eu-on-covid-19-vaccine-delivery-idUSKBN2FZ0O7"",""url_mobile"":""https://mobile.reuters.com/article/amp/idUSKBN2FZ0O7""}]"
fa7370f3be561acf3cad5b2da1221a8bd008ab354551cec7fe41447585eac493,https://www.reuters.com/business/take-five/global-markets-themes-takealook-2021-09-03/,https://www.reuters.com/business/take-five/global-markets-themes-takealook-2021-09-03/,"Take Five : Take it away , Christine",2021-09-03 12:00:00+00:00,2021-09-03 19:00:00+07:00,reuters.com,English,United States,"[""monetary_geoeconomic""]",https://www.reuters.com/pf/resources/images/reuters/reuters-default.png?d=50,2026-09-09T09:07:27.462718Z,,20210903T120000Z,gdelt_first_seen,"[""https://www.reuters.com/business/take-five/global-markets-themes-takealook-2021-09-03/""]",1,[],"[{""domain"":""reuters.com"",""language"":""English"",""logical_end"":""2021-09-04T00:00:00Z"",""logical_start"":""2021-09-03T00:00:00Z"",""query_category"":""monetary_geoeconomic"",""query_string"":""(\""Federal Reserve\"" OR \""interest rate\"" OR \""rate hike\"" OR inflation OR CPI) domain:reuters.com sourcelang:english"",""requested_end"":""20210904000001"",""requested_start"":""20210902235959"",""retrieved_at_utc"":""2026-09-09T09:07:27.462718Z"",""seendate"":""20210903T120000Z"",""socialimage"":""https://www.reuters.com/pf/resources/images/reuters/reuters-default.png?d=50"",""sourcecountry"":""United States"",""title"":""Take Five : Take it away , Christine"",""url"":""https://www.reuters.com/business/take-five/global-markets-themes-takealook-2021-09-03/"",""url_mobile"":""""}]"
e75dc707ab323a6467a09a3c3a59b73877fd53543f553c774a0dec05ec373670,https://www.reuters.com/world/middle-east/asia-mideast-utilities-turn-dirtier-fuel-lng-prices-bite-2021-09-03/,https://www.reuters.com/world/middle-east/asia-mideast-utilities-turn-dirtier-fuel-lng-prices-bite-2021-09-03/,"Asia , Mideast utilities turn to dirtier fuel as LNG prices bite",2021-09-03 12:00:00+00:00,2021-09-03 19:00:00+07:00,reuters.com,English,United States,"[""energy_geopolitics""]",https://www.reuters.com/resizer/6WVacywkEFPPELIQZzcgi7b82ac=/1200x628/smart/filters:quality(80)/cloudfront-us-east-2.images.arcpublishing.com/reuters/ABG4NROT25IWDFBNRP24YWUX6Y.jpg,2026-09-09T08:56:24.139581Z,,20210903T120000Z,gdelt_first_seen,"[""https://www.reuters.com/world/middle-east/asia-mideast-utilities-turn-dirtier-fuel-lng-prices-bite-2021-09-03/""]",1,[],"[{""domain"":""reuters.com"",""language"":""English"",""logical_end"":""2021-09-04T00:00:00Z"",""logical_start"":""2021-09-03T00:00:00Z"",""query_category"":""energy_geopolitics"",""query_string"":""(OPEC OR \""oil embargo\"" OR \""oil supply\"" OR \""energy crisis\"" OR \""natural gas\"") domain:reuters.com sourcelang:english"",""requested_end"":""20210904000001"",""requested_start"":""20210902235959"",""retrieved_at_utc"":""2026-09-09T08:56:24.139581Z"",""seendate"":""20210903T120000Z"",""socialimage"":""https://www.reuters.com/resizer/6WVacywkEFPPELIQZzcgi7b82ac=/1200x628/smart/filters:quality(80)/cloudfront-us-east-2.images.arcpublishing.com/reuters/ABG4NROT25IWDFBNRP24YWUX6Y.jpg"",""sourcecountry"":""United States"",""title"":""Asia , Mideast utilities turn to dirtier fuel as LNG prices bite"",""url"":""https://www.reuters.com/world/middle-east/asia-mideast-utilities-turn-dirtier-fuel-lng-prices-bite-2021-09-03/"",""url_mobile"":""""}]"
df4a9608fa4883456db4188d9585dd85c09940304c58b6e3ab3049178867a025,https://www.reuters.com/world/nato-calls-russia-be-transparent-with-military-exercises-2021-09-03/,https://www.reuters.com/world/nato-calls-russia-be-transparent-with-military-exercises-2021-09-03/,NATO calls on Russia to be transparent with military exercises,2021-09-03 12:00:00+00:00,2021-09-03 19:00:00+07:00,reuters.com,English,United States,"[""armed_conflict"",""sanctions""]",https://www.reuters.com/resizer/FBVNbU8bjU9UkEDKPP2jQwB9hZs=/1200x628/smart/filters:quality(80)/cloudfront-us-east-2.images.arcpublishing.com/reuters/S3VNH5FOCJLOBA2OHZFZ37CUBU.jpg,2026-09-09T08:53:09.954157Z,,20210903T120000Z,gdelt_first_seen,"[""https://www.reuters.com/world/nato-calls-russia-be-transparent-with-military-exercises-2021-09-03/""]",2,[],"[{""domain"":""reuters.com"",""language"":""English"",""logical_end"":""2021-09-04T00:00:00Z"",""logical_start"":""2021-09-03T00:00:00Z"",""query_category"":""armed_conflict"",""query_string"":""(war OR invasion OR missile OR airstrike OR ceasefire OR military OR conflict) domain:reuters.com sourcelang:english"",""requested_end"":""20210904000001"",""requested_start"":""20210902235959"",""retrieved_at_utc"":""2026-09-09T08:53:09.954157Z"",""seendate"":""20210903T120000Z"",""socialimage"":""https://www.reuters.com/resizer/FBVNbU8bjU9UkEDKPP2jQwB9hZs=/1200x628/smart/filters:quality(80)/cloudfront-us-east-2.images.arcpublishing.com/reuters/S3VNH5FOCJLOBA2OHZFZ37CUBU.jpg"",""sourcecountry"":""United States"",""title"":""NATO calls on Russia to be transparent with military exercises"",""url"":""https://www.reuters.com/world/nato-calls-russia-be-transparent-with-military-exercises-2021-09-03/"",""url_mobile"":""""},{""domain"":""reuters.com"",""language"":""English"",""logical_end"":""2021-09-04T00:00:00Z"",""logical_start"":""2021-09-03T00:00:00Z"",""query_category"":""sanctions"",""query_string"":""(sanction OR sanctions OR embargo OR \""asset freeze\"" OR \""export restriction\"") domain:reuters.com sourcelang:english"",""requested_end"":""20210904000001"",""requested_start"":""20210902235959"",""retrieved_at_utc"":""2026-09-09T08:54:12.084396Z"",""seendate"":""20210903T120000Z"",""socialimage"":""https://www.reuters.com/resizer/FBVNbU8bjU9UkEDKPP2jQwB9hZs=/1200x628/smart/filters:quality(80)/cloudfront-us-east-2.images.arcpublishing.com/reuters/S3VNH5FOCJLOBA2OHZFZ37CUBU.jpg"",""sourcecountry"":""United States"",""title"":""NATO calls on Russia to be transparent with military exercises"",""url"":""https://www.reuters.com/world/nato-calls-russia-be-transparent-with-military-exercises-2021-09-03/"",""url_mobile"":""""}]"
4b571ef9dc6b96b57bc1cd69b5715d382af50d6b3331a632c341b18224d2c47e,https://www.reuters.com/world/us/covid-surges-more-florida-school-districts-revolt-against-governors-mask-ban-2021-09-03/,https://www.reuters.com/world/us/covid-surges-more-florida-school-districts-revolt-against-governors-mask-ban-2021-09-03/,"As COVID surges , more Florida school districts revolt against governor mask ban",2021-09-03 12:00:00+00:00,2021-09-03 19:00:00+07:00,reuters.com,English,United States,"[""armed_conflict""]",https://www.reuters.com/resizer/8qWD9HJ5GEQ7Fz-XfcGBvRSBnc8=/1200x628/smart/filters:quality(80)/cloudfront-us-east-2.images.arcpublishing.com/reuters/F64POHTFNFJ7VGDGMGPNNP5RLY.jpg,2026-09-09T08:53:09.954157Z,,20210903T120000Z,gdelt_first_seen,"[""https://www.reuters.com/world/us/covid-surges-more-florida-school-districts-revolt-against-governors-mask-ban-2021-09-03/""]",1,[],"[{""domain"":""reuters.com"",""language"":""English"",""logical_end"":""2021-09-04T00:00:00Z"",""logical_start"":""2021-09-03T00:00:00Z"",""query_category"":""armed_conflict"",""query_string"":""(war OR invasion OR missile OR airstrike OR ceasefire OR military OR conflict) domain:reuters.com sourcelang:english"",""requested_end"":""20210904000001"",""requested_start"":""20210902235959"",""retrieved_at_utc"":""2026-09-09T08:53:09.954157Z"",""seendate"":""20210903T120000Z"",""socialimage"":""https://www.reuters.com/resizer/8qWD9HJ5GEQ7Fz-XfcGBvRSBnc8=/1200x628/smart/filters:quality(80)/cloudfront-us-east-2.images.arcpublishing.com/reuters/F64POHTFNFJ7VGDGMGPNNP5RLY.jpg"",""sourcecountry"":""United States"",""title"":""As COVID surges , more Florida school districts revolt against governor mask ban"",""url"":""https://www.reuters.com/world/us/covid-surges-more-florida-school-districts-revolt-against-governors-mask-ban-2021-09-03/"",""url_mobile"":""""}]"
7bacd8001f43d7b82e23d212bfbb76bfe64689ef6080ab9a4d0b11a5920f3f5b,https://www.reuters.com/article/global-markets-themes/take-five-take-it-away-christine-idUSKBN2FZ0VS,https://www.reuters.com/article/global-markets-themes/take-five-take-it-away-christine-idUSKBN2FZ0VS,"Take Five : Take it away , Christine",2021-09-03 12:15:00+00:00,2021-09-03 19:15:00+07:00,reuters.com,English,United States,"[""monetary_geoeconomic""]",https://static.reuters.com/resources/r/?m=02&d=20210903&t=2&i=1573771569&r=LYNXMPEH820FG,2026-09-09T09:07:27.462718Z,https://mobile.reuters.com/article/amp/idUSKBN2FZ0VS,20210903T121500Z,gdelt_first_seen,"[""https://www.reuters.com/article/global-markets-themes/take-five-take-it-away-christine-idUSKBN2FZ0VS""]",1,[],"[{""domain"":""reuters.com"",""language"":""English"",""logical_end"":""2021-09-04T00:00:00Z"",""logical_start"":""2021-09-03T00:00:00Z"",""query_category"":""monetary_geoeconomic"",""query_string"":""(\""Federal Reserve\"" OR \""interest rate\"" OR \""rate hike\"" OR inflation OR CPI) domain:reuters.com sourcelang:english"",""requested_end"":""20210904000001"",""requested_start"":""20210902235959"",""retrieved_at_utc"":""2026-09-09T09:07:27.462718Z"",""seendate"":""20210903T121500Z"",""socialimage"":""https://static.reuters.com/resources/r/?m=02&d=20210903&t=2&i=1573771569&r=LYNXMPEH820FG"",""sourcecountry"":""United States"",""title"":""Take Five : Take it away , Christine"",""url"":""https://www.reuters.com/article/global-markets-themes/take-five-take-it-away-christine-idUSKBN2FZ0VS"",""url_mobile"":""https://mobile.reuters.com/article/amp/idUSKBN2FZ0VS""}]"
a46167539b3bd3bc920ffb66ef0598c1cdd0eeb56805268816b157c67d6329f0,https://www.reuters.com/business/futures-circle-record-highs-eyes-jobs-report-taper-cues-2021-09-03/,https://www.reuters.com/business/futures-circle-record-highs-eyes-jobs-report-taper-cues-2021-09-03/,"Futures circle record highs , eyes on jobs report for taper cues",2021-09-03 12:15:00+00:00,2021-09-03 19:15:00+07:00,reuters.com,English,United States,"[""monetary_geoeconomic""]",https://www.reuters.com/resizer/bJEM0HeZoZbmgYIyLZrGN4zgi3U=/1200x628/smart/filters:quality(80)/cloudfront-us-east-2.images.arcpublishing.com/reuters/MINBEWVX65M5DPX7TJLAC77CWE.jpg,2026-09-09T09:07:27.462718Z,,20210903T121500Z,gdelt_first_seen,"[""https://www.reuters.com/business/futures-circle-record-highs-eyes-jobs-report-taper-cues-2021-09-03/""]",1,[],"[{""domain"":""reuters.com"",""language"":""English"",""logical_end"":""2021-09-04T00:00:00Z"",""logical_start"":""2021-09-03T00:00:00Z"",""query_category"":""monetary_geoeconomic"",""query_string"":""(\""Federal Reserve\"" OR \""interest rate\"" OR \""rate hike\"" OR inflation OR CPI) domain:reuters.com sourcelang:english"",""requested_end"":""20210904000001"",""requested_start"":""20210902235959"",""retrieved_at_utc"":""2026-09-09T09:07:27.462718Z"",""seendate"":""20210903T121500Z"",""socialimage"":""https://www.reuters.com/resizer/bJEM0HeZoZbmgYIyLZrGN4zgi3U=/1200x628/smart/filters:quality(80)/cloudfront-us-east-2.images.arcpublishing.com/reuters/MINBEWVX65M5DPX7TJLAC77CWE.jpg"",""sourcecountry"":""United States"",""title"":""Futures circle record highs , eyes on jobs report for taper cues"",""url"":""https://www.reuters.com/business/futures-circle-record-highs-eyes-jobs-report-taper-cues-2021-09-03/"",""url_mobile"":""""}]"
a9007224a031fe7ce99caea607eea5058086550bf73b5710ecc1b11e5c9f6fb2,https://www.reuters.com/business/energy/novatek-french-export-credit-agencies-wont-fund-arctic-lng-2-2021-09-03/,https://www.reuters.com/business/energy/novatek-french-export-credit-agencies-wont-fund-arctic-lng-2-2021-09-03/,"Novatek says Japan , China may boost Arctic LNG 2 funding as EU cools",2021-09-03 12:30:00+00:00,2021-09-03 19:30:00+07:00,reuters.com,English,United States,"[""energy_geopolitics""]",https://www.reuters.com/pf/resources/images/reuters/reuters-default.png?d=50,2026-09-09T08:56:24.139581Z,,20210903T123000Z,gdelt_first_seen,"[""https://www.reuters.com/business/energy/novatek-french-export-credit-agencies-wont-fund-arctic-lng-2-2021-09-03/""]",1,[],"[{""domain"":""reuters.com"",""language"":""English"",""logical_end"":""2021-09-04T00:00:00Z"",""logical_start"":""2021-09-03T00:00:00Z"",""query_category"":""energy_geopolitics"",""query_string"":""(OPEC OR \""oil embargo\"" OR \""oil supply\"" OR \""energy crisis\"" OR \""natural gas\"") domain:reuters.com sourcelang:english"",""requested_end"":""20210904000001"",""requested_start"":""20210902235959"",""retrieved_at_utc"":""2026-09-09T08:56:24.139581Z"",""seendate"":""20210903T123000Z"",""socialimage"":""https://www.reuters.com/pf/resources/images/reuters/reuters-default.png?d=50"",""sourcecountry"":""United States"",""title"":""Novatek says Japan , China may boost Arctic LNG 2 funding as EU cools"",""url"":""https://www.reuters.com/business/energy/novatek-french-export-credit-agencies-wont-fund-arctic-lng-2-2021-09-03/"",""url_mobile"":""""}]"
bdfb41ff4c005cef7a509f22bad714cc5c2e5baaee6ff5193abe40c32e098852,https://www.reuters.com/world/europe/euro-zone-business-activity-strong-aug-supply-issues-weighed-pmi-2021-09-03/,https://www.reuters.com/world/europe/euro-zone-business-activity-strong-aug-supply-issues-weighed-pmi-2021-09-03/,Supply shortages sap strength of euro zone recovery,2021-09-03 12:45:00+00:00,2021-09-03 19:45:00+07:00,reuters.com,English,United States,"[""monetary_geoeconomic""]",https://www.reuters.com/resizer/oNVuHR-NiDNMlc4Nzz1CDyrNMpo=/1200x628/smart/filters:quality(80)/cloudfront-us-east-2.images.arcpublishing.com/reuters/3KFAS6HGIRODRCURIZ75OXHWLQ.jpg,2026-09-09T09:07:27.462718Z,,20210903T124500Z,gdelt_first_seen,"[""https://www.reuters.com/world/europe/euro-zone-business-activity-strong-aug-supply-issues-weighed-pmi-2021-09-03/""]",1,[],"[{""domain"":""reuters.com"",""language"":""English"",""logical_end"":""2021-09-04T00:00:00Z"",""logical_start"":""2021-09-03T00:00:00Z"",""query_category"":""monetary_geoeconomic"",""query_string"":""(\""Federal Reserve\"" OR \""interest rate\"" OR \""rate hike\"" OR inflation OR CPI) domain:reuters.com sourcelang:english"",""requested_end"":""20210904000001"",""requested_start"":""20210902235959"",""retrieved_at_utc"":""2026-09-09T09:07:27.462718Z"",""seendate"":""20210903T124500Z"",""socialimage"":""https://www.reuters.com/resizer/oNVuHR-NiDNMlc4Nzz1CDyrNMpo=/1200x628/smart/filters:quality(80)/cloudfront-us-east-2.images.arcpublishing.com/reuters/3KFAS6HGIRODRCURIZ75OXHWLQ.jpg"",""sourcecountry"":""United States"",""title"":""Supply shortages sap strength of euro zone recovery"",""url"":""https://www.reuters.com/world/europe/euro-zone-business-activity-strong-aug-supply-issues-weighed-pmi-2021-09-03/"",""url_mobile"":""""}]"
450ec7da3b7df49fbd744601304cb1c3408adb77b7765b5db752dd7966a1bae5,https://www.reuters.com/article/global-markets-flows/graphic-global-equity-funds-see-biggest-inflow-in-10-weeks-lipper-idUSL4N2Q52KV,https://www.reuters.com/article/global-markets-flows/graphic-global-equity-funds-see-biggest-inflow-in-10-weeks-lipper-idUSL4N2Q52KV,Global equity funds see biggest inflow in 10 weeks - Lipper,2021-09-03 13:00:00+00:00,2021-09-03 20:00:00+07:00,reuters.com,English,United States,"[""monetary_geoeconomic""]",https://static.reuters.com/resources/r/?m=02&d=20210903&t=2&i=1573781406&r=LYNXMPEH820IL,2026-09-09T09:07:27.462718Z,https://mobile.reuters.com/article/amp/idUSKBN2FZ11Q,20210903T130000Z,gdelt_first_seen,"[""https://www.reuters.com/article/global-markets-flows/graphic-global-equity-funds-see-biggest-inflow-in-10-weeks-lipper-idUSL4N2Q52KV""]",1,[],"[{""domain"":""reuters.com"",""language"":""English"",""logical_end"":""2021-09-04T00:00:00Z"",""logical_start"":""2021-09-03T00:00:00Z"",""query_category"":""monetary_geoeconomic"",""query_string"":""(\""Federal Reserve\"" OR \""interest rate\"" OR \""rate hike\"" OR inflation OR CPI) domain:reuters.com sourcelang:english"",""requested_end"":""20210904000001"",""requested_start"":""20210902235959"",""retrieved_at_utc"":""2026-09-09T09:07:27.462718Z"",""seendate"":""20210903T130000Z"",""socialimage"":""https://static.reuters.com/resources/r/?m=02&d=20210903&t=2&i=1573781406&r=LYNXMPEH820IL"",""sourcecountry"":""United States"",""title"":""Global equity funds see biggest inflow in 10 weeks - Lipper"",""url"":""https://www.reuters.com/article/global-markets-flows/graphic-global-equity-funds-see-biggest-inflow-in-10-weeks-lipper-idUSL4N2Q52KV"",""url_mobile"":""https://mobile.reuters.com/article/amp/idUSKBN2FZ11Q""}]"
2589c1bbf4a411dd81ace448010b7b8e794c87224a5b597f1012cde4f618bf93,https://www.reuters.com/world/asia-pacific/hunted-by-men-they-jailed-afghanistans-women-judges-seek-escape-2021-09-03/,https://www.reuters.com/world/asia-pacific/hunted-by-men-they-jailed-afghanistans-women-judges-seek-escape-2021-09-03/,"Hunted by the men they jailed , Afghanistan women judges seek escape",2021-09-03 13:00:00+00:00,2021-09-03 20:00:00+07:00,reuters.com,English,United States,"[""armed_conflict""]",https://www.reuters.com/resizer/uKpkC__dV9N63wBp1kUVPs1g-_k=/1200x628/smart/filters:quality(80)/cloudfront-us-east-2.images.arcpublishing.com/reuters/C3L3FNXTJ5LWNNSD5AJQOJDZ4I.jpg,2026-09-09T08:53:09.954157Z,,20210903T130000Z,gdelt_first_seen,"[""https://www.reuters.com/world/asia-pacific/hunted-by-men-they-jailed-afghanistans-women-judges-seek-escape-2021-09-03/""]",1,[],"[{""domain"":""reuters.com"",""language"":""English"",""logical_end"":""2021-09-04T00:00:00Z"",""logical_start"":""2021-09-03T00:00:00Z"",""query_category"":""armed_conflict"",""query_string"":""(war OR invasion OR missile OR airstrike OR ceasefire OR military OR conflict) domain:reuters.com sourcelang:english"",""requested_end"":""20210904000001"",""requested_start"":""20210902235959"",""retrieved_at_utc"":""2026-09-09T08:53:09.954157Z"",""seendate"":""20210903T130000Z"",""socialimage"":""https://www.reuters.com/resizer/uKpkC__dV9N63wBp1kUVPs1g-_k=/1200x628/smart/filters:quality(80)/cloudfront-us-east-2.images.arcpublishing.com/reuters/C3L3FNXTJ5LWNNSD5AJQOJDZ4I.jpg"",""sourcecountry"":""United States"",""title"":""Hunted by the men they jailed , Afghanistan women judges seek escape"",""url"":""https://www.reuters.com/world/asia-pacific/hunted-by-men-they-jailed-afghanistans-women-judges-seek-escape-2021-09-03/"",""url_mobile"":""""}]"
af8193a9ebb9bc4e27ce04236c3e4fdaf0fe7dc7ca9c9a324b51e9de6f4f27b7,https://www.reuters.com/article/global-precious/precious-subdued-dollar-lifts-gold-spotlight-on-u-s-jobs-data-idUSL4N2Q529T,https://www.reuters.com/article/global-precious/precious-subdued-dollar-lifts-gold-spotlight-on-u-s-jobs-data-idUSL4N2Q529T,PRECIOUS - Subdued dollar lifts gold with spotlight on U . S . jobs,2021-09-03 13:15:00+00:00,2021-09-03 20:15:00+07:00,reuters.com,English,United States,"[""monetary_geoeconomic""]",https://s1.reutersmedia.net/resources_v2/images/rcom-default.png,2026-09-09T09:07:27.462718Z,https://mobile.reuters.com/article/amp/idUSL4N2Q529T,20210903T131500Z,gdelt_first_seen,"[""https://www.reuters.com/article/global-precious/precious-subdued-dollar-lifts-gold-spotlight-on-u-s-jobs-data-idUSL4N2Q529T""]",1,[],"[{""domain"":""reuters.com"",""language"":""English"",""logical_end"":""2021-09-04T00:00:00Z"",""logical_start"":""2021-09-03T00:00:00Z"",""query_category"":""monetary_geoeconomic"",""query_string"":""(\""Federal Reserve\"" OR \""interest rate\"" OR \""rate hike\"" OR inflation OR CPI) domain:reuters.com sourcelang:english"",""requested_end"":""20210904000001"",""requested_start"":""20210902235959"",""retrieved_at_utc"":""2026-09-09T09:07:27.462718Z"",""seendate"":""20210903T131500Z"",""socialimage"":""https://s1.reutersmedia.net/resources_v2/images/rcom-default.png"",""sourcecountry"":""United States"",""title"":""PRECIOUS - Subdued dollar lifts gold with spotlight on U . S . jobs"",""url"":""https://www.reuters.com/article/global-precious/precious-subdued-dollar-lifts-gold-spotlight-on-u-s-jobs-data-idUSL4N2Q529T"",""url_mobile"":""https://mobile.reuters.com/article/amp/idUSL4N2Q529T""}]"
14c922a2df13daa7ba4353180a94e7cb687cd4d2f9a21fe5fd91e61f83a79573,https://www.reuters.com/world/asia-pacific/afghan-taliban-victory-brings-new-challenge-governing-country-crisis-2021-09-03/,https://www.reuters.com/world/asia-pacific/afghan-taliban-victory-brings-new-challenge-governing-country-crisis-2021-09-03/,Analysis : Afghan Taliban victory brings new challenge : governing a country in crisis,2021-09-03 13:30:00+00:00,2021-09-03 20:30:00+07:00,reuters.com,English,United States,"[""armed_conflict""]",https://www.reuters.com/resizer/90BA0dQy_F0LNbVkzar5u2_Bp4Q=/1200x628/smart/filters:quality(80)/cloudfront-us-east-2.images.arcpublishing.com/reuters/AKKF7VDJ5ZLQFJ4TB3XXEXD5BQ.jpg,2026-09-09T08:53:09.954157Z,,20210903T133000Z,gdelt_first_seen,"[""https://www.reuters.com/world/asia-pacific/afghan-taliban-victory-brings-new-challenge-governing-country-crisis-2021-09-03/""]",1,[],"[{""domain"":""reuters.com"",""language"":""English"",""logical_end"":""2021-09-04T00:00:00Z"",""logical_start"":""2021-09-03T00:00:00Z"",""query_category"":""armed_conflict"",""query_string"":""(war OR invasion OR missile OR airstrike OR ceasefire OR military OR conflict) domain:reuters.com sourcelang:english"",""requested_end"":""20210904000001"",""requested_start"":""20210902235959"",""retrieved_at_utc"":""2026-09-09T08:53:09.954157Z"",""seendate"":""20210903T133000Z"",""socialimage"":""https://www.reuters.com/resizer/90BA0dQy_F0LNbVkzar5u2_Bp4Q=/1200x628/smart/filters:quality(80)/cloudfront-us-east-2.images.arcpublishing.com/reuters/AKKF7VDJ5ZLQFJ4TB3XXEXD5BQ.jpg"",""sourcecountry"":""United States"",""title"":""Analysis : Afghan Taliban victory brings new challenge : governing a country in crisis"",""url"":""https://www.reuters.com/world/asia-pacific/afghan-taliban-victory-brings-new-challenge-governing-country-crisis-2021-09-03/"",""url_mobile"":""""}]"
824b812adb606fa6e209fe6b028d013243ed6e1da96b87b3a8f05f404f2a26db,https://www.reuters.com/article/romania-energy-offshore/black-sea-oil-gas-project-a-litmus-test-for-romanian-offshore-gas-investment-idUSL8N2Q528I,https://www.reuters.com/article/romania-energy-offshore/black-sea-oil-gas-project-a-litmus-test-for-romanian-offshore-gas-investment-idUSL8N2Q528I,Black Sea Oil & Gas project a litmus test for Romanian offshore gas investment,2021-09-03 13:45:00+00:00,2021-09-03 20:45:00+07:00,reuters.com,English,United States,"[""energy_geopolitics""]",https://s1.reutersmedia.net/resources_v2/images/rcom-default.png,2026-09-09T08:56:24.139581Z,https://mobile.reuters.com/article/amp/idUSKBN2FZ15R,20210903T134500Z,gdelt_first_seen,"[""https://www.reuters.com/article/romania-energy-offshore/black-sea-oil-gas-project-a-litmus-test-for-romanian-offshore-gas-investment-idUSL8N2Q528I""]",1,[],"[{""domain"":""reuters.com"",""language"":""English"",""logical_end"":""2021-09-04T00:00:00Z"",""logical_start"":""2021-09-03T00:00:00Z"",""query_category"":""energy_geopolitics"",""query_string"":""(OPEC OR \""oil embargo\"" OR \""oil supply\"" OR \""energy crisis\"" OR \""natural gas\"") domain:reuters.com sourcelang:english"",""requested_end"":""20210904000001"",""requested_start"":""20210902235959"",""retrieved_at_utc"":""2026-09-09T08:56:24.139581Z"",""seendate"":""20210903T134500Z"",""socialimage"":""https://s1.reutersmedia.net/resources_v2/images/rcom-default.png"",""sourcecountry"":""United States"",""title"":""Black Sea Oil & Gas project a litmus test for Romanian offshore gas investment"",""url"":""https://www.reuters.com/article/romania-energy-offshore/black-sea-oil-gas-project-a-litmus-test-for-romanian-offshore-gas-investment-idUSL8N2Q528I"",""url_mobile"":""https://mobile.reuters.com/article/amp/idUSKBN2FZ15R""}]"
5938817055b72ba641fd2266bc8e008aaafb3120b0aacabf4df0c2c8f988aa36,https://www.reuters.com/article/romania-energy-offshore-idUSL8N2Q528I,https://www.reuters.com/article/romania-energy-offshore-idUSL8N2Q528I,Black Sea Oil & Gas project a litmus test for Romanian offshore gas investment,2021-09-03 14:00:00+00:00,2021-09-03 21:00:00+07:00,reuters.com,English,United States,"[""energy_geopolitics""]",https://s1.reutersmedia.net/resources_v2/images/rcom-default.png,2026-09-09T08:56:24.139581Z,https://mobile.reuters.com/article/amp/idUSKBN2FZ15R,20210903T140000Z,gdelt_first_seen,"[""https://www.reuters.com/article/romania-energy-offshore-idUSL8N2Q528I""]",1,[],"[{""domain"":""reuters.com"",""language"":""English"",""logical_end"":""2021-09-04T00:00:00Z"",""logical_start"":""2021-09-03T00:00:00Z"",""query_category"":""energy_geopolitics"",""query_string"":""(OPEC OR \""oil embargo\"" OR \""oil supply\"" OR \""energy crisis\"" OR \""natural gas\"") domain:reuters.com sourcelang:english"",""requested_end"":""20210904000001"",""requested_start"":""20210902235959"",""retrieved_at_utc"":""2026-09-09T08:56:24.139581Z"",""seendate"":""20210903T140000Z"",""socialimage"":""https://s1.reutersmedia.net/resources_v2/images/rcom-default.png"",""sourcecountry"":""United States"",""title"":""Black Sea Oil & Gas project a litmus test for Romanian offshore gas investment"",""url"":""https://www.reuters.com/article/romania-energy-offshore-idUSL8N2Q528I"",""url_mobile"":""https://mobile.reuters.com/article/amp/idUSKBN2FZ15R""}]"
52a6a8909cabf7b628f4c6babadcddc10e3b730471425c77b33db4ab194a48f4,https://www.reuters.com/article/usa-economy/u-s-job-growth-slows-sharply-in-august-unemployment-rate-falls-to-5-2-idUSKBN2FZ09H,https://www.reuters.com/article/usa-economy/u-s-job-growth-slows-sharply-in-august-unemployment-rate-falls-to-5-2-idUSKBN2FZ09H,U . S . job growth slows sharply in August ; unemployment rate falls to 5 . 2 %,2021-09-03 14:15:00+00:00,2021-09-03 21:15:00+07:00,reuters.com,English,United States,"[""monetary_geoeconomic""]",https://static.reuters.com/resources/r/?m=02&d=20210903&t=2&i=1573784279&r=LYNXMPEH8204I,2026-09-09T09:07:27.462718Z,https://mobile.reuters.com/article/amp/idUSKBN2FZ09H,20210903T141500Z,gdelt_first_seen,"[""https://www.reuters.com/article/usa-economy/u-s-job-growth-slows-sharply-in-august-unemployment-rate-falls-to-5-2-idUSKBN2FZ09H""]",1,[],"[{""domain"":""reuters.com"",""language"":""English"",""logical_end"":""2021-09-04T00:00:00Z"",""logical_start"":""2021-09-03T00:00:00Z"",""query_category"":""monetary_geoeconomic"",""query_string"":""(\""Federal Reserve\"" OR \""interest rate\"" OR \""rate hike\"" OR inflation OR CPI) domain:reuters.com sourcelang:english"",""requested_end"":""20210904000001"",""requested_start"":""20210902235959"",""retrieved_at_utc"":""2026-09-09T09:07:27.462718Z"",""seendate"":""20210903T141500Z"",""socialimage"":""https://static.reuters.com/resources/r/?m=02&d=20210903&t=2&i=1573784279&r=LYNXMPEH8204I"",""sourcecountry"":""United States"",""title"":""U . S . job growth slows sharply in August ; unemployment rate falls to 5 . 2 % "",""url"":""https://www.reuters.com/article/usa-economy/u-s-job-growth-slows-sharply-in-august-unemployment-rate-falls-to-5-2-idUSKBN2FZ09H"",""url_mobile"":""https://mobile.reuters.com/article/amp/idUSKBN2FZ09H""}]"
84a6a9978f99f894e9477e8060c6a1cdd4a35ac9a375db166dba834ca1cf2a8c,https://www.reuters.com/world/africa/worst-tripoli-fighting-year-shows-limits-libya-peace-push-2021-09-03/,https://www.reuters.com/world/africa/worst-tripoli-fighting-year-shows-limits-libya-peace-push-2021-09-03/,Worst Tripoli fighting in a year shows limits of Libya peace push,2021-09-03 14:15:00+00:00,2021-09-03 21:15:00+07:00,reuters.com,English,United States,"[""armed_conflict""]",https://www.reuters.com/resizer/nXb9OSm43lbVzWvwSCZf6sKNy7M=/1200x628/smart/filters:quality(80)/cloudfront-us-east-2.images.arcpublishing.com/reuters/MVFHFIVUCVOHJAFXXA3UW2NABI.jpg,2026-09-09T08:53:09.954157Z,,20210903T141500Z,gdelt_first_seen,"[""https://www.reuters.com/world/africa/worst-tripoli-fighting-year-shows-limits-libya-peace-push-2021-09-03/""]",1,[],"[{""domain"":""reuters.com"",""language"":""English"",""logical_end"":""2021-09-04T00:00:00Z"",""logical_start"":""2021-09-03T00:00:00Z"",""query_category"":""armed_conflict"",""query_string"":""(war OR invasion OR missile OR airstrike OR ceasefire OR military OR conflict) domain:reuters.com sourcelang:english"",""requested_end"":""20210904000001"",""requested_start"":""20210902235959"",""retrieved_at_utc"":""2026-09-09T08:53:09.954157Z"",""seendate"":""20210903T141500Z"",""socialimage"":""https://www.reuters.com/resizer/nXb9OSm43lbVzWvwSCZf6sKNy7M=/1200x628/smart/filters:quality(80)/cloudfront-us-east-2.images.arcpublishing.com/reuters/MVFHFIVUCVOHJAFXXA3UW2NABI.jpg"",""sourcecountry"":""United States"",""title"":""Worst Tripoli fighting in a year shows limits of Libya peace push"",""url"":""https://www.reuters.com/world/africa/worst-tripoli-fighting-year-shows-limits-libya-peace-push-2021-09-03/"",""url_mobile"":""""}]"
1a2b3724d374ba01d2822c438ecb9fbb3f25213efcc53098ce7668df30171a0e,https://www.reuters.com/article/idUSKBN2FZ09H,https://www.reuters.com/article/idUSKBN2FZ09H,Soaring COVID - 19 infections restrain U . S . job gains in August,2021-09-03 15:00:00+00:00,2021-09-03 22:00:00+07:00,reuters.com,English,United States,"[""monetary_geoeconomic""]",https://static.reuters.com/resources/r/?m=02&d=20210903&t=2&i=1573784279&r=LYNXMPEH8204I,2026-09-09T09:07:27.462718Z,https://mobile.reuters.com/article/amp/idUSKBN2FZ09H,20210903T150000Z,gdelt_first_seen,"[""https://www.reuters.com/article/idUSKBN2FZ09H""]",1,[],"[{""domain"":""reuters.com"",""language"":""English"",""logical_end"":""2021-09-04T00:00:00Z"",""logical_start"":""2021-09-03T00:00:00Z"",""query_category"":""monetary_geoeconomic"",""query_string"":""(\""Federal Reserve\"" OR \""interest rate\"" OR \""rate hike\"" OR inflation OR CPI) domain:reuters.com sourcelang:english"",""requested_end"":""20210904000001"",""requested_start"":""20210902235959"",""retrieved_at_utc"":""2026-09-09T09:07:27.462718Z"",""seendate"":""20210903T150000Z"",""socialimage"":""https://static.reuters.com/resources/r/?m=02&d=20210903&t=2&i=1573784279&r=LYNXMPEH8204I"",""sourcecountry"":""United States"",""title"":""Soaring COVID - 19 infections restrain U . S . job gains in August"",""url"":""https://www.reuters.com/article/idUSKBN2FZ09H"",""url_mobile"":""https://mobile.reuters.com/article/amp/idUSKBN2FZ09H""}]"
acdcd55d00aa5f1b012271291b2f1e56809bf300a52b7b163e9541f514f9f663,https://www.reuters.com/article/ousivMolt/idUSKBN2FZ11Q,https://www.reuters.com/article/ousivMolt/idUSKBN2FZ11Q,Global equity funds see biggest inflow in 10 weeks - Lipper,2021-09-03 15:00:00+00:00,2021-09-03 22:00:00+07:00,reuters.com,English,United States,"[""monetary_geoeconomic""]",https://static.reuters.com/resources/r/?m=02&d=20210903&t=2&i=1573781406&r=LYNXMPEH820IL,2026-09-09T09:07:27.462718Z,https://mobile.reuters.com/article/amp/idUSKBN2FZ11Q,20210903T150000Z,gdelt_first_seen,"[""https://www.reuters.com/article/ousivMolt/idUSKBN2FZ11Q""]",1,[],"[{""domain"":""reuters.com"",""language"":""English"",""logical_end"":""2021-09-04T00:00:00Z"",""logical_start"":""2021-09-03T00:00:00Z"",""query_category"":""monetary_geoeconomic"",""query_string"":""(\""Federal Reserve\"" OR \""interest rate\"" OR \""rate hike\"" OR inflation OR CPI) domain:reuters.com sourcelang:english"",""requested_end"":""20210904000001"",""requested_start"":""20210902235959"",""retrieved_at_utc"":""2026-09-09T09:07:27.462718Z"",""seendate"":""20210903T150000Z"",""socialimage"":""https://static.reuters.com/resources/r/?m=02&d=20210903&t=2&i=1573781406&r=LYNXMPEH820IL"",""sourcecountry"":""United States"",""title"":""Global equity funds see biggest inflow in 10 weeks - Lipper"",""url"":""https://www.reuters.com/article/ousivMolt/idUSKBN2FZ11Q"",""url_mobile"":""https://mobile.reuters.com/article/amp/idUSKBN2FZ11Q""}]"
81660876184f05543860330b646d454d749fc24cb17cdaf38f8e3f8070e538b7,https://www.reuters.com/article/worldNews/idUSKBN2FY28C,https://www.reuters.com/article/worldNews/idUSKBN2FY28C,Syria says Israeli air strikes target areas near Damascus,2021-09-03 15:00:00+00:00,2021-09-03 22:00:00+07:00,reuters.com,English,United States,"[""armed_conflict""]",https://s1.reutersmedia.net/resources_v2/images/rcom-default.png,2026-09-09T08:53:09.954157Z,https://mobile.reuters.com/article/amp/idUSKBN2FY25O,20210903T150000Z,gdelt_first_seen,"[""https://www.reuters.com/article/worldNews/idUSKBN2FY28C""]",1,[],"[{""domain"":""reuters.com"",""language"":""English"",""logical_end"":""2021-09-04T00:00:00Z"",""logical_start"":""2021-09-03T00:00:00Z"",""query_category"":""armed_conflict"",""query_string"":""(war OR invasion OR missile OR airstrike OR ceasefire OR military OR conflict) domain:reuters.com sourcelang:english"",""requested_end"":""20210904000001"",""requested_start"":""20210902235959"",""retrieved_at_utc"":""2026-09-09T08:53:09.954157Z"",""seendate"":""20210903T150000Z"",""socialimage"":""https://s1.reutersmedia.net/resources_v2/images/rcom-default.png"",""sourcecountry"":""United States"",""title"":""Syria says Israeli air strikes target areas near Damascus"",""url"":""https://www.reuters.com/article/worldNews/idUSKBN2FY28C"",""url_mobile"":""https://mobile.reuters.com/article/amp/idUSKBN2FY25O""}]"
9a58b02108839d74b88af1aa298462879c06366d79c15996d8723f7ec322c8f7,https://www.reuters.com/article/worldNews/idUSKBN2FZ0YX,https://www.reuters.com/article/worldNews/idUSKBN2FZ0YX,"Hunted by the men they jailed , Afghanistan women judges seek escape",2021-09-03 15:00:00+00:00,2021-09-03 22:00:00+07:00,reuters.com,English,United States,"[""armed_conflict""]",https://static.reuters.com/resources/r/?m=02&d=20210903&t=2&i=1573781769&r=LYNXMPEH820H3,2026-09-09T08:53:09.954157Z,https://mobile.reuters.com/article/amp/idUSKBN2FZ0YX,20210903T150000Z,gdelt_first_seen,"[""https://www.reuters.com/article/worldNews/idUSKBN2FZ0YX""]",1,[],"[{""domain"":""reuters.com"",""language"":""English"",""logical_end"":""2021-09-04T00:00:00Z"",""logical_start"":""2021-09-03T00:00:00Z"",""query_category"":""armed_conflict"",""query_string"":""(war OR invasion OR missile OR airstrike OR ceasefire OR military OR conflict) domain:reuters.com sourcelang:english"",""requested_end"":""20210904000001"",""requested_start"":""20210902235959"",""retrieved_at_utc"":""2026-09-09T08:53:09.954157Z"",""seendate"":""20210903T150000Z"",""socialimage"":""https://static.reuters.com/resources/r/?m=02&d=20210903&t=2&i=1573781769&r=LYNXMPEH820H3"",""sourcecountry"":""United States"",""title"":""Hunted by the men they jailed , Afghanistan women judges seek escape"",""url"":""https://www.reuters.com/article/worldNews/idUSKBN2FZ0YX"",""url_mobile"":""https://mobile.reuters.com/article/amp/idUSKBN2FZ0YX""}]"
915e45a63922f43f0eb4483432e9bd437295e133b664963debfe9246314eff6c,https://www.reuters.com/article/japan-politics-contenders/factbox-potential-candidates-to-become-japans-next-prime-minister-idUSL4N2Q5159,https://www.reuters.com/article/japan-politics-contenders/factbox-potential-candidates-to-become-japans-next-prime-minister-idUSL4N2Q5159,FACTBOX - Potential candidates to become Japan next prime minister,2021-09-03 15:30:00+00:00,2021-09-03 22:30:00+07:00,reuters.com,English,United States,"[""armed_conflict"",""monetary_geoeconomic""]",https://s1.reutersmedia.net/resources_v2/images/rcom-default.png,2026-09-09T08:53:09.954157Z,https://mobile.reuters.com/article/amp/idUSL4N2Q5159,20210903T153000Z,gdelt_first_seen,"[""https://www.reuters.com/article/japan-politics-contenders/factbox-potential-candidates-to-become-japans-next-prime-minister-idUSL4N2Q5159""]",2,[],"[{""domain"":""reuters.com"",""language"":""English"",""logical_end"":""2021-09-04T00:00:00Z"",""logical_start"":""2021-09-03T00:00:00Z"",""query_category"":""armed_conflict"",""query_string"":""(war OR invasion OR missile OR airstrike OR ceasefire OR military OR conflict) domain:reuters.com sourcelang:english"",""requested_end"":""20210904000001"",""requested_start"":""20210902235959"",""retrieved_at_utc"":""2026-09-09T08:53:09.954157Z"",""seendate"":""20210903T153000Z"",""socialimage"":""https://s1.reutersmedia.net/resources_v2/images/rcom-default.png"",""sourcecountry"":""United States"",""title"":""FACTBOX - Potential candidates to become Japan next prime minister"",""url"":""https://www.reuters.com/article/japan-politics-contenders/factbox-potential-candidates-to-become-japans-next-prime-minister-idUSL4N2Q5159"",""url_mobile"":""https://mobile.reuters.com/article/amp/idUSL4N2Q5159""},{""domain"":""reuters.com"",""language"":""English"",""logical_end"":""2021-09-04T00:00:00Z"",""logical_start"":""2021-09-03T00:00:00Z"",""query_category"":""monetary_geoeconomic"",""query_string"":""(\""Federal Reserve\"" OR \""interest rate\"" OR \""rate hike\"" OR inflation OR CPI) domain:reuters.com sourcelang:english"",""requested_end"":""20210904000001"",""requested_start"":""20210902235959"",""retrieved_at_utc"":""2026-09-09T09:07:27.462718Z"",""seendate"":""20210903T153000Z"",""socialimage"":""https://s1.reutersmedia.net/resources_v2/images/rcom-default.png"",""sourcecountry"":""United States"",""title"":""FACTBOX - Potential candidates to become Japan next prime minister"",""url"":""https://www.reuters.com/article/japan-politics-contenders/factbox-potential-candidates-to-become-japans-next-prime-minister-idUSL4N2Q5159"",""url_mobile"":""https://mobile.reuters.com/article/amp/idUSL4N2Q5159""}]"
b60b42524b701f1219a931d4be843f0aa4c6b027ef93d98f7169b65cc071e7a8,https://www.reuters.com/world/lebanese-ministers-make-highest-level-visit-syria-years-2021-09-03/,https://www.reuters.com/world/lebanese-ministers-make-highest-level-visit-syria-years-2021-09-03/,Lebanese ministers to make highest level visit to Syria in years,2021-09-03 15:30:00+00:00,2021-09-03 22:30:00+07:00,reuters.com,English,United States,"[""armed_conflict"",""energy_geopolitics"",""sanctions""]",https://www.reuters.com/resizer/plcSjOrCOlch14uTC72KI2UWgxU=/1200x628/smart/filters:quality(80)/cloudfront-us-east-2.images.arcpublishing.com/reuters/ZPMZQWJSDNJ2ZESEXS7ZEZKVS4.jpg,2026-09-09T08:53:09.954157Z,,20210903T153000Z,gdelt_first_seen,"[""https://www.reuters.com/world/lebanese-ministers-make-highest-level-visit-syria-years-2021-09-03/""]",3,[],"[{""domain"":""reuters.com"",""language"":""English"",""logical_end"":""2021-09-04T00:00:00Z"",""logical_start"":""2021-09-03T00:00:00Z"",""query_category"":""armed_conflict"",""query_string"":""(war OR invasion OR missile OR airstrike OR ceasefire OR military OR conflict) domain:reuters.com sourcelang:english"",""requested_end"":""20210904000001"",""requested_start"":""20210902235959"",""retrieved_at_utc"":""2026-09-09T08:53:09.954157Z"",""seendate"":""20210903T153000Z"",""socialimage"":""https://www.reuters.com/resizer/plcSjOrCOlch14uTC72KI2UWgxU=/1200x628/smart/filters:quality(80)/cloudfront-us-east-2.images.arcpublishing.com/reuters/ZPMZQWJSDNJ2ZESEXS7ZEZKVS4.jpg"",""sourcecountry"":""United States"",""title"":""Lebanese ministers to make highest level visit to Syria in years"",""url"":""https://www.reuters.com/world/lebanese-ministers-make-highest-level-visit-syria-years-2021-09-03/"",""url_mobile"":""""},{""domain"":""reuters.com"",""language"":""English"",""logical_end"":""2021-09-04T00:00:00Z"",""logical_start"":""2021-09-03T00:00:00Z"",""query_category"":""energy_geopolitics"",""query_string"":""(OPEC OR \""oil embargo\"" OR \""oil supply\"" OR \""energy crisis\"" OR \""natural gas\"") domain:reuters.com sourcelang:english"",""requested_end"":""20210904000001"",""requested_start"":""20210902235959"",""retrieved_at_utc"":""2026-09-09T08:56:24.139581Z"",""seendate"":""20210903T153000Z"",""socialimage"":""https://www.reuters.com/resizer/plcSjOrCOlch14uTC72KI2UWgxU=/1200x628/smart/filters:quality(80)/cloudfront-us-east-2.images.arcpublishing.com/reuters/ZPMZQWJSDNJ2ZESEXS7ZEZKVS4.jpg"",""sourcecountry"":""United States"",""title"":""Lebanese ministers to make highest level visit to Syria in years"",""url"":""https://www.reuters.com/world/lebanese-ministers-make-highest-level-visit-syria-years-2021-09-03/"",""url_mobile"":""""},{""domain"":""reuters.com"",""language"":""English"",""logical_end"":""2021-09-04T00:00:00Z"",""logical_start"":""2021-09-03T00:00:00Z"",""query_category"":""sanctions"",""query_string"":""(sanction OR sanctions OR embargo OR \""asset freeze\"" OR \""export restriction\"") domain:reuters.com sourcelang:english"",""requested_end"":""20210904000001"",""requested_start"":""20210902235959"",""retrieved_at_utc"":""2026-09-09T08:54:12.084396Z"",""seendate"":""20210903T153000Z"",""socialimage"":""https://www.reuters.com/resizer/plcSjOrCOlch14uTC72KI2UWgxU=/1200x628/smart/filters:quality(80)/cloudfront-us-east-2.images.arcpublishing.com/reuters/ZPMZQWJSDNJ2ZESEXS7ZEZKVS4.jpg"",""sourcecountry"":""United States"",""title"":""Lebanese ministers to make highest level visit to Syria in years"",""url"":""https://www.reuters.com/world/lebanese-ministers-make-highest-level-visit-syria-years-2021-09-03/"",""url_mobile"":""""}]"
a4b6b8e5479a2a9c2a2802519c9eecfffc5720d5f6e07e493cd0f9bc1992bc8d,https://www.reuters.com/world/us/us-job-growth-slows-sharply-august-unemployment-rate-falls-52-2021-09-03/,https://www.reuters.com/world/us/us-job-growth-slows-sharply-august-unemployment-rate-falls-52-2021-09-03/,Soaring COVID - 19 infections restrain U . S . job gains in August,2021-09-03 15:45:00+00:00,2021-09-03 22:45:00+07:00,reuters.com,English,United States,"[""monetary_geoeconomic""]",https://www.reuters.com/resizer/9vbAooUcSK_KvZLOO_Xd7fZStlo=/1200x628/smart/filters:quality(80)/cloudfront-us-east-2.images.arcpublishing.com/reuters/7GZ6FQL6LZJZDAMRC3CKZ2TOH4.jpg,2026-09-09T09:07:27.462718Z,,20210903T154500Z,gdelt_first_seen,"[""https://www.reuters.com/world/us/us-job-growth-slows-sharply-august-unemployment-rate-falls-52-2021-09-03/""]",1,[],"[{""domain"":""reuters.com"",""language"":""English"",""logical_end"":""2021-09-04T00:00:00Z"",""logical_start"":""2021-09-03T00:00:00Z"",""query_category"":""monetary_geoeconomic"",""query_string"":""(\""Federal Reserve\"" OR \""interest rate\"" OR \""rate hike\"" OR inflation OR CPI) domain:reuters.com sourcelang:english"",""requested_end"":""20210904000001"",""requested_start"":""20210902235959"",""retrieved_at_utc"":""2026-09-09T09:07:27.462718Z"",""seendate"":""20210903T154500Z"",""socialimage"":""https://www.reuters.com/resizer/9vbAooUcSK_KvZLOO_Xd7fZStlo=/1200x628/smart/filters:quality(80)/cloudfront-us-east-2.images.arcpublishing.com/reuters/7GZ6FQL6LZJZDAMRC3CKZ2TOH4.jpg"",""sourcecountry"":""United States"",""title"":""Soaring COVID - 19 infections restrain U . S . job gains in August"",""url"":""https://www.reuters.com/world/us/us-job-growth-slows-sharply-august-unemployment-rate-falls-52-2021-09-03/"",""url_mobile"":""""}]"
3557234336d834005aa76f628d423e11f64abe7202b0b78552ae8312a7fdbd47,https://www.reuters.com/article/global-forex/corrected-forex-dollar-weakens-after-u-s-payrolls-miss-idUSL1N2Q516U,https://www.reuters.com/article/global-forex/corrected-forex-dollar-weakens-after-u-s-payrolls-miss-idUSL1N2Q516U,Dollar weakens after U . S . payrolls miss,2021-09-03 16:00:00+00:00,2021-09-03 23:00:00+07:00,reuters.com,English,United States,"[""monetary_geoeconomic""]",https://static.reuters.com/resources/r/?m=02&d=20210903&t=2&i=1573730716&r=LYNXMPEH82017,2026-09-09T09:07:27.462718Z,https://mobile.reuters.com/article/amp/idUSKBN2FZ02N,20210903T160000Z,gdelt_first_seen,"[""https://www.reuters.com/article/global-forex/corrected-forex-dollar-weakens-after-u-s-payrolls-miss-idUSL1N2Q516U""]",1,[],"[{""domain"":""reuters.com"",""language"":""English"",""logical_end"":""2021-09-04T00:00:00Z"",""logical_start"":""2021-09-03T00:00:00Z"",""query_category"":""monetary_geoeconomic"",""query_string"":""(\""Federal Reserve\"" OR \""interest rate\"" OR \""rate hike\"" OR inflation OR CPI) domain:reuters.com sourcelang:english"",""requested_end"":""20210904000001"",""requested_start"":""20210902235959"",""retrieved_at_utc"":""2026-09-09T09:07:27.462718Z"",""seendate"":""20210903T160000Z"",""socialimage"":""https://static.reuters.com/resources/r/?m=02&d=20210903&t=2&i=1573730716&r=LYNXMPEH82017"",""sourcecountry"":""United States"",""title"":""Dollar weakens after U . S . payrolls miss"",""url"":""https://www.reuters.com/article/global-forex/corrected-forex-dollar-weakens-after-u-s-payrolls-miss-idUSL1N2Q516U"",""url_mobile"":""https://mobile.reuters.com/article/amp/idUSKBN2FZ02N""}]"
eb5a3865b92ab71e4de135ed1b8b5ad23f82529ada28e49961c18e64fe6490ca,https://www.reuters.com/article/global-precious/precious-gold-climbs-as-u-s-jobs-miss-clouds-fed-taper-timeline-idUSL4N2Q529T,https://www.reuters.com/article/global-precious/precious-gold-climbs-as-u-s-jobs-miss-clouds-fed-taper-timeline-idUSL4N2Q529T,PRECIOUS - Gold climbs as U . S . jobs miss clouds Fed taper timeline,2021-09-03 16:00:00+00:00,2021-09-03 23:00:00+07:00,reuters.com,English,United States,"[""monetary_geoeconomic""]",https://s1.reutersmedia.net/resources_v2/images/rcom-default.png,2026-09-09T09:07:27.462718Z,https://mobile.reuters.com/article/amp/idUSL4N2Q529T,20210903T160000Z,gdelt_first_seen,"[""https://www.reuters.com/article/global-precious/precious-gold-climbs-as-u-s-jobs-miss-clouds-fed-taper-timeline-idUSL4N2Q529T""]",1,[],"[{""domain"":""reuters.com"",""language"":""English"",""logical_end"":""2021-09-04T00:00:00Z"",""logical_start"":""2021-09-03T00:00:00Z"",""query_category"":""monetary_geoeconomic"",""query_string"":""(\""Federal Reserve\"" OR \""interest rate\"" OR \""rate hike\"" OR inflation OR CPI) domain:reuters.com sourcelang:english"",""requested_end"":""20210904000001"",""requested_start"":""20210902235959"",""retrieved_at_utc"":""2026-09-09T09:07:27.462718Z"",""seendate"":""20210903T160000Z"",""socialimage"":""https://s1.reutersmedia.net/resources_v2/images/rcom-default.png"",""sourcecountry"":""United States"",""title"":""PRECIOUS - Gold climbs as U . S . jobs miss clouds Fed taper timeline"",""url"":""https://www.reuters.com/article/global-precious/precious-gold-climbs-as-u-s-jobs-miss-clouds-fed-taper-timeline-idUSL4N2Q529T"",""url_mobile"":""https://mobile.reuters.com/article/amp/idUSL4N2Q529T""}]"
c036d10a1d8c9fe4e473f3986fcb6431426cfe5574bffd354204515d749d05bf,https://www.reuters.com/world/europe/eu-defence-force-should-not-stretch-natos-resources-stoltenberg-says-2021-09-03/,https://www.reuters.com/world/europe/eu-defence-force-should-not-stretch-natos-resources-stoltenberg-says-2021-09-03/,"EU defence force should not stretch NATO resources , Stoltenberg says",2021-09-03 16:00:00+00:00,2021-09-03 23:00:00+07:00,reuters.com,English,United States,"[""armed_conflict""]",https://www.reuters.com/resizer/C5rvaWAhkFlksTP1jjaZzPDt44c=/1200x628/smart/filters:quality(80)/cloudfront-us-east-2.images.arcpublishing.com/reuters/4IOAUCGUMFN5LI2BPZNABK3TA4.jpg,2026-09-09T08:53:09.954157Z,,20210903T160000Z,gdelt_first_seen,"[""https://www.reuters.com/world/europe/eu-defence-force-should-not-stretch-natos-resources-stoltenberg-says-2021-09-03/""]",1,[],"[{""domain"":""reuters.com"",""language"":""English"",""logical_end"":""2021-09-04T00:00:00Z"",""logical_start"":""2021-09-03T00:00:00Z"",""query_category"":""armed_conflict"",""query_string"":""(war OR invasion OR missile OR airstrike OR ceasefire OR military OR conflict) domain:reuters.com sourcelang:english"",""requested_end"":""20210904000001"",""requested_start"":""20210902235959"",""retrieved_at_utc"":""2026-09-09T08:53:09.954157Z"",""seendate"":""20210903T160000Z"",""socialimage"":""https://www.reuters.com/resizer/C5rvaWAhkFlksTP1jjaZzPDt44c=/1200x628/smart/filters:quality(80)/cloudfront-us-east-2.images.arcpublishing.com/reuters/4IOAUCGUMFN5LI2BPZNABK3TA4.jpg"",""sourcecountry"":""United States"",""title"":""EU defence force should not stretch NATO resources , Stoltenberg says"",""url"":""https://www.reuters.com/world/europe/eu-defence-force-should-not-stretch-natos-resources-stoltenberg-says-2021-09-03/"",""url_mobile"":""""}]"
499047f439b57d7917ef54ed7e34a8f0f474732ff0e55783c52ef54551e1589b,https://www.reuters.com/article/safrica-markets/update-1-south-african-rand-pauses-with-focus-on-u-s-jobs-report-idUSL1N2Q51CT,https://www.reuters.com/article/safrica-markets/update-1-south-african-rand-pauses-with-focus-on-u-s-jobs-report-idUSL1N2Q51CT,"UPDATE 1 - South African rand pauses , with focus on U . S . jobs report",2021-09-03 16:30:00+00:00,2021-09-03 23:30:00+07:00,reuters.com,English,United States,"[""monetary_geoeconomic""]",https://s1.reutersmedia.net/resources_v2/images/rcom-default.png,2026-09-09T09:07:27.462718Z,https://mobile.reuters.com/article/amp/idUSL1N2Q51CT,20210903T163000Z,gdelt_first_seen,"[""https://www.reuters.com/article/safrica-markets/update-1-south-african-rand-pauses-with-focus-on-u-s-jobs-report-idUSL1N2Q51CT""]",1,[],"[{""domain"":""reuters.com"",""language"":""English"",""logical_end"":""2021-09-04T00:00:00Z"",""logical_start"":""2021-09-03T00:00:00Z"",""query_category"":""monetary_geoeconomic"",""query_string"":""(\""Federal Reserve\"" OR \""interest rate\"" OR \""rate hike\"" OR inflation OR CPI) domain:reuters.com sourcelang:english"",""requested_end"":""20210904000001"",""requested_start"":""20210902235959"",""retrieved_at_utc"":""2026-09-09T09:07:27.462718Z"",""seendate"":""20210903T163000Z"",""socialimage"":""https://s1.reutersmedia.net/resources_v2/images/rcom-default.png"",""sourcecountry"":""United States"",""title"":""UPDATE 1 - South African rand pauses , with focus on U . S . jobs report"",""url"":""https://www.reuters.com/article/safrica-markets/update-1-south-african-rand-pauses-with-focus-on-u-s-jobs-report-idUSL1N2Q51CT"",""url_mobile"":""https://mobile.reuters.com/article/amp/idUSL1N2Q51CT""}]"
34833e563d32b53eb01558e93bb1dbe2411b649472f3021e291ac5bfa44b7d34,https://www.reuters.com/world/middle-east/qatar-working-open-humanitarian-corridors-afghanistan-official-says-2021-09-03/,https://www.reuters.com/world/middle-east/qatar-working-open-humanitarian-corridors-afghanistan-official-says-2021-09-03/,"Qatar working to open humanitarian corridors to Afghanistan , official says",2021-09-03 16:30:00+00:00,2021-09-03 23:30:00+07:00,reuters.com,English,United States,"[""armed_conflict""]",https://www.reuters.com/resizer/Z0iM4ZNhWqFS7m6EeeCQdLIb6TM=/1200x628/smart/filters:quality(80)/cloudfront-us-east-2.images.arcpublishing.com/reuters/NNMG3WANNVOMBIGZZKQOXHQRTQ.jpg,2026-09-09T08:53:09.954157Z,,20210903T163000Z,gdelt_first_seen,"[""https://www.reuters.com/world/middle-east/qatar-working-open-humanitarian-corridors-afghanistan-official-says-2021-09-03/""]",1,[],"[{""domain"":""reuters.com"",""language"":""English"",""logical_end"":""2021-09-04T00:00:00Z"",""logical_start"":""2021-09-03T00:00:00Z"",""query_category"":""armed_conflict"",""query_string"":""(war OR invasion OR missile OR airstrike OR ceasefire OR military OR conflict) domain:reuters.com sourcelang:english"",""requested_end"":""20210904000001"",""requested_start"":""20210902235959"",""retrieved_at_utc"":""2026-09-09T08:53:09.954157Z"",""seendate"":""20210903T163000Z"",""socialimage"":""https://www.reuters.com/resizer/Z0iM4ZNhWqFS7m6EeeCQdLIb6TM=/1200x628/smart/filters:quality(80)/cloudfront-us-east-2.images.arcpublishing.com/reuters/NNMG3WANNVOMBIGZZKQOXHQRTQ.jpg"",""sourcecountry"":""United States"",""title"":""Qatar working to open humanitarian corridors to Afghanistan , official says"",""url"":""https://www.reuters.com/world/middle-east/qatar-working-open-humanitarian-corridors-afghanistan-official-says-2021-09-03/"",""url_mobile"":""""}]"
90da6eb51aa455fc9b61c985cbcf49a05059f0a07bddf23110c5f8e43dd798bc,https://www.reuters.com/business/weak-august-us-jobs-report-throws-doubt-fed-taper-2021-09-03/,https://www.reuters.com/business/weak-august-us-jobs-report-throws-doubt-fed-taper-2021-09-03/,Analysis : Weak August U . S . jobs report throws doubt on Fed taper,2021-09-03 17:00:00+00:00,2021-09-04 00:00:00+07:00,reuters.com,English,United States,"[""monetary_geoeconomic""]",https://www.reuters.com/resizer/suXSQPj7meXEMRxwBp6YHaPazGg=/1200x628/smart/filters:quality(80)/cloudfront-us-east-2.images.arcpublishing.com/reuters/JVOKKSHN2NLGTF37MUABGDS5TQ.jpg,2026-09-09T09:07:27.462718Z,,20210903T170000Z,gdelt_first_seen,"[""https://www.reuters.com/business/weak-august-us-jobs-report-throws-doubt-fed-taper-2021-09-03/""]",1,[],"[{""domain"":""reuters.com"",""language"":""English"",""logical_end"":""2021-09-04T00:00:00Z"",""logical_start"":""2021-09-03T00:00:00Z"",""query_category"":""monetary_geoeconomic"",""query_string"":""(\""Federal Reserve\"" OR \""interest rate\"" OR \""rate hike\"" OR inflation OR CPI) domain:reuters.com sourcelang:english"",""requested_end"":""20210904000001"",""requested_start"":""20210902235959"",""retrieved_at_utc"":""2026-09-09T09:07:27.462718Z"",""seendate"":""20210903T170000Z"",""socialimage"":""https://www.reuters.com/resizer/suXSQPj7meXEMRxwBp6YHaPazGg=/1200x628/smart/filters:quality(80)/cloudfront-us-east-2.images.arcpublishing.com/reuters/JVOKKSHN2NLGTF37MUABGDS5TQ.jpg"",""sourcecountry"":""United States"",""title"":""Analysis : Weak August U . S . jobs report throws doubt on Fed taper"",""url"":""https://www.reuters.com/business/weak-august-us-jobs-report-throws-doubt-fed-taper-2021-09-03/"",""url_mobile"":""""}]"
dc501d0499a1d07075a9ff6174b87869bfef115fc4a5cce7437263bb628f3009,https://www.reuters.com/legal/legalindustry/weather-climate-change-highlight-challenges-deregulated-retail-energy-markets-2021-09-03/,https://www.reuters.com/legal/legalindustry/weather-climate-change-highlight-challenges-deregulated-retail-energy-markets-2021-09-03/,Weather and climate change highlight challenges of deregulated retail energy markets,2021-09-03 17:00:00+00:00,2021-09-04 00:00:00+07:00,reuters.com,English,United States,"[""energy_geopolitics""]",https://www.reuters.com/resizer/cvW873MFUKpHXCNPXMBTRYvswMs=/1200x628/smart/filters:quality(80)/cloudfront-us-east-2.images.arcpublishing.com/reuters/QJAN63P7VVKL5G46F7X3IY4NHE.jpg,2026-09-09T08:56:24.139581Z,,20210903T170000Z,gdelt_first_seen,"[""https://www.reuters.com/legal/legalindustry/weather-climate-change-highlight-challenges-deregulated-retail-energy-markets-2021-09-03/""]",1,[],"[{""domain"":""reuters.com"",""language"":""English"",""logical_end"":""2021-09-04T00:00:00Z"",""logical_start"":""2021-09-03T00:00:00Z"",""query_category"":""energy_geopolitics"",""query_string"":""(OPEC OR \""oil embargo\"" OR \""oil supply\"" OR \""energy crisis\"" OR \""natural gas\"") domain:reuters.com sourcelang:english"",""requested_end"":""20210904000001"",""requested_start"":""20210902235959"",""retrieved_at_utc"":""2026-09-09T08:56:24.139581Z"",""seendate"":""20210903T170000Z"",""socialimage"":""https://www.reuters.com/resizer/cvW873MFUKpHXCNPXMBTRYvswMs=/1200x628/smart/filters:quality(80)/cloudfront-us-east-2.images.arcpublishing.com/reuters/QJAN63P7VVKL5G46F7X3IY4NHE.jpg"",""sourcecountry"":""United States"",""title"":""Weather and climate change highlight challenges of deregulated retail energy markets"",""url"":""https://www.reuters.com/legal/legalindustry/weather-climate-change-highlight-challenges-deregulated-retail-energy-markets-2021-09-03/"",""url_mobile"":""""}]"
2dacfa031b42b679575aad9c101a9052a36daa01f596ec5b3f048c4ec3af5629,https://www.reuters.com/world/americas/amazon-fires-surge-anew-brazil-cleared-forest-burns-2021-09-03/,https://www.reuters.com/world/americas/amazon-fires-surge-anew-brazil-cleared-forest-burns-2021-09-03/,Amazon fires surge anew in Brazil as cleared forest burns,2021-09-03 17:00:00+00:00,2021-09-04 00:00:00+07:00,reuters.com,English,United States,"[""armed_conflict""]",https://www.reuters.com/resizer/THWpcTMOYR6f-ZntBB3JOdPqyJg=/1200x628/smart/filters:quality(80)/cloudfront-us-east-2.images.arcpublishing.com/reuters/3HGBCND7N5NVVBWVS4AI33QPRQ.jpg,2026-09-09T08:53:09.954157Z,,20210903T170000Z,gdelt_first_seen,"[""https://www.reuters.com/world/americas/amazon-fires-surge-anew-brazil-cleared-forest-burns-2021-09-03/""]",1,[],"[{""domain"":""reuters.com"",""language"":""English"",""logical_end"":""2021-09-04T00:00:00Z"",""logical_start"":""2021-09-03T00:00:00Z"",""query_category"":""armed_conflict"",""query_string"":""(war OR invasion OR missile OR airstrike OR ceasefire OR military OR conflict) domain:reuters.com sourcelang:english"",""requested_end"":""20210904000001"",""requested_start"":""20210902235959"",""retrieved_at_utc"":""2026-09-09T08:53:09.954157Z"",""seendate"":""20210903T170000Z"",""socialimage"":""https://www.reuters.com/resizer/THWpcTMOYR6f-ZntBB3JOdPqyJg=/1200x628/smart/filters:quality(80)/cloudfront-us-east-2.images.arcpublishing.com/reuters/3HGBCND7N5NVVBWVS4AI33QPRQ.jpg"",""sourcecountry"":""United States"",""title"":""Amazon fires surge anew in Brazil as cleared forest burns"",""url"":""https://www.reuters.com/world/americas/amazon-fires-surge-anew-brazil-cleared-forest-burns-2021-09-03/"",""url_mobile"":""""}]"
d0aeee99d2cd6b0a955599f8bf577f8c44f76f6ea1f6df424c08b51ec5e10126,https://www.reuters.com/world/asia-pacific/nato-seeks-more-afghan-evacuations-vows-hold-taliban-promises-2021-09-03/,https://www.reuters.com/world/asia-pacific/nato-seeks-more-afghan-evacuations-vows-hold-taliban-promises-2021-09-03/,"NATO seeks more Afghan evacuations , vows to hold Taliban to promises",2021-09-03 17:00:00+00:00,2021-09-04 00:00:00+07:00,reuters.com,English,United States,"[""armed_conflict""]",https://www.reuters.com/resizer/rJ0c1EBDeaoSOe20pyvO41Ck6s0=/1200x628/smart/filters:quality(80)/cloudfront-us-east-2.images.arcpublishing.com/reuters/YWN4XJV2WJLQTJFV4IRGKUUWUU.jpg,2026-09-09T08:53:09.954157Z,,20210903T170000Z,gdelt_first_seen,"[""https://www.reuters.com/world/asia-pacific/nato-seeks-more-afghan-evacuations-vows-hold-taliban-promises-2021-09-03/""]",1,[],"[{""domain"":""reuters.com"",""language"":""English"",""logical_end"":""2021-09-04T00:00:00Z"",""logical_start"":""2021-09-03T00:00:00Z"",""query_category"":""armed_conflict"",""query_string"":""(war OR invasion OR missile OR airstrike OR ceasefire OR military OR conflict) domain:reuters.com sourcelang:english"",""requested_end"":""20210904000001"",""requested_start"":""20210902235959"",""retrieved_at_utc"":""2026-09-09T08:53:09.954157Z"",""seendate"":""20210903T170000Z"",""socialimage"":""https://www.reuters.com/resizer/rJ0c1EBDeaoSOe20pyvO41Ck6s0=/1200x628/smart/filters:quality(80)/cloudfront-us-east-2.images.arcpublishing.com/reuters/YWN4XJV2WJLQTJFV4IRGKUUWUU.jpg"",""sourcecountry"":""United States"",""title"":""NATO seeks more Afghan evacuations , vows to hold Taliban to promises"",""url"":""https://www.reuters.com/world/asia-pacific/nato-seeks-more-afghan-evacuations-vows-hold-taliban-promises-2021-09-03/"",""url_mobile"":""""}]"
9fd3ea1a23a5e582415e72f084d91996b91f48fc742e97f7972cd0276d34b74d,https://www.reuters.com/article/global-tankers-lng/update-1-off-the-boil-lng-tankers-burn-more-oil-as-gas-prices-soar-idUSL1N2Q50U0,https://www.reuters.com/article/global-tankers-lng/update-1-off-the-boil-lng-tankers-burn-more-oil-as-gas-prices-soar-idUSL1N2Q50U0,UPDATE 1 - Off the boil : LNG tankers burn more oil as gas prices soar,2021-09-03 17:30:00+00:00,2021-09-04 00:30:00+07:00,reuters.com,English,United States,"[""energy_geopolitics""]",https://s1.reutersmedia.net/resources_v2/images/rcom-default.png,2026-09-09T08:56:24.139581Z,https://mobile.reuters.com/article/amp/idUSL1N2Q50U0,20210903T173000Z,gdelt_first_seen,"[""https://www.reuters.com/article/global-tankers-lng/update-1-off-the-boil-lng-tankers-burn-more-oil-as-gas-prices-soar-idUSL1N2Q50U0""]",1,[],"[{""domain"":""reuters.com"",""language"":""English"",""logical_end"":""2021-09-04T00:00:00Z"",""logical_start"":""2021-09-03T00:00:00Z"",""query_category"":""energy_geopolitics"",""query_string"":""(OPEC OR \""oil embargo\"" OR \""oil supply\"" OR \""energy crisis\"" OR \""natural gas\"") domain:reuters.com sourcelang:english"",""requested_end"":""20210904000001"",""requested_start"":""20210902235959"",""retrieved_at_utc"":""2026-09-09T08:56:24.139581Z"",""seendate"":""20210903T173000Z"",""socialimage"":""https://s1.reutersmedia.net/resources_v2/images/rcom-default.png"",""sourcecountry"":""United States"",""title"":""UPDATE 1 - Off the boil : LNG tankers burn more oil as gas prices soar"",""url"":""https://www.reuters.com/article/global-tankers-lng/update-1-off-the-boil-lng-tankers-burn-more-oil-as-gas-prices-soar-idUSL1N2Q50U0"",""url_mobile"":""https://mobile.reuters.com/article/amp/idUSL1N2Q50U0""}]"
1dc52cf9edce9816475ba1c565572afc629916a1c8e0e00a3d57904414f95c62,https://www.reuters.com/world/uk/sterling-holds-near-three-week-high-ahead-us-jobs-data-2021-09-03/,https://www.reuters.com/world/uk/sterling-holds-near-three-week-high-ahead-us-jobs-data-2021-09-03/,Sterling edges up as U . S . jobs data disappoints,2021-09-03 17:30:00+00:00,2021-09-04 00:30:00+07:00,reuters.com,English,United States,"[""monetary_geoeconomic""]",https://www.reuters.com/resizer/1rTa2FYcGNOMEx44rLz_3OmY18E=/1200x628/smart/filters:quality(80)/cloudfront-us-east-2.images.arcpublishing.com/reuters/M72MYUBL7NI5FP2IEHGQSJNCMY.jpg,2026-09-09T09:07:27.462718Z,,20210903T173000Z,gdelt_first_seen,"[""https://www.reuters.com/world/uk/sterling-holds-near-three-week-high-ahead-us-jobs-data-2021-09-03/""]",1,[],"[{""domain"":""reuters.com"",""language"":""English"",""logical_end"":""2021-09-04T00:00:00Z"",""logical_start"":""2021-09-03T00:00:00Z"",""query_category"":""monetary_geoeconomic"",""query_string"":""(\""Federal Reserve\"" OR \""interest rate\"" OR \""rate hike\"" OR inflation OR CPI) domain:reuters.com sourcelang:english"",""requested_end"":""20210904000001"",""requested_start"":""20210902235959"",""retrieved_at_utc"":""2026-09-09T09:07:27.462718Z"",""seendate"":""20210903T173000Z"",""socialimage"":""https://www.reuters.com/resizer/1rTa2FYcGNOMEx44rLz_3OmY18E=/1200x628/smart/filters:quality(80)/cloudfront-us-east-2.images.arcpublishing.com/reuters/M72MYUBL7NI5FP2IEHGQSJNCMY.jpg"",""sourcecountry"":""United States"",""title"":""Sterling edges up as U . S . jobs data disappoints"",""url"":""https://www.reuters.com/world/uk/sterling-holds-near-three-week-high-ahead-us-jobs-data-2021-09-03/"",""url_mobile"":""""}]"
42695e9e55900734f3e1d47045c40b878dcf24b2b5fcaf04edc5f7e4ecbccdb3,https://www.reuters.com/article/mediclinic-intl-renewables/mediclinic-to-procure-renewable-energy-in-a-152-million-deal-idUSKBN2FZ198,https://www.reuters.com/article/mediclinic-intl-renewables/mediclinic-to-procure-renewable-energy-in-a-152-million-deal-idUSKBN2FZ198,Mediclinic to procure renewable energy in a $152 million deal,2021-09-03 18:00:00+00:00,2021-09-04 01:00:00+07:00,reuters.com,English,United States,"[""monetary_geoeconomic"",""trade_conflict""]",https://s1.reutersmedia.net/resources_v2/images/rcom-default.png,2026-09-09T09:07:27.462718Z,https://mobile.reuters.com/article/amp/idUSKBN2FZ198,20210903T180000Z,gdelt_first_seen,"[""https://www.reuters.com/article/mediclinic-intl-renewables/mediclinic-to-procure-renewable-energy-in-a-152-million-deal-idUSKBN2FZ198""]",2,[],"[{""domain"":""reuters.com"",""language"":""English"",""logical_end"":""2021-09-04T00:00:00Z"",""logical_start"":""2021-09-03T00:00:00Z"",""query_category"":""monetary_geoeconomic"",""query_string"":""(\""Federal Reserve\"" OR \""interest rate\"" OR \""rate hike\"" OR inflation OR CPI) domain:reuters.com sourcelang:english"",""requested_end"":""20210904000001"",""requested_start"":""20210902235959"",""retrieved_at_utc"":""2026-09-09T09:07:27.462718Z"",""seendate"":""20210903T180000Z"",""socialimage"":""https://s1.reutersmedia.net/resources_v2/images/rcom-default.png"",""sourcecountry"":""United States"",""title"":""Mediclinic to procure renewable energy in a $152 million deal"",""url"":""https://www.reuters.com/article/mediclinic-intl-renewables/mediclinic-to-procure-renewable-energy-in-a-152-million-deal-idUSKBN2FZ198"",""url_mobile"":""https://mobile.reuters.com/article/amp/idUSKBN2FZ198""},{""domain"":""reuters.com"",""language"":""English"",""logical_end"":""2021-09-04T00:00:00Z"",""logical_start"":""2021-09-03T00:00:00Z"",""query_category"":""trade_conflict"",""query_string"":""(tariff OR tariffs OR \""trade war\"" OR \""export ban\"" OR \""trade restriction\"") domain:reuters.com sourcelang:english"",""requested_end"":""20210904000001"",""requested_start"":""20210902235959"",""retrieved_at_utc"":""2026-09-09T08:55:13.548783Z"",""seendate"":""20210903T180000Z"",""socialimage"":""https://s1.reutersmedia.net/resources_v2/images/rcom-default.png"",""sourcecountry"":""United States"",""title"":""Mediclinic to procure renewable energy in a $152 million deal"",""url"":""https://www.reuters.com/article/mediclinic-intl-renewables/mediclinic-to-procure-renewable-energy-in-a-152-million-deal-idUSKBN2FZ198"",""url_mobile"":""https://mobile.reuters.com/article/amp/idUSKBN2FZ198""}]"
eb3abaadb62738416ce13a7465378624bd80a1024e0eefe48959cd1ab189ba5c,https://www.reuters.com/world/americas/brazil-fx-helped-by-solid-trade-surplus-domestic-tensions-intensify-2021-09-03/,https://www.reuters.com/world/americas/brazil-fx-helped-by-solid-trade-surplus-domestic-tensions-intensify-2021-09-03/,Brazil FX helped by solid trade surplus as domestic tensions intensify,2021-09-03 18:00:00+00:00,2021-09-04 01:00:00+07:00,reuters.com,English,United States,"[""monetary_geoeconomic""]",https://www.reuters.com/pf/resources/images/reuters/reuters-default.png?d=50,2026-09-09T09:07:27.462718Z,,20210903T180000Z,gdelt_first_seen,"[""https://www.reuters.com/world/americas/brazil-fx-helped-by-solid-trade-surplus-domestic-tensions-intensify-2021-09-03/""]",1,[],"[{""domain"":""reuters.com"",""language"":""English"",""logical_end"":""2021-09-04T00:00:00Z"",""logical_start"":""2021-09-03T00:00:00Z"",""query_category"":""monetary_geoeconomic"",""query_string"":""(\""Federal Reserve\"" OR \""interest rate\"" OR \""rate hike\"" OR inflation OR CPI) domain:reuters.com sourcelang:english"",""requested_end"":""20210904000001"",""requested_start"":""20210902235959"",""retrieved_at_utc"":""2026-09-09T09:07:27.462718Z"",""seendate"":""20210903T180000Z"",""socialimage"":""https://www.reuters.com/pf/resources/images/reuters/reuters-default.png?d=50"",""sourcecountry"":""United States"",""title"":""Brazil FX helped by solid trade surplus as domestic tensions intensify"",""url"":""https://www.reuters.com/world/americas/brazil-fx-helped-by-solid-trade-surplus-domestic-tensions-intensify-2021-09-03/"",""url_mobile"":""""}]"
29121aea307125675b99f46f5286172340ab06777d68b99e41c4818d5fcd456e,https://www.reuters.com/article/global-markets/global-markets-slower-growth-in-u-s-jobs-ripples-through-markets-idUSL1N2Q512Y,https://www.reuters.com/article/global-markets/global-markets-slower-growth-in-u-s-jobs-ripples-through-markets-idUSL1N2Q512Y,GLOBAL MARKETS - Slower growth in U . S . jobs ripples through markets,2021-09-03 18:15:00+00:00,2021-09-04 01:15:00+07:00,reuters.com,English,United States,"[""monetary_geoeconomic""]",https://s1.reutersmedia.net/resources_v2/images/rcom-default.png,2026-09-09T09:07:27.462718Z,https://mobile.reuters.com/article/amp/idUSL1N2Q512Y,20210903T181500Z,gdelt_first_seen,"[""https://www.reuters.com/article/global-markets/global-markets-slower-growth-in-u-s-jobs-ripples-through-markets-idUSL1N2Q512Y""]",1,[],"[{""domain"":""reuters.com"",""language"":""English"",""logical_end"":""2021-09-04T00:00:00Z"",""logical_start"":""2021-09-03T00:00:00Z"",""query_category"":""monetary_geoeconomic"",""query_string"":""(\""Federal Reserve\"" OR \""interest rate\"" OR \""rate hike\"" OR inflation OR CPI) domain:reuters.com sourcelang:english"",""requested_end"":""20210904000001"",""requested_start"":""20210902235959"",""retrieved_at_utc"":""2026-09-09T09:07:27.462718Z"",""seendate"":""20210903T181500Z"",""socialimage"":""https://s1.reutersmedia.net/resources_v2/images/rcom-default.png"",""sourcecountry"":""United States"",""title"":""GLOBAL MARKETS - Slower growth in U . S . jobs ripples through markets"",""url"":""https://www.reuters.com/article/global-markets/global-markets-slower-growth-in-u-s-jobs-ripples-through-markets-idUSL1N2Q512Y"",""url_mobile"":""https://mobile.reuters.com/article/amp/idUSL1N2Q512Y""}]"
2b9016a341f59bd02a34d4e36fc334e9dbf9f2350d9791b8901dd63dc1f8f9c8,https://www.reuters.com/article/safrica-markets/update-2-south-african-rand-strengthens-on-u-s-jobs-miss-idUSL1N2Q51CT,https://www.reuters.com/article/safrica-markets/update-2-south-african-rand-strengthens-on-u-s-jobs-miss-idUSL1N2Q51CT,UPDATE 2 - South African rand strengthens on U . S . jobs miss,2021-09-03 18:15:00+00:00,2021-09-04 01:15:00+07:00,reuters.com,English,United States,"[""monetary_geoeconomic""]",https://s1.reutersmedia.net/resources_v2/images/rcom-default.png,2026-09-09T09:07:27.462718Z,https://mobile.reuters.com/article/amp/idUSL1N2Q51CT,20210903T181500Z,gdelt_first_seen,"[""https://www.reuters.com/article/safrica-markets/update-2-south-african-rand-strengthens-on-u-s-jobs-miss-idUSL1N2Q51CT""]",1,[],"[{""domain"":""reuters.com"",""language"":""English"",""logical_end"":""2021-09-04T00:00:00Z"",""logical_start"":""2021-09-03T00:00:00Z"",""query_category"":""monetary_geoeconomic"",""query_string"":""(\""Federal Reserve\"" OR \""interest rate\"" OR \""rate hike\"" OR inflation OR CPI) domain:reuters.com sourcelang:english"",""requested_end"":""20210904000001"",""requested_start"":""20210902235959"",""retrieved_at_utc"":""2026-09-09T09:07:27.462718Z"",""seendate"":""20210903T181500Z"",""socialimage"":""https://s1.reutersmedia.net/resources_v2/images/rcom-default.png"",""sourcecountry"":""United States"",""title"":""UPDATE 2 - South African rand strengthens on U . S . jobs miss"",""url"":""https://www.reuters.com/article/safrica-markets/update-2-south-african-rand-strengthens-on-u-s-jobs-miss-idUSL1N2Q51CT"",""url_mobile"":""https://mobile.reuters.com/article/amp/idUSL1N2Q51CT""}]"
63403c0b5ea41a3e5dbfbfcb3fa89e22c913283c75e6134397ee44e565c3b9f8,https://www.reuters.com/article/usa-fed-jobs/analysis-weak-august-u-s-jobs-report-throws-doubt-on-fed-taper-idUSL1N2Q51A8,https://www.reuters.com/article/usa-fed-jobs/analysis-weak-august-u-s-jobs-report-throws-doubt-on-fed-taper-idUSL1N2Q51A8,Analysis - Weak August U . S . jobs report throws doubt on Fed taper,2021-09-03 18:15:00+00:00,2021-09-04 01:15:00+07:00,reuters.com,English,United States,"[""monetary_geoeconomic""]",https://static.reuters.com/resources/r/?m=02&d=20210903&t=2&i=1573799167&r=LYNXMPEH820RI,2026-09-09T09:07:27.462718Z,https://mobile.reuters.com/article/amp/idUSKBN2FZ1IY,20210903T181500Z,gdelt_first_seen,"[""https://www.reuters.com/article/usa-fed-jobs/analysis-weak-august-u-s-jobs-report-throws-doubt-on-fed-taper-idUSL1N2Q51A8""]",1,[],"[{""domain"":""reuters.com"",""language"":""English"",""logical_end"":""2021-09-04T00:00:00Z"",""logical_start"":""2021-09-03T00:00:00Z"",""query_category"":""monetary_geoeconomic"",""query_string"":""(\""Federal Reserve\"" OR \""interest rate\"" OR \""rate hike\"" OR inflation OR CPI) domain:reuters.com sourcelang:english"",""requested_end"":""20210904000001"",""requested_start"":""20210902235959"",""retrieved_at_utc"":""2026-09-09T09:07:27.462718Z"",""seendate"":""20210903T181500Z"",""socialimage"":""https://static.reuters.com/resources/r/?m=02&d=20210903&t=2&i=1573799167&r=LYNXMPEH820RI"",""sourcecountry"":""United States"",""title"":""Analysis - Weak August U . S . jobs report throws doubt on Fed taper"",""url"":""https://www.reuters.com/article/usa-fed-jobs/analysis-weak-august-u-s-jobs-report-throws-doubt-on-fed-taper-idUSL1N2Q51A8"",""url_mobile"":""https://mobile.reuters.com/article/amp/idUSKBN2FZ1IY""}]"
d4dee4ba615034eb6f7a8daf81c625b62b150fdd02d821bcf9de76e0b0bb26e2,https://www.reuters.com/business/energy/exclusive-chevron-looks-sell-texas-eagle-ford-basin-assets-worth-38-bln-document-2021-09-03/,https://www.reuters.com/business/energy/exclusive-chevron-looks-sell-texas-eagle-ford-basin-assets-worth-38-bln-document-2021-09-03/,EXCLUSIVE Chevron looks to sell Texa Eagle Ford Basin assets for up to $3 . 8 bln - document,2021-09-03 18:45:00+00:00,2021-09-04 01:45:00+07:00,reuters.com,English,United States,"[""energy_geopolitics""]",https://www.reuters.com/resizer/4Tel8Un-B9qUP558socPgO3Xn-E=/1200x628/smart/filters:quality(80)/cloudfront-us-east-2.images.arcpublishing.com/reuters/5M6Y6HIRWBIIPDGPVO265XD46Q.jpg,2026-09-09T08:56:24.139581Z,,20210903T184500Z,gdelt_first_seen,"[""https://www.reuters.com/business/energy/exclusive-chevron-looks-sell-texas-eagle-ford-basin-assets-worth-38-bln-document-2021-09-03/""]",1,[],"[{""domain"":""reuters.com"",""language"":""English"",""logical_end"":""2021-09-04T00:00:00Z"",""logical_start"":""2021-09-03T00:00:00Z"",""query_category"":""energy_geopolitics"",""query_string"":""(OPEC OR \""oil embargo\"" OR \""oil supply\"" OR \""energy crisis\"" OR \""natural gas\"") domain:reuters.com sourcelang:english"",""requested_end"":""20210904000001"",""requested_start"":""20210902235959"",""retrieved_at_utc"":""2026-09-09T08:56:24.139581Z"",""seendate"":""20210903T184500Z"",""socialimage"":""https://www.reuters.com/resizer/4Tel8Un-B9qUP558socPgO3Xn-E=/1200x628/smart/filters:quality(80)/cloudfront-us-east-2.images.arcpublishing.com/reuters/5M6Y6HIRWBIIPDGPVO265XD46Q.jpg"",""sourcecountry"":""United States"",""title"":""EXCLUSIVE Chevron looks to sell Texa Eagle Ford Basin assets for up to $3 . 8 bln - document"",""url"":""https://www.reuters.com/business/energy/exclusive-chevron-looks-sell-texas-eagle-ford-basin-assets-worth-38-bln-document-2021-09-03/"",""url_mobile"":""""}]"
b85d1ca9fa0b29ebacca32c577d54ed8aac0d8d97a2b022c60880782b0f3c122,https://www.reuters.com/world/middle-east/us-sanctions-iranians-over-alleged-plot-kidnap-ny-based-journalist-2021-09-03/,https://www.reuters.com/world/middle-east/us-sanctions-iranians-over-alleged-plot-kidnap-ny-based-journalist-2021-09-03/,U . S . sanctions Iranians over alleged plot to kidnap NY - based journalist,2021-09-03 18:45:00+00:00,2021-09-04 01:45:00+07:00,reuters.com,English,United States,"[""sanctions""]",https://www.reuters.com/resizer/2s629Avw0gwmHOZztU5qEkjk78M=/1200x628/smart/filters:quality(80)/cloudfront-us-east-2.images.arcpublishing.com/reuters/JOFXO55XDNLMJLDSGCAEBRW2EE.jpg,2026-09-09T08:54:12.084396Z,,20210903T184500Z,gdelt_first_seen,"[""https://www.reuters.com/world/middle-east/us-sanctions-iranians-over-alleged-plot-kidnap-ny-based-journalist-2021-09-03/""]",1,[],"[{""domain"":""reuters.com"",""language"":""English"",""logical_end"":""2021-09-04T00:00:00Z"",""logical_start"":""2021-09-03T00:00:00Z"",""query_category"":""sanctions"",""query_string"":""(sanction OR sanctions OR embargo OR \""asset freeze\"" OR \""export restriction\"") domain:reuters.com sourcelang:english"",""requested_end"":""20210904000001"",""requested_start"":""20210902235959"",""retrieved_at_utc"":""2026-09-09T08:54:12.084396Z"",""seendate"":""20210903T184500Z"",""socialimage"":""https://www.reuters.com/resizer/2s629Avw0gwmHOZztU5qEkjk78M=/1200x628/smart/filters:quality(80)/cloudfront-us-east-2.images.arcpublishing.com/reuters/JOFXO55XDNLMJLDSGCAEBRW2EE.jpg"",""sourcecountry"":""United States"",""title"":""U . S . sanctions Iranians over alleged plot to kidnap NY - based journalist"",""url"":""https://www.reuters.com/world/middle-east/us-sanctions-iranians-over-alleged-plot-kidnap-ny-based-journalist-2021-09-03/"",""url_mobile"":""""}]"
376ffd636a4b17d8dce3800c27d95f93abc192174074014d7383e6b91ae6d5d6,https://www.reuters.com/article/businessNews/idUSKBN2FZ1LW,https://www.reuters.com/article/businessNews/idUSKBN2FZ1LW,Exclusive - Chevron looks to sell Texa Eagle Ford Basin assets for up to $3 . 8 billion - document,2021-09-03 19:30:00+00:00,2021-09-04 02:30:00+07:00,reuters.com,English,United States,"[""energy_geopolitics""]",https://static.reuters.com/resources/r/?m=02&d=20210903&t=2&i=1573803013&r=LYNXMPEH820SV,2026-09-09T08:56:24.139581Z,https://mobile.reuters.com/article/amp/idUSKBN2FZ1LW,20210903T193000Z,gdelt_first_seen,"[""https://www.reuters.com/article/businessNews/idUSKBN2FZ1LW""]",1,[],"[{""domain"":""reuters.com"",""language"":""English"",""logical_end"":""2021-09-04T00:00:00Z"",""logical_start"":""2021-09-03T00:00:00Z"",""query_category"":""energy_geopolitics"",""query_string"":""(OPEC OR \""oil embargo\"" OR \""oil supply\"" OR \""energy crisis\"" OR \""natural gas\"") domain:reuters.com sourcelang:english"",""requested_end"":""20210904000001"",""requested_start"":""20210902235959"",""retrieved_at_utc"":""2026-09-09T08:56:24.139581Z"",""seendate"":""20210903T193000Z"",""socialimage"":""https://static.reuters.com/resources/r/?m=02&d=20210903&t=2&i=1573803013&r=LYNXMPEH820SV"",""sourcecountry"":""United States"",""title"":""Exclusive - Chevron looks to sell Texa Eagle Ford Basin assets for up to $3 . 8 billion - document"",""url"":""https://www.reuters.com/article/businessNews/idUSKBN2FZ1LW"",""url_mobile"":""https://mobile.reuters.com/article/amp/idUSKBN2FZ1LW""}]"
7e69d22b2a6a5ea45bfe3555e242849da055f99fe61d118e0bb761d03fcc0667,https://www.reuters.com/article/ousivMolt/idUSKBN2FZ1QA,https://www.reuters.com/article/ousivMolt/idUSKBN2FZ1QA,Euro junk bond yields below inflation for first time,2021-09-03 19:30:00+00:00,2021-09-04 02:30:00+07:00,reuters.com,English,United States,"[""monetary_geoeconomic""]",https://static.reuters.com/resources/r/?m=02&d=20210903&t=2&i=1573810409&r=LYNXMPEH820UF,2026-09-09T09:07:27.462718Z,https://mobile.reuters.com/article/amp/idUSKBN2FZ1QA,20210903T193000Z,gdelt_first_seen,"[""https://www.reuters.com/article/ousivMolt/idUSKBN2FZ1QA""]",1,[],"[{""domain"":""reuters.com"",""language"":""English"",""logical_end"":""2021-09-04T00:00:00Z"",""logical_start"":""2021-09-03T00:00:00Z"",""query_category"":""monetary_geoeconomic"",""query_string"":""(\""Federal Reserve\"" OR \""interest rate\"" OR \""rate hike\"" OR inflation OR CPI) domain:reuters.com sourcelang:english"",""requested_end"":""20210904000001"",""requested_start"":""20210902235959"",""retrieved_at_utc"":""2026-09-09T09:07:27.462718Z"",""seendate"":""20210903T193000Z"",""socialimage"":""https://static.reuters.com/resources/r/?m=02&d=20210903&t=2&i=1573810409&r=LYNXMPEH820UF"",""sourcecountry"":""United States"",""title"":""Euro junk bond yields below inflation for first time"",""url"":""https://www.reuters.com/article/ousivMolt/idUSKBN2FZ1QA"",""url_mobile"":""https://mobile.reuters.com/article/amp/idUSKBN2FZ1QA""}]"
21f52d9cda2642aaa317ea9aed7b09ce776c4b9e6afdaacd507c21be1f20eb8a,https://www.reuters.com/article/topNews/idUSKBN2FZ1IY,https://www.reuters.com/article/topNews/idUSKBN2FZ1IY,Analysis - Weak August U . S . jobs report throws doubt on Fed taper,2021-09-03 19:30:00+00:00,2021-09-04 02:30:00+07:00,reuters.com,English,United States,"[""monetary_geoeconomic""]",https://static.reuters.com/resources/r/?m=02&d=20210903&t=2&i=1573799167&r=LYNXMPEH820RI,2026-09-09T09:07:27.462718Z,https://mobile.reuters.com/article/amp/idUSKBN2FZ1IY,20210903T193000Z,gdelt_first_seen,"[""https://www.reuters.com/article/topNews/idUSKBN2FZ1IY""]",1,[],"[{""domain"":""reuters.com"",""language"":""English"",""logical_end"":""2021-09-04T00:00:00Z"",""logical_start"":""2021-09-03T00:00:00Z"",""query_category"":""monetary_geoeconomic"",""query_string"":""(\""Federal Reserve\"" OR \""interest rate\"" OR \""rate hike\"" OR inflation OR CPI) domain:reuters.com sourcelang:english"",""requested_end"":""20210904000001"",""requested_start"":""20210902235959"",""retrieved_at_utc"":""2026-09-09T09:07:27.462718Z"",""seendate"":""20210903T193000Z"",""socialimage"":""https://static.reuters.com/resources/r/?m=02&d=20210903&t=2&i=1573799167&r=LYNXMPEH820RI"",""sourcecountry"":""United States"",""title"":""Analysis - Weak August U . S . jobs report throws doubt on Fed taper"",""url"":""https://www.reuters.com/article/topNews/idUSKBN2FZ1IY"",""url_mobile"":""https://mobile.reuters.com/article/amp/idUSKBN2FZ1IY""}]"
fc26720bafcd6e0e713ef841446fc567e06591ba7a090836d6653aee0ed2df6a,https://www.reuters.com/business/autos-transportation/mexico-takes-firm-line-auto-dispute-ahead-economic-talks-2021-09-03/,https://www.reuters.com/business/autos-transportation/mexico-takes-firm-line-auto-dispute-ahead-economic-talks-2021-09-03/,Mexico adopts firm stance on auto dispute ahead of U . S . talks,2021-09-03 19:30:00+00:00,2021-09-04 02:30:00+07:00,reuters.com,English,United States,"[""trade_conflict""]",https://www.reuters.com/resizer/13hj5uaI0ntd-GbhV3aXRtSyc_8=/1200x628/smart/filters:quality(80)/cloudfront-us-east-2.images.arcpublishing.com/reuters/653EKVKTMRJHDCFUNGT2ONBBII.jpg,2026-09-09T08:55:13.548783Z,,20210903T193000Z,gdelt_first_seen,"[""https://www.reuters.com/business/autos-transportation/mexico-takes-firm-line-auto-dispute-ahead-economic-talks-2021-09-03/""]",1,[],"[{""domain"":""reuters.com"",""language"":""English"",""logical_end"":""2021-09-04T00:00:00Z"",""logical_start"":""2021-09-03T00:00:00Z"",""query_category"":""trade_conflict"",""query_string"":""(tariff OR tariffs OR \""trade war\"" OR \""export ban\"" OR \""trade restriction\"") domain:reuters.com sourcelang:english"",""requested_end"":""20210904000001"",""requested_start"":""20210902235959"",""retrieved_at_utc"":""2026-09-09T08:55:13.548783Z"",""seendate"":""20210903T193000Z"",""socialimage"":""https://www.reuters.com/resizer/13hj5uaI0ntd-GbhV3aXRtSyc_8=/1200x628/smart/filters:quality(80)/cloudfront-us-east-2.images.arcpublishing.com/reuters/653EKVKTMRJHDCFUNGT2ONBBII.jpg"",""sourcecountry"":""United States"",""title"":""Mexico adopts firm stance on auto dispute ahead of U . S . talks"",""url"":""https://www.reuters.com/business/autos-transportation/mexico-takes-firm-line-auto-dispute-ahead-economic-talks-2021-09-03/"",""url_mobile"":""""}]"
361fb205122f148cab801e0430e1c754c267038f43d8426cd468743562dd1512,https://www.reuters.com/business/finance/payrolls-stock-market-wall-street-usually-shrugs-off-jobs-report-2021-09-03/,https://www.reuters.com/business/finance/payrolls-stock-market-wall-street-usually-shrugs-off-jobs-report-2021-09-03/,Payrolls and the stock market : Wall Street usually shrugs off jobs report,2021-09-03 19:30:00+00:00,2021-09-04 02:30:00+07:00,reuters.com,English,United States,"[""monetary_geoeconomic""]",https://www.reuters.com/resizer/0vWlMUtm8TNKGzJB8mb0Y5x4OLw=/1200x628/smart/filters:quality(80)/cloudfront-us-east-2.images.arcpublishing.com/reuters/ANWKLLWMORMZHD5GHVJ55YFWKA.jpg,2026-09-09T09:07:27.462718Z,,20210903T193000Z,gdelt_first_seen,"[""https://www.reuters.com/business/finance/payrolls-stock-market-wall-street-usually-shrugs-off-jobs-report-2021-09-03/""]",1,[],"[{""domain"":""reuters.com"",""language"":""English"",""logical_end"":""2021-09-04T00:00:00Z"",""logical_start"":""2021-09-03T00:00:00Z"",""query_category"":""monetary_geoeconomic"",""query_string"":""(\""Federal Reserve\"" OR \""interest rate\"" OR \""rate hike\"" OR inflation OR CPI) domain:reuters.com sourcelang:english"",""requested_end"":""20210904000001"",""requested_start"":""20210902235959"",""retrieved_at_utc"":""2026-09-09T09:07:27.462718Z"",""seendate"":""20210903T193000Z"",""socialimage"":""https://www.reuters.com/resizer/0vWlMUtm8TNKGzJB8mb0Y5x4OLw=/1200x628/smart/filters:quality(80)/cloudfront-us-east-2.images.arcpublishing.com/reuters/ANWKLLWMORMZHD5GHVJ55YFWKA.jpg"",""sourcecountry"":""United States"",""title"":""Payrolls and the stock market : Wall Street usually shrugs off jobs report"",""url"":""https://www.reuters.com/business/finance/payrolls-stock-market-wall-street-usually-shrugs-off-jobs-report-2021-09-03/"",""url_mobile"":""""}]"
c25a4cc44db3a74117754585ce12f7ef40a846fc3687f6a6bf48328a31976349,https://www.reuters.com/article/global-forex/forex-dollar-softens-for-fourth-straight-day-after-u-s-payrolls-miss-idUSL1N2Q51PX,https://www.reuters.com/article/global-forex/forex-dollar-softens-for-fourth-straight-day-after-u-s-payrolls-miss-idUSL1N2Q51PX,Dollar softens for fourth straight day after U . S . payrolls miss,2021-09-03 20:00:00+00:00,2021-09-04 03:00:00+07:00,reuters.com,English,United States,"[""monetary_geoeconomic""]",https://static.reuters.com/resources/r/?m=02&d=20210903&t=2&i=1573730716&r=LYNXMPEH82017,2026-09-09T09:07:27.462718Z,https://mobile.reuters.com/article/amp/idUSKBN2FZ02N,20210903T200000Z,gdelt_first_seen,"[""https://www.reuters.com/article/global-forex/forex-dollar-softens-for-fourth-straight-day-after-u-s-payrolls-miss-idUSL1N2Q51PX""]",1,[],"[{""domain"":""reuters.com"",""language"":""English"",""logical_end"":""2021-09-04T00:00:00Z"",""logical_start"":""2021-09-03T00:00:00Z"",""query_category"":""monetary_geoeconomic"",""query_string"":""(\""Federal Reserve\"" OR \""interest rate\"" OR \""rate hike\"" OR inflation OR CPI) domain:reuters.com sourcelang:english"",""requested_end"":""20210904000001"",""requested_start"":""20210902235959"",""retrieved_at_utc"":""2026-09-09T09:07:27.462718Z"",""seendate"":""20210903T200000Z"",""socialimage"":""https://static.reuters.com/resources/r/?m=02&d=20210903&t=2&i=1573730716&r=LYNXMPEH82017"",""sourcecountry"":""United States"",""title"":""Dollar softens for fourth straight day after U . S . payrolls miss"",""url"":""https://www.reuters.com/article/global-forex/forex-dollar-softens-for-fourth-straight-day-after-u-s-payrolls-miss-idUSL1N2Q51PX"",""url_mobile"":""https://mobile.reuters.com/article/amp/idUSKBN2FZ02N""}]"
c0f2e2459375d89aead5743d6fa847385a93151325f09e15fa2ccf992cd7a318,https://www.reuters.com/article/junk-bonds-inflation/euro-junk-bond-yields-below-inflation-for-first-time-idUSKBN2FZ1QA,https://www.reuters.com/article/junk-bonds-inflation/euro-junk-bond-yields-below-inflation-for-first-time-idUSKBN2FZ1QA,Euro junk bond yields below inflation for first time,2021-09-03 20:00:00+00:00,2021-09-04 03:00:00+07:00,reuters.com,English,United States,"[""monetary_geoeconomic""]",https://static.reuters.com/resources/r/?m=02&d=20210903&t=2&i=1573810409&r=LYNXMPEH820UF,2026-09-09T09:07:27.462718Z,https://mobile.reuters.com/article/amp/idUSKBN2FZ1QA,20210903T200000Z,gdelt_first_seen,"[""https://www.reuters.com/article/junk-bonds-inflation/euro-junk-bond-yields-below-inflation-for-first-time-idUSKBN2FZ1QA""]",1,[],"[{""domain"":""reuters.com"",""language"":""English"",""logical_end"":""2021-09-04T00:00:00Z"",""logical_start"":""2021-09-03T00:00:00Z"",""query_category"":""monetary_geoeconomic"",""query_string"":""(\""Federal Reserve\"" OR \""interest rate\"" OR \""rate hike\"" OR inflation OR CPI) domain:reuters.com sourcelang:english"",""requested_end"":""20210904000001"",""requested_start"":""20210902235959"",""retrieved_at_utc"":""2026-09-09T09:07:27.462718Z"",""seendate"":""20210903T200000Z"",""socialimage"":""https://static.reuters.com/resources/r/?m=02&d=20210903&t=2&i=1573810409&r=LYNXMPEH820UF"",""sourcecountry"":""United States"",""title"":""Euro junk bond yields below inflation for first time"",""url"":""https://www.reuters.com/article/junk-bonds-inflation/euro-junk-bond-yields-below-inflation-for-first-time-idUSKBN2FZ1QA"",""url_mobile"":""https://mobile.reuters.com/article/amp/idUSKBN2FZ1QA""}]"
4f8aa8ca86b9a1f3ee7739f127c924bf328b5a781c327ba2169e719d082f2a8a,https://www.reuters.com/article/us-afghanistan-conflict-usa-pilots-exclu/exclusive-theyll-kill-us-afghan-pilots-held-at-uzbek-camp-fear-deadly-homecoming-idUSKBN2FZ1RB,https://www.reuters.com/article/us-afghanistan-conflict-usa-pilots-exclu/exclusive-theyll-kill-us-afghan-pilots-held-at-uzbek-camp-fear-deadly-homecoming-idUSKBN2FZ1RB,Exclusive - Theyll kill u - Afghan pilots held at Uzbek camp fear deadly homecoming,2021-09-03 20:00:00+00:00,2021-09-04 03:00:00+07:00,reuters.com,English,United States,"[""armed_conflict""]",https://static.reuters.com/resources/r/?m=02&d=20210903&t=2&i=1573811989&r=LYNXMPEH820UV,2026-09-09T08:53:09.954157Z,https://mobile.reuters.com/article/amp/idUSKBN2FZ1RB,20210903T200000Z,gdelt_first_seen,"[""https://www.reuters.com/article/us-afghanistan-conflict-usa-pilots-exclu/exclusive-theyll-kill-us-afghan-pilots-held-at-uzbek-camp-fear-deadly-homecoming-idUSKBN2FZ1RB""]",1,[],"[{""domain"":""reuters.com"",""language"":""English"",""logical_end"":""2021-09-04T00:00:00Z"",""logical_start"":""2021-09-03T00:00:00Z"",""query_category"":""armed_conflict"",""query_string"":""(war OR invasion OR missile OR airstrike OR ceasefire OR military OR conflict) domain:reuters.com sourcelang:english"",""requested_end"":""20210904000001"",""requested_start"":""20210902235959"",""retrieved_at_utc"":""2026-09-09T08:53:09.954157Z"",""seendate"":""20210903T200000Z"",""socialimage"":""https://static.reuters.com/resources/r/?m=02&d=20210903&t=2&i=1573811989&r=LYNXMPEH820UV"",""sourcecountry"":""United States"",""title"":""Exclusive - Theyll kill u - Afghan pilots held at Uzbek camp fear deadly homecoming"",""url"":""https://www.reuters.com/article/us-afghanistan-conflict-usa-pilots-exclu/exclusive-theyll-kill-us-afghan-pilots-held-at-uzbek-camp-fear-deadly-homecoming-idUSKBN2FZ1RB"",""url_mobile"":""https://mobile.reuters.com/article/amp/idUSKBN2FZ1RB""}]"
f66b02ea1e268c02dbf7e94d7ba480a79b629dda68ad845ac5d2bf5f0a7bca60,https://www.reuters.com/article/us-somalia-security/somalias-puntland-sends-troops-to-fight-al-shabaab-in-neighbouring-state-idUSKBN2FZ1PZ,https://www.reuters.com/article/us-somalia-security/somalias-puntland-sends-troops-to-fight-al-shabaab-in-neighbouring-state-idUSKBN2FZ1PZ,Somalia Puntland sends troops to fight al Shabaab in neighbouring state,2021-09-03 20:00:00+00:00,2021-09-04 03:00:00+07:00,reuters.com,English,United States,"[""armed_conflict""]",https://s1.reutersmedia.net/resources_v2/images/rcom-default.png,2026-09-09T08:53:09.954157Z,https://mobile.reuters.com/article/amp/idUSKBN2FZ1PZ,20210903T200000Z,gdelt_first_seen,"[""https://www.reuters.com/article/us-somalia-security/somalias-puntland-sends-troops-to-fight-al-shabaab-in-neighbouring-state-idUSKBN2FZ1PZ""]",1,[],"[{""domain"":""reuters.com"",""language"":""English"",""logical_end"":""2021-09-04T00:00:00Z"",""logical_start"":""2021-09-03T00:00:00Z"",""query_category"":""armed_conflict"",""query_string"":""(war OR invasion OR missile OR airstrike OR ceasefire OR military OR conflict) domain:reuters.com sourcelang:english"",""requested_end"":""20210904000001"",""requested_start"":""20210902235959"",""retrieved_at_utc"":""2026-09-09T08:53:09.954157Z"",""seendate"":""20210903T200000Z"",""socialimage"":""https://s1.reutersmedia.net/resources_v2/images/rcom-default.png"",""sourcecountry"":""United States"",""title"":""Somalia Puntland sends troops to fight al Shabaab in neighbouring state"",""url"":""https://www.reuters.com/article/us-somalia-security/somalias-puntland-sends-troops-to-fight-al-shabaab-in-neighbouring-state-idUSKBN2FZ1PZ"",""url_mobile"":""https://mobile.reuters.com/article/amp/idUSKBN2FZ1PZ""}]"
c9614555285299085154ecc968b27a7cc6a53ab8ddb22eee704f032bd2b11f7c,https://www.reuters.com/legal/litigation/illinois-senate-passes-bill-save-nuclear-plants-sends-house-2021-09-01/,https://www.reuters.com/legal/litigation/illinois-senate-passes-bill-save-nuclear-plants-sends-house-2021-09-01/,"Illinois Senate passes bill to save nuclear plants , sends to House",2021-09-03 20:00:00+00:00,2021-09-04 03:00:00+07:00,reuters.com,English,United States,"[""energy_geopolitics""]",https://www.reuters.com/resizer/7qewHJWnpV192_66cUNVi5JiKyE=/1200x628/smart/filters:quality(80)/cloudfront-us-east-2.images.arcpublishing.com/reuters/V7B2ZYLVI5IKDE5NGNW4CZGCKM.jpg,2026-09-09T08:56:24.139581Z,,20210903T200000Z,gdelt_first_seen,"[""https://www.reuters.com/legal/litigation/illinois-senate-passes-bill-save-nuclear-plants-sends-house-2021-09-01/""]",1,[],"[{""domain"":""reuters.com"",""language"":""English"",""logical_end"":""2021-09-04T00:00:00Z"",""logical_start"":""2021-09-03T00:00:00Z"",""query_category"":""energy_geopolitics"",""query_string"":""(OPEC OR \""oil embargo\"" OR \""oil supply\"" OR \""energy crisis\"" OR \""natural gas\"") domain:reuters.com sourcelang:english"",""requested_end"":""20210904000001"",""requested_start"":""20210902235959"",""retrieved_at_utc"":""2026-09-09T08:56:24.139581Z"",""seendate"":""20210903T200000Z"",""socialimage"":""https://www.reuters.com/resizer/7qewHJWnpV192_66cUNVi5JiKyE=/1200x628/smart/filters:quality(80)/cloudfront-us-east-2.images.arcpublishing.com/reuters/V7B2ZYLVI5IKDE5NGNW4CZGCKM.jpg"",""sourcecountry"":""United States"",""title"":""Illinois Senate passes bill to save nuclear plants , sends to House"",""url"":""https://www.reuters.com/legal/litigation/illinois-senate-passes-bill-save-nuclear-plants-sends-house-2021-09-01/"",""url_mobile"":""""}]"
b87bbdb01e7f4a70c783aa4a0d3785d07f109fab4e2a1bd7c5c480370632b140,https://www.reuters.com/world/asia-pacific/exclusive-theyll-kill-us-afghan-pilots-held-uzbek-camp-fear-deadly-homecoming-2021-09-03/,https://www.reuters.com/world/asia-pacific/exclusive-theyll-kill-us-afghan-pilots-held-uzbek-camp-fear-deadly-homecoming-2021-09-03/,EXCLUSIVE Theyll kill u - Afghan pilots held at Uzbek camp fear deadly homecoming,2021-09-03 20:00:00+00:00,2021-09-04 03:00:00+07:00,reuters.com,English,United States,"[""armed_conflict""]",https://www.reuters.com/resizer/nIk42NESWAlVQsLdXUAA6hqVnJs=/488x255/smart/filters:quality(80)/cloudfront-us-east-2.images.arcpublishing.com/reuters/YATLAIT6JROXTHGG3QWOIMJURQ.jpg,2026-09-09T08:53:09.954157Z,,20210903T200000Z,gdelt_first_seen,"[""https://www.reuters.com/world/asia-pacific/exclusive-theyll-kill-us-afghan-pilots-held-uzbek-camp-fear-deadly-homecoming-2021-09-03/""]",1,[],"[{""domain"":""reuters.com"",""language"":""English"",""logical_end"":""2021-09-04T00:00:00Z"",""logical_start"":""2021-09-03T00:00:00Z"",""query_category"":""armed_conflict"",""query_string"":""(war OR invasion OR missile OR airstrike OR ceasefire OR military OR conflict) domain:reuters.com sourcelang:english"",""requested_end"":""20210904000001"",""requested_start"":""20210902235959"",""retrieved_at_utc"":""2026-09-09T08:53:09.954157Z"",""seendate"":""20210903T200000Z"",""socialimage"":""https://www.reuters.com/resizer/nIk42NESWAlVQsLdXUAA6hqVnJs=/488x255/smart/filters:quality(80)/cloudfront-us-east-2.images.arcpublishing.com/reuters/YATLAIT6JROXTHGG3QWOIMJURQ.jpg"",""sourcecountry"":""United States"",""title"":""EXCLUSIVE  Theyll kill u - Afghan pilots held at Uzbek camp fear deadly homecoming"",""url"":""https://www.reuters.com/world/asia-pacific/exclusive-theyll-kill-us-afghan-pilots-held-uzbek-camp-fear-deadly-homecoming-2021-09-03/"",""url_mobile"":""""}]"
f526cbd8f58593c68b49fa8f2fea60025319bf1bdf90f2a552511eb453153877,https://www.reuters.com/world/blinken-state-dept-constant-contact-with-americans-still-afghanistan-2021-09-03/,https://www.reuters.com/world/blinken-state-dept-constant-contact-with-americans-still-afghanistan-2021-09-03/,Blinken to travel to Qatar and Germany to hold meetings on Afghanistan,2021-09-03 20:00:00+00:00,2021-09-04 03:00:00+07:00,reuters.com,English,United States,"[""armed_conflict""]",https://www.reuters.com/resizer/IVatwnoDQvFrAOn_1eTSx9Qx8as=/1200x628/smart/filters:quality(80)/cloudfront-us-east-2.images.arcpublishing.com/reuters/PZZNKGVX2NMD3N22FUORNY7V6M.jpg,2026-09-09T08:53:09.954157Z,,20210903T200000Z,gdelt_first_seen,"[""https://www.reuters.com/world/blinken-state-dept-constant-contact-with-americans-still-afghanistan-2021-09-03/""]",1,[],"[{""domain"":""reuters.com"",""language"":""English"",""logical_end"":""2021-09-04T00:00:00Z"",""logical_start"":""2021-09-03T00:00:00Z"",""query_category"":""armed_conflict"",""query_string"":""(war OR invasion OR missile OR airstrike OR ceasefire OR military OR conflict) domain:reuters.com sourcelang:english"",""requested_end"":""20210904000001"",""requested_start"":""20210902235959"",""retrieved_at_utc"":""2026-09-09T08:53:09.954157Z"",""seendate"":""20210903T200000Z"",""socialimage"":""https://www.reuters.com/resizer/IVatwnoDQvFrAOn_1eTSx9Qx8as=/1200x628/smart/filters:quality(80)/cloudfront-us-east-2.images.arcpublishing.com/reuters/PZZNKGVX2NMD3N22FUORNY7V6M.jpg"",""sourcecountry"":""United States"",""title"":""Blinken to travel to Qatar and Germany to hold meetings on Afghanistan"",""url"":""https://www.reuters.com/world/blinken-state-dept-constant-contact-with-americans-still-afghanistan-2021-09-03/"",""url_mobile"":""""}]"
bcb7d19658b6ad85adce7317923078a48805981ad161333276e3281cf15ddfc2,https://www.reuters.com/article/us-afghanistan-conflict-state/blinken-state-dept-in-constant-contact-with-americans-still-in-afghanistan-idUSKBN2FZ1QJ,https://www.reuters.com/article/us-afghanistan-conflict-state/blinken-state-dept-in-constant-contact-with-americans-still-in-afghanistan-idUSKBN2FZ1QJ,Blinken to travel to Qatar and Germany to hold meetings on Afghanistan,2021-09-03 20:15:00+00:00,2021-09-04 03:15:00+07:00,reuters.com,English,United States,"[""armed_conflict""]",https://static.reuters.com/resources/r/?m=02&d=20210903&t=2&i=1573812230&r=LYNXMPEH820UY,2026-09-09T08:53:09.954157Z,https://mobile.reuters.com/article/amp/idUSKBN2FZ1RF,20210903T201500Z,gdelt_first_seen,"[""https://www.reuters.com/article/us-afghanistan-conflict-state/blinken-state-dept-in-constant-contact-with-americans-still-in-afghanistan-idUSKBN2FZ1QJ""]",1,[],"[{""domain"":""reuters.com"",""language"":""English"",""logical_end"":""2021-09-04T00:00:00Z"",""logical_start"":""2021-09-03T00:00:00Z"",""query_category"":""armed_conflict"",""query_string"":""(war OR invasion OR missile OR airstrike OR ceasefire OR military OR conflict) domain:reuters.com sourcelang:english"",""requested_end"":""20210904000001"",""requested_start"":""20210902235959"",""retrieved_at_utc"":""2026-09-09T08:53:09.954157Z"",""seendate"":""20210903T201500Z"",""socialimage"":""https://static.reuters.com/resources/r/?m=02&d=20210903&t=2&i=1573812230&r=LYNXMPEH820UY"",""sourcecountry"":""United States"",""title"":""Blinken to travel to Qatar and Germany to hold meetings on Afghanistan"",""url"":""https://www.reuters.com/article/us-afghanistan-conflict-state/blinken-state-dept-in-constant-contact-with-americans-still-in-afghanistan-idUSKBN2FZ1QJ"",""url_mobile"":""https://mobile.reuters.com/article/amp/idUSKBN2FZ1RF""}]"
a3d621c7fb28a81af54bcf08460a9704f82a7143e461f46a506077f24e8ebac0,https://www.reuters.com/article/global-precious/precious-weaker-dollar-boosts-gold-ahead-of-u-s-jobs-data-idUSL1N2Q504Z,https://www.reuters.com/article/global-precious/precious-weaker-dollar-boosts-gold-ahead-of-u-s-jobs-data-idUSL1N2Q504Z,PRECIOUS - Weaker dollar boosts gold ahead of U . S . jobs data,2021-09-03 20:30:00+00:00,2021-09-04 03:30:00+07:00,reuters.com,English,United States,"[""monetary_geoeconomic""]",https://s1.reutersmedia.net/resources_v2/images/rcom-default.png,2026-09-09T09:07:27.462718Z,https://mobile.reuters.com/article/amp/idUSL1N2Q504Z,20210903T203000Z,gdelt_first_seen,"[""https://www.reuters.com/article/global-precious/precious-weaker-dollar-boosts-gold-ahead-of-u-s-jobs-data-idUSL1N2Q504Z""]",1,[],"[{""domain"":""reuters.com"",""language"":""English"",""logical_end"":""2021-09-04T00:00:00Z"",""logical_start"":""2021-09-03T00:00:00Z"",""query_category"":""monetary_geoeconomic"",""query_string"":""(\""Federal Reserve\"" OR \""interest rate\"" OR \""rate hike\"" OR inflation OR CPI) domain:reuters.com sourcelang:english"",""requested_end"":""20210904000001"",""requested_start"":""20210902235959"",""retrieved_at_utc"":""2026-09-09T09:07:27.462718Z"",""seendate"":""20210903T203000Z"",""socialimage"":""https://s1.reutersmedia.net/resources_v2/images/rcom-default.png"",""sourcecountry"":""United States"",""title"":""PRECIOUS - Weaker dollar boosts gold ahead of U . S . jobs data"",""url"":""https://www.reuters.com/article/global-precious/precious-weaker-dollar-boosts-gold-ahead-of-u-s-jobs-data-idUSL1N2Q504Z"",""url_mobile"":""https://mobile.reuters.com/article/amp/idUSL1N2Q504Z""}]"
3ee4e3806f4ca4cd6bf13a21408e9d0abaf27a59f5afd1e9daf18d4fa4e7bd7a,https://www.reuters.com/business/energy/two-gulf-mexico-energy-pipelines-ready-resume-service-after-ida-enbridge-2021-09-03/,https://www.reuters.com/business/energy/two-gulf-mexico-energy-pipelines-ready-resume-service-after-ida-enbridge-2021-09-03/,Two Gulf of Mexico energy pipelines ready to resume service after Ida - Enbridge,2021-09-03 20:45:00+00:00,2021-09-04 03:45:00+07:00,reuters.com,English,United States,"[""energy_geopolitics""]",https://www.reuters.com/pf/resources/images/reuters/reuters-default.png?d=50,2026-09-09T08:56:24.139581Z,,20210903T204500Z,gdelt_first_seen,"[""https://www.reuters.com/business/energy/two-gulf-mexico-energy-pipelines-ready-resume-service-after-ida-enbridge-2021-09-03/""]",1,[],"[{""domain"":""reuters.com"",""language"":""English"",""logical_end"":""2021-09-04T00:00:00Z"",""logical_start"":""2021-09-03T00:00:00Z"",""query_category"":""energy_geopolitics"",""query_string"":""(OPEC OR \""oil embargo\"" OR \""oil supply\"" OR \""energy crisis\"" OR \""natural gas\"") domain:reuters.com sourcelang:english"",""requested_end"":""20210904000001"",""requested_start"":""20210902235959"",""retrieved_at_utc"":""2026-09-09T08:56:24.139581Z"",""seendate"":""20210903T204500Z"",""socialimage"":""https://www.reuters.com/pf/resources/images/reuters/reuters-default.png?d=50"",""sourcecountry"":""United States"",""title"":""Two Gulf of Mexico energy pipelines ready to resume service after Ida - Enbridge"",""url"":""https://www.reuters.com/business/energy/two-gulf-mexico-energy-pipelines-ready-resume-service-after-ida-enbridge-2021-09-03/"",""url_mobile"":""""}]"
cea9f9ee99ed2786244e334465059d5eb331408b6fbe1c09419611c224694342,https://www.reuters.com/world/middle-east/lebanon-deported-reuters-journalist-after-questioning-2021-09-03/,https://www.reuters.com/world/middle-east/lebanon-deported-reuters-journalist-after-questioning-2021-09-03/,Lebanon deported Reuters journalist after questioning,2021-09-03 21:00:00+00:00,2021-09-04 04:00:00+07:00,reuters.com,English,United States,"[""armed_conflict""]",https://www.reuters.com/resizer/lVtWI8ibC6fz-KUkmFg4Ri4kTzs=/1200x628/smart/filters:quality(80)/cloudfront-us-east-2.images.arcpublishing.com/reuters/A23AQBMLQNONJMNBD3MBT6VIGQ.jpg,2026-09-09T08:53:09.954157Z,,20210903T210000Z,gdelt_first_seen,"[""https://www.reuters.com/world/middle-east/lebanon-deported-reuters-journalist-after-questioning-2021-09-03/""]",1,[],"[{""domain"":""reuters.com"",""language"":""English"",""logical_end"":""2021-09-04T00:00:00Z"",""logical_start"":""2021-09-03T00:00:00Z"",""query_category"":""armed_conflict"",""query_string"":""(war OR invasion OR missile OR airstrike OR ceasefire OR military OR conflict) domain:reuters.com sourcelang:english"",""requested_end"":""20210904000001"",""requested_start"":""20210902235959"",""retrieved_at_utc"":""2026-09-09T08:53:09.954157Z"",""seendate"":""20210903T210000Z"",""socialimage"":""https://www.reuters.com/resizer/lVtWI8ibC6fz-KUkmFg4Ri4kTzs=/1200x628/smart/filters:quality(80)/cloudfront-us-east-2.images.arcpublishing.com/reuters/A23AQBMLQNONJMNBD3MBT6VIGQ.jpg"",""sourcecountry"":""United States"",""title"":""Lebanon deported Reuters journalist after questioning"",""url"":""https://www.reuters.com/world/middle-east/lebanon-deported-reuters-journalist-after-questioning-2021-09-03/"",""url_mobile"":""""}]"
8353b9f0605f8155f7d0df799bdbff17a5204258fcb013d545f15eba8e686659,https://www.reuters.com/article/canada-stocks-idUSL1N2Q5286,https://www.reuters.com/article/canada-stocks-idUSL1N2Q5286,CANADA STOCKS - TSX posts record high as softer U . S . dollar lifts metal prices,2021-09-03 21:15:00+00:00,2021-09-04 04:15:00+07:00,reuters.com,English,United States,"[""monetary_geoeconomic""]",https://s1.reutersmedia.net/resources_v2/images/rcom-default.png,2026-09-09T09:07:27.462718Z,https://mobile.reuters.com/article/amp/idUSL1N2Q5286,20210903T211500Z,gdelt_first_seen,"[""https://www.reuters.com/article/canada-stocks-idUSL1N2Q5286""]",1,[],"[{""domain"":""reuters.com"",""language"":""English"",""logical_end"":""2021-09-04T00:00:00Z"",""logical_start"":""2021-09-03T00:00:00Z"",""query_category"":""monetary_geoeconomic"",""query_string"":""(\""Federal Reserve\"" OR \""interest rate\"" OR \""rate hike\"" OR inflation OR CPI) domain:reuters.com sourcelang:english"",""requested_end"":""20210904000001"",""requested_start"":""20210902235959"",""retrieved_at_utc"":""2026-09-09T09:07:27.462718Z"",""seendate"":""20210903T211500Z"",""socialimage"":""https://s1.reutersmedia.net/resources_v2/images/rcom-default.png"",""sourcecountry"":""United States"",""title"":""CANADA STOCKS - TSX posts record high as softer U . S . dollar lifts metal prices"",""url"":""https://www.reuters.com/article/canada-stocks-idUSL1N2Q5286"",""url_mobile"":""https://mobile.reuters.com/article/amp/idUSL1N2Q5286""}]"
bc626cea6795628c1787f60b062742a90263abe814806a2e5de9d0c4fdeffd4e,https://www.reuters.com/article/global-precious/precious-gold-climbs-as-slower-u-s-jobs-growth-clouds-fed-taper-timeline-idUSL4N2Q529T,https://www.reuters.com/article/global-precious/precious-gold-climbs-as-slower-u-s-jobs-growth-clouds-fed-taper-timeline-idUSL4N2Q529T,Gold climbs as slower U . S . jobs growth clouds Fed taper timeline,2021-09-03 21:30:00+00:00,2021-09-04 04:30:00+07:00,reuters.com,English,United States,"[""monetary_geoeconomic""]",https://static.reuters.com/resources/r/?m=02&d=20210903&t=2&i=1573808109&r=LYNXMPEH8201U,2026-09-09T09:07:27.462718Z,https://mobile.reuters.com/article/amp/idUSKBN2FZ03Y,20210903T213000Z,gdelt_first_seen,"[""https://www.reuters.com/article/global-precious/precious-gold-climbs-as-slower-u-s-jobs-growth-clouds-fed-taper-timeline-idUSL4N2Q529T""]",1,[],"[{""domain"":""reuters.com"",""language"":""English"",""logical_end"":""2021-09-04T00:00:00Z"",""logical_start"":""2021-09-03T00:00:00Z"",""query_category"":""monetary_geoeconomic"",""query_string"":""(\""Federal Reserve\"" OR \""interest rate\"" OR \""rate hike\"" OR inflation OR CPI) domain:reuters.com sourcelang:english"",""requested_end"":""20210904000001"",""requested_start"":""20210902235959"",""retrieved_at_utc"":""2026-09-09T09:07:27.462718Z"",""seendate"":""20210903T213000Z"",""socialimage"":""https://static.reuters.com/resources/r/?m=02&d=20210903&t=2&i=1573808109&r=LYNXMPEH8201U"",""sourcecountry"":""United States"",""title"":""Gold climbs as slower U . S . jobs growth clouds Fed taper timeline"",""url"":""https://www.reuters.com/article/global-precious/precious-gold-climbs-as-slower-u-s-jobs-growth-clouds-fed-taper-timeline-idUSL4N2Q529T"",""url_mobile"":""https://mobile.reuters.com/article/amp/idUSKBN2FZ03Y""}]"
0b376453c9cccefca8d8a90c9948c6edd7aea9ab784b8920dd14d18a7ac210f7,https://www.reuters.com/business/tech-drives-nasdaq-record-finish-wall-street-mixed-jobs-report-2021-09-03/,https://www.reuters.com/business/tech-drives-nasdaq-record-finish-wall-street-mixed-jobs-report-2021-09-03/,Tech drives Nasdaq to record finish but Wall Street mixed on jobs report,2021-09-03 21:30:00+00:00,2021-09-04 04:30:00+07:00,reuters.com,English,United States,"[""monetary_geoeconomic""]",https://www.reuters.com/pf/resources/images/reuters/reuters-default.png?d=50,2026-09-09T09:07:27.462718Z,,20210903T213000Z,gdelt_first_seen,"[""https://www.reuters.com/business/tech-drives-nasdaq-record-finish-wall-street-mixed-jobs-report-2021-09-03/""]",1,[],"[{""domain"":""reuters.com"",""language"":""English"",""logical_end"":""2021-09-04T00:00:00Z"",""logical_start"":""2021-09-03T00:00:00Z"",""query_category"":""monetary_geoeconomic"",""query_string"":""(\""Federal Reserve\"" OR \""interest rate\"" OR \""rate hike\"" OR inflation OR CPI) domain:reuters.com sourcelang:english"",""requested_end"":""20210904000001"",""requested_start"":""20210902235959"",""retrieved_at_utc"":""2026-09-09T09:07:27.462718Z"",""seendate"":""20210903T213000Z"",""socialimage"":""https://www.reuters.com/pf/resources/images/reuters/reuters-default.png?d=50"",""sourcecountry"":""United States"",""title"":""Tech drives Nasdaq to record finish but Wall Street mixed on jobs report"",""url"":""https://www.reuters.com/business/tech-drives-nasdaq-record-finish-wall-street-mixed-jobs-report-2021-09-03/"",""url_mobile"":""""}]"
5cbebecc1a15d48de95982a737cb66087207d64a1b0543ba0d08fee3f2893404,https://www.reuters.com/world/europe/dutch-evacuation-bid-afghanistan-fails-amid-airport-chaos-2021-08-18/,https://www.reuters.com/world/europe/dutch-evacuation-bid-afghanistan-fails-amid-airport-chaos-2021-08-18/,Dutch get 35 citizens out of Afghanistan after chaos holds up evacuations,2021-09-03 21:30:00+00:00,2021-09-04 04:30:00+07:00,reuters.com,English,United States,"[""armed_conflict""]",https://www.reuters.com/pf/resources/images/reuters/reuters-default.png?d=50,2026-09-09T08:53:09.954157Z,,20210903T213000Z,gdelt_first_seen,"[""https://www.reuters.com/world/europe/dutch-evacuation-bid-afghanistan-fails-amid-airport-chaos-2021-08-18/""]",1,[],"[{""domain"":""reuters.com"",""language"":""English"",""logical_end"":""2021-09-04T00:00:00Z"",""logical_start"":""2021-09-03T00:00:00Z"",""query_category"":""armed_conflict"",""query_string"":""(war OR invasion OR missile OR airstrike OR ceasefire OR military OR conflict) domain:reuters.com sourcelang:english"",""requested_end"":""20210904000001"",""requested_start"":""20210902235959"",""retrieved_at_utc"":""2026-09-09T08:53:09.954157Z"",""seendate"":""20210903T213000Z"",""socialimage"":""https://www.reuters.com/pf/resources/images/reuters/reuters-default.png?d=50"",""sourcecountry"":""United States"",""title"":""Dutch get 35 citizens out of Afghanistan after chaos holds up evacuations"",""url"":""https://www.reuters.com/world/europe/dutch-evacuation-bid-afghanistan-fails-amid-airport-chaos-2021-08-18/"",""url_mobile"":""""}]"
d5b84309107b1a83f49c0349007537f6fdc98ce20c3ef7be8b98923de5ce64e9,https://www.reuters.com/article/canada-stocks/canada-stocks-tsx-posts-record-high-as-softer-u-s-dollar-lifts-metal-prices-idUSL1N2Q5286,https://www.reuters.com/article/canada-stocks/canada-stocks-tsx-posts-record-high-as-softer-u-s-dollar-lifts-metal-prices-idUSL1N2Q5286,CANADA STOCKS - TSX posts record high as softer U . S . dollar lifts metal prices,2021-09-03 21:45:00+00:00,2021-09-04 04:45:00+07:00,reuters.com,English,United States,"[""monetary_geoeconomic""]",https://s1.reutersmedia.net/resources_v2/images/rcom-default.png,2026-09-09T09:07:27.462718Z,https://mobile.reuters.com/article/amp/idUSL1N2Q5286,20210903T214500Z,gdelt_first_seen,"[""https://www.reuters.com/article/canada-stocks/canada-stocks-tsx-posts-record-high-as-softer-u-s-dollar-lifts-metal-prices-idUSL1N2Q5286""]",1,[],"[{""domain"":""reuters.com"",""language"":""English"",""logical_end"":""2021-09-04T00:00:00Z"",""logical_start"":""2021-09-03T00:00:00Z"",""query_category"":""monetary_geoeconomic"",""query_string"":""(\""Federal Reserve\"" OR \""interest rate\"" OR \""rate hike\"" OR inflation OR CPI) domain:reuters.com sourcelang:english"",""requested_end"":""20210904000001"",""requested_start"":""20210902235959"",""retrieved_at_utc"":""2026-09-09T09:07:27.462718Z"",""seendate"":""20210903T214500Z"",""socialimage"":""https://s1.reutersmedia.net/resources_v2/images/rcom-default.png"",""sourcecountry"":""United States"",""title"":""CANADA STOCKS - TSX posts record high as softer U . S . dollar lifts metal prices"",""url"":""https://www.reuters.com/article/canada-stocks/canada-stocks-tsx-posts-record-high-as-softer-u-s-dollar-lifts-metal-prices-idUSL1N2Q5286"",""url_mobile"":""https://mobile.reuters.com/article/amp/idUSL1N2Q5286""}]"
e2a52f03b8eeb80f3c7b760d39f518aae8d3147eedf7d0cf5458a63772e29e3c,https://www.reuters.com/world/africa/somalias-puntland-sends-troops-fight-al-shabaab-neighbouring-state-2021-09-03/,https://www.reuters.com/world/africa/somalias-puntland-sends-troops-fight-al-shabaab-neighbouring-state-2021-09-03/,Somalia Puntland sends troops to fight al Shabaab in neighbouring state,2021-09-03 21:45:00+00:00,2021-09-04 04:45:00+07:00,reuters.com,English,United States,"[""armed_conflict""]",https://www.reuters.com/pf/resources/images/reuters/reuters-default.png?d=50,2026-09-09T08:53:09.954157Z,,20210903T214500Z,gdelt_first_seen,"[""https://www.reuters.com/world/africa/somalias-puntland-sends-troops-fight-al-shabaab-neighbouring-state-2021-09-03/""]",1,[],"[{""domain"":""reuters.com"",""language"":""English"",""logical_end"":""2021-09-04T00:00:00Z"",""logical_start"":""2021-09-03T00:00:00Z"",""query_category"":""armed_conflict"",""query_string"":""(war OR invasion OR missile OR airstrike OR ceasefire OR military OR conflict) domain:reuters.com sourcelang:english"",""requested_end"":""20210904000001"",""requested_start"":""20210902235959"",""retrieved_at_utc"":""2026-09-09T08:53:09.954157Z"",""seendate"":""20210903T214500Z"",""socialimage"":""https://www.reuters.com/pf/resources/images/reuters/reuters-default.png?d=50"",""sourcecountry"":""United States"",""title"":""Somalia Puntland sends troops to fight al Shabaab in neighbouring state"",""url"":""https://www.reuters.com/world/africa/somalias-puntland-sends-troops-fight-al-shabaab-neighbouring-state-2021-09-03/"",""url_mobile"":""""}]"
a98929e35904152c8280dda34042be26a0bffd66d4f14affa74d7a1bc2a48559,https://www.reuters.com/world/americas/guatemala-two-ex-generals-ordered-stand-trial-genocide-2021-08-31/,https://www.reuters.com/world/americas/guatemala-two-ex-generals-ordered-stand-trial-genocide-2021-08-31/,"In Guatemala , two ex - generals ordered to stand trial for genocide",2021-09-03 21:45:00+00:00,2021-09-04 04:45:00+07:00,reuters.com,English,United States,"[""armed_conflict""]",https://www.reuters.com/pf/resources/images/reuters/reuters-default.png?d=50,2026-09-09T08:53:09.954157Z,,20210903T214500Z,gdelt_first_seen,"[""https://www.reuters.com/world/americas/guatemala-two-ex-generals-ordered-stand-trial-genocide-2021-08-31/""]",1,[],"[{""domain"":""reuters.com"",""language"":""English"",""logical_end"":""2021-09-04T00:00:00Z"",""logical_start"":""2021-09-03T00:00:00Z"",""query_category"":""armed_conflict"",""query_string"":""(war OR invasion OR missile OR airstrike OR ceasefire OR military OR conflict) domain:reuters.com sourcelang:english"",""requested_end"":""20210904000001"",""requested_start"":""20210902235959"",""retrieved_at_utc"":""2026-09-09T08:53:09.954157Z"",""seendate"":""20210903T214500Z"",""socialimage"":""https://www.reuters.com/pf/resources/images/reuters/reuters-default.png?d=50"",""sourcecountry"":""United States"",""title"":""In Guatemala , two ex - generals ordered to stand trial for genocide"",""url"":""https://www.reuters.com/world/americas/guatemala-two-ex-generals-ordered-stand-trial-genocide-2021-08-31/"",""url_mobile"":""""}]"
ba40c6922e99b42a800d8c1498c8b65ebc218ecacd4fa7960510b8625fd9d7da,https://www.reuters.com/article/lebanon-reuters/lebanon-deported-reuters-journalist-after-questioning-idUSKBN2FZ1TN,https://www.reuters.com/article/lebanon-reuters/lebanon-deported-reuters-journalist-after-questioning-idUSKBN2FZ1TN,Lebanon deported Reuters journalist after questioning,2021-09-03 22:00:00+00:00,2021-09-04 05:00:00+07:00,reuters.com,English,United States,"[""armed_conflict""]",https://static.reuters.com/resources/r/?m=02&d=20210903&t=2&i=1573817289&r=LYNXMPEH820X1,2026-09-09T08:53:09.954157Z,https://mobile.reuters.com/article/amp/idUSKBN2FZ1UY,20210903T220000Z,gdelt_first_seen,"[""https://www.reuters.com/article/lebanon-reuters/lebanon-deported-reuters-journalist-after-questioning-idUSKBN2FZ1TN""]",1,[],"[{""domain"":""reuters.com"",""language"":""English"",""logical_end"":""2021-09-04T00:00:00Z"",""logical_start"":""2021-09-03T00:00:00Z"",""query_category"":""armed_conflict"",""query_string"":""(war OR invasion OR missile OR airstrike OR ceasefire OR military OR conflict) domain:reuters.com sourcelang:english"",""requested_end"":""20210904000001"",""requested_start"":""20210902235959"",""retrieved_at_utc"":""2026-09-09T08:53:09.954157Z"",""seendate"":""20210903T220000Z"",""socialimage"":""https://static.reuters.com/resources/r/?m=02&d=20210903&t=2&i=1573817289&r=LYNXMPEH820X1"",""sourcecountry"":""United States"",""title"":""Lebanon deported Reuters journalist after questioning"",""url"":""https://www.reuters.com/article/lebanon-reuters/lebanon-deported-reuters-journalist-after-questioning-idUSKBN2FZ1TN"",""url_mobile"":""https://mobile.reuters.com/article/amp/idUSKBN2FZ1UY""}]"
57cc2beb6101350ed5e763b18ee131f42d320dabac331e914ae35f5de08021df,https://www.reuters.com/article/us-afghanistan-conflict-state/blinken-to-discuss-afghan-evacuees-at-meetings-in-qatar-and-germany-idUSKBN2FZ1QJ,https://www.reuters.com/article/us-afghanistan-conflict-state/blinken-to-discuss-afghan-evacuees-at-meetings-in-qatar-and-germany-idUSKBN2FZ1QJ,Blinken to discuss Afghan evacuees at meetings in Qatar and Germany,2021-09-03 22:00:00+00:00,2021-09-04 05:00:00+07:00,reuters.com,English,United States,"[""armed_conflict""]",https://static.reuters.com/resources/r/?m=02&d=20210903&t=2&i=1573810777&r=LYNXMPEH820UJ,2026-09-09T08:53:09.954157Z,https://mobile.reuters.com/article/amp/idUSKBN2FZ1QJ,20210903T220000Z,gdelt_first_seen,"[""https://www.reuters.com/article/us-afghanistan-conflict-state/blinken-to-discuss-afghan-evacuees-at-meetings-in-qatar-and-germany-idUSKBN2FZ1QJ""]",1,[],"[{""domain"":""reuters.com"",""language"":""English"",""logical_end"":""2021-09-04T00:00:00Z"",""logical_start"":""2021-09-03T00:00:00Z"",""query_category"":""armed_conflict"",""query_string"":""(war OR invasion OR missile OR airstrike OR ceasefire OR military OR conflict) domain:reuters.com sourcelang:english"",""requested_end"":""20210904000001"",""requested_start"":""20210902235959"",""retrieved_at_utc"":""2026-09-09T08:53:09.954157Z"",""seendate"":""20210903T220000Z"",""socialimage"":""https://static.reuters.com/resources/r/?m=02&d=20210903&t=2&i=1573810777&r=LYNXMPEH820UJ"",""sourcecountry"":""United States"",""title"":""Blinken to discuss Afghan evacuees at meetings in Qatar and Germany"",""url"":""https://www.reuters.com/article/us-afghanistan-conflict-state/blinken-to-discuss-afghan-evacuees-at-meetings-in-qatar-and-germany-idUSKBN2FZ1QJ"",""url_mobile"":""https://mobile.reuters.com/article/amp/idUSKBN2FZ1QJ""}]"
cae56c198107049c7e8b4905efc665f4148ae1811109644fe9c22caf0be2a4ed,https://www.reuters.com/article/us-afghanistan-conflict-usa-defense/u-s-defense-secretary-to-travel-to-gulf-countries-next-week-idUSKBN2FZ1RV,https://www.reuters.com/article/us-afghanistan-conflict-usa-defense/u-s-defense-secretary-to-travel-to-gulf-countries-next-week-idUSKBN2FZ1RV,U . S . defense secretary to travel to Gulf countries next week,2021-09-03 22:00:00+00:00,2021-09-04 05:00:00+07:00,reuters.com,English,United States,"[""armed_conflict""]",https://static.reuters.com/resources/r/?m=02&d=20210903&t=2&i=1573812893&r=LYNXMPEH820V6,2026-09-09T08:53:09.954157Z,https://mobile.reuters.com/article/amp/idUSKBN2FZ1S3,20210903T220000Z,gdelt_first_seen,"[""https://www.reuters.com/article/us-afghanistan-conflict-usa-defense/u-s-defense-secretary-to-travel-to-gulf-countries-next-week-idUSKBN2FZ1RV""]",1,[],"[{""domain"":""reuters.com"",""language"":""English"",""logical_end"":""2021-09-04T00:00:00Z"",""logical_start"":""2021-09-03T00:00:00Z"",""query_category"":""armed_conflict"",""query_string"":""(war OR invasion OR missile OR airstrike OR ceasefire OR military OR conflict) domain:reuters.com sourcelang:english"",""requested_end"":""20210904000001"",""requested_start"":""20210902235959"",""retrieved_at_utc"":""2026-09-09T08:53:09.954157Z"",""seendate"":""20210903T220000Z"",""socialimage"":""https://static.reuters.com/resources/r/?m=02&d=20210903&t=2&i=1573812893&r=LYNXMPEH820V6"",""sourcecountry"":""United States"",""title"":""U . S . defense secretary to travel to Gulf countries next week"",""url"":""https://www.reuters.com/article/us-afghanistan-conflict-usa-defense/u-s-defense-secretary-to-travel-to-gulf-countries-next-week-idUSKBN2FZ1RV"",""url_mobile"":""https://mobile.reuters.com/article/amp/idUSKBN2FZ1S3""}]"
19b418d3dd59a31c5dcebe18c4803611d5d1f484c67ec5bd6f29785d6ec4cf8e,https://www.reuters.com/article/us-chile-argentina-territory/chilean-president-defends-territorial-claim-in-spat-with-argentina-idUSKBN2FZ1X0,https://www.reuters.com/article/us-chile-argentina-territory/chilean-president-defends-territorial-claim-in-spat-with-argentina-idUSKBN2FZ1X0,Chilean president defends territorial claim in spat with Argentina,2021-09-03 22:00:00+00:00,2021-09-04 05:00:00+07:00,reuters.com,English,United States,"[""armed_conflict""]",https://s1.reutersmedia.net/resources_v2/images/rcom-default.png,2026-09-09T08:53:09.954157Z,https://mobile.reuters.com/article/amp/idUSKBN2FZ1X0,20210903T220000Z,gdelt_first_seen,"[""https://www.reuters.com/article/us-chile-argentina-territory/chilean-president-defends-territorial-claim-in-spat-with-argentina-idUSKBN2FZ1X0""]",1,[],"[{""domain"":""reuters.com"",""language"":""English"",""logical_end"":""2021-09-04T00:00:00Z"",""logical_start"":""2021-09-03T00:00:00Z"",""query_category"":""armed_conflict"",""query_string"":""(war OR invasion OR missile OR airstrike OR ceasefire OR military OR conflict) domain:reuters.com sourcelang:english"",""requested_end"":""20210904000001"",""requested_start"":""20210902235959"",""retrieved_at_utc"":""2026-09-09T08:53:09.954157Z"",""seendate"":""20210903T220000Z"",""socialimage"":""https://s1.reutersmedia.net/resources_v2/images/rcom-default.png"",""sourcecountry"":""United States"",""title"":""Chilean president defends territorial claim in spat with Argentina"",""url"":""https://www.reuters.com/article/us-chile-argentina-territory/chilean-president-defends-territorial-claim-in-spat-with-argentina-idUSKBN2FZ1X0"",""url_mobile"":""https://mobile.reuters.com/article/amp/idUSKBN2FZ1X0""}]"
5f9595a322309335ff40add84397c202788c4912ecd72b090cb5eeb130d81bb8,https://www.reuters.com/world/americas/brazil-central-bank-chief-campos-neto-closely-monitoring-electricity-prices-2021-09-03/,https://www.reuters.com/world/americas/brazil-central-bank-chief-campos-neto-closely-monitoring-electricity-prices-2021-09-03/,Brazil central bank chief Campos Neto closely monitoring electricity prices,2021-09-03 22:00:00+00:00,2021-09-04 05:00:00+07:00,reuters.com,English,United States,"[""monetary_geoeconomic""]",https://www.reuters.com/pf/resources/images/reuters/reuters-default.png?d=50,2026-09-09T09:07:27.462718Z,,20210903T220000Z,gdelt_first_seen,"[""https://www.reuters.com/world/americas/brazil-central-bank-chief-campos-neto-closely-monitoring-electricity-prices-2021-09-03/""]",1,[],"[{""domain"":""reuters.com"",""language"":""English"",""logical_end"":""2021-09-04T00:00:00Z"",""logical_start"":""2021-09-03T00:00:00Z"",""query_category"":""monetary_geoeconomic"",""query_string"":""(\""Federal Reserve\"" OR \""interest rate\"" OR \""rate hike\"" OR inflation OR CPI) domain:reuters.com sourcelang:english"",""requested_end"":""20210904000001"",""requested_start"":""20210902235959"",""retrieved_at_utc"":""2026-09-09T09:07:27.462718Z"",""seendate"":""20210903T220000Z"",""socialimage"":""https://www.reuters.com/pf/resources/images/reuters/reuters-default.png?d=50"",""sourcecountry"":""United States"",""title"":""Brazil central bank chief Campos Neto  closely monitoring  electricity prices"",""url"":""https://www.reuters.com/world/americas/brazil-central-bank-chief-campos-neto-closely-monitoring-electricity-prices-2021-09-03/"",""url_mobile"":""""}]"
774be8aeb409f6e03a3fd6a4a6c1a571a638f27bbbd4fde7f4239ac950eee42b,https://www.reuters.com/world/americas/chilean-president-defends-territorial-claim-spat-with-argentina-2021-09-03/,https://www.reuters.com/world/americas/chilean-president-defends-territorial-claim-spat-with-argentina-2021-09-03/,Chilean president defends territorial claim in spat with Argentina,2021-09-03 22:00:00+00:00,2021-09-04 05:00:00+07:00,reuters.com,English,United States,"[""armed_conflict""]",https://www.reuters.com/pf/resources/images/reuters/reuters-default.png?d=50,2026-09-09T08:53:09.954157Z,,20210903T220000Z,gdelt_first_seen,"[""https://www.reuters.com/world/americas/chilean-president-defends-territorial-claim-spat-with-argentina-2021-09-03/""]",1,[],"[{""domain"":""reuters.com"",""language"":""English"",""logical_end"":""2021-09-04T00:00:00Z"",""logical_start"":""2021-09-03T00:00:00Z"",""query_category"":""armed_conflict"",""query_string"":""(war OR invasion OR missile OR airstrike OR ceasefire OR military OR conflict) domain:reuters.com sourcelang:english"",""requested_end"":""20210904000001"",""requested_start"":""20210902235959"",""retrieved_at_utc"":""2026-09-09T08:53:09.954157Z"",""seendate"":""20210903T220000Z"",""socialimage"":""https://www.reuters.com/pf/resources/images/reuters/reuters-default.png?d=50"",""sourcecountry"":""United States"",""title"":""Chilean president defends territorial claim in spat with Argentina"",""url"":""https://www.reuters.com/world/americas/chilean-president-defends-territorial-claim-spat-with-argentina-2021-09-03/"",""url_mobile"":""""}]"
d5f7104b2f7a85d6b3b127c49fd4085a8d5817eb607c027216fd9d7efb4e3d32,https://www.reuters.com/article/us-afghanistan-conflict-usa-pilots-exclu-idUSKBN2FZ1RB,https://www.reuters.com/article/us-afghanistan-conflict-usa-pilots-exclu-idUSKBN2FZ1RB,Exclusive - Theyll kill u - Afghan pilots held at Uzbek camp fear deadly homecoming,2021-09-03 22:15:00+00:00,2021-09-04 05:15:00+07:00,reuters.com,English,United States,"[""armed_conflict""]",https://static.reuters.com/resources/r/?m=02&d=20210903&t=2&i=1573817550&r=LYNXMPEH820UV,2026-09-09T08:53:09.954157Z,https://mobile.reuters.com/article/amp/idUSKBN2FZ1RB,20210903T221500Z,gdelt_first_seen,"[""https://www.reuters.com/article/us-afghanistan-conflict-usa-pilots-exclu-idUSKBN2FZ1RB""]",1,[],"[{""domain"":""reuters.com"",""language"":""English"",""logical_end"":""2021-09-04T00:00:00Z"",""logical_start"":""2021-09-03T00:00:00Z"",""query_category"":""armed_conflict"",""query_string"":""(war OR invasion OR missile OR airstrike OR ceasefire OR military OR conflict) domain:reuters.com sourcelang:english"",""requested_end"":""20210904000001"",""requested_start"":""20210902235959"",""retrieved_at_utc"":""2026-09-09T08:53:09.954157Z"",""seendate"":""20210903T221500Z"",""socialimage"":""https://static.reuters.com/resources/r/?m=02&d=20210903&t=2&i=1573817550&r=LYNXMPEH820UV"",""sourcecountry"":""United States"",""title"":""Exclusive - Theyll kill u - Afghan pilots held at Uzbek camp fear deadly homecoming"",""url"":""https://www.reuters.com/article/us-afghanistan-conflict-usa-pilots-exclu-idUSKBN2FZ1RB"",""url_mobile"":""https://mobile.reuters.com/article/amp/idUSKBN2FZ1RB""}]"
51fd88488faf2710c675ef3de31ad03980fdc32e7e23fc2e4bf56cad3b24a8c6,https://www.reuters.com/world/africa/mediclinic-procure-renewable-energy-152-mln-deal-2021-09-03/,https://www.reuters.com/world/africa/mediclinic-procure-renewable-energy-152-mln-deal-2021-09-03/,Mediclinic to procure renewable energy in a $152 mln deal,2021-09-03 22:30:00+00:00,2021-09-04 05:30:00+07:00,reuters.com,English,United States,"[""monetary_geoeconomic"",""trade_conflict""]",https://www.reuters.com/resizer/5S1rc1NOYywxmdGx9aWI0NMtYHQ=/1200x628/smart/filters:quality(80)/cloudfront-us-east-2.images.arcpublishing.com/reuters/M7C7ZVR7DBM7DM77IBJN5ZHTFE.jpg,2026-09-09T09:07:27.462718Z,,20210903T223000Z,gdelt_first_seen,"[""https://www.reuters.com/world/africa/mediclinic-procure-renewable-energy-152-mln-deal-2021-09-03/""]",2,[],"[{""domain"":""reuters.com"",""language"":""English"",""logical_end"":""2021-09-04T00:00:00Z"",""logical_start"":""2021-09-03T00:00:00Z"",""query_category"":""monetary_geoeconomic"",""query_string"":""(\""Federal Reserve\"" OR \""interest rate\"" OR \""rate hike\"" OR inflation OR CPI) domain:reuters.com sourcelang:english"",""requested_end"":""20210904000001"",""requested_start"":""20210902235959"",""retrieved_at_utc"":""2026-09-09T09:07:27.462718Z"",""seendate"":""20210903T223000Z"",""socialimage"":""https://www.reuters.com/resizer/5S1rc1NOYywxmdGx9aWI0NMtYHQ=/1200x628/smart/filters:quality(80)/cloudfront-us-east-2.images.arcpublishing.com/reuters/M7C7ZVR7DBM7DM77IBJN5ZHTFE.jpg"",""sourcecountry"":""United States"",""title"":""Mediclinic to procure renewable energy in a $152 mln deal"",""url"":""https://www.reuters.com/world/africa/mediclinic-procure-renewable-energy-152-mln-deal-2021-09-03/"",""url_mobile"":""""},{""domain"":""reuters.com"",""language"":""English"",""logical_end"":""2021-09-04T00:00:00Z"",""logical_start"":""2021-09-03T00:00:00Z"",""query_category"":""trade_conflict"",""query_string"":""(tariff OR tariffs OR \""trade war\"" OR \""export ban\"" OR \""trade restriction\"") domain:reuters.com sourcelang:english"",""requested_end"":""20210904000001"",""requested_start"":""20210902235959"",""retrieved_at_utc"":""2026-09-09T08:55:13.548783Z"",""seendate"":""20210903T223000Z"",""socialimage"":""https://www.reuters.com/resizer/5S1rc1NOYywxmdGx9aWI0NMtYHQ=/1200x628/smart/filters:quality(80)/cloudfront-us-east-2.images.arcpublishing.com/reuters/M7C7ZVR7DBM7DM77IBJN5ZHTFE.jpg"",""sourcecountry"":""United States"",""title"":""Mediclinic to procure renewable energy in a $152 mln deal"",""url"":""https://www.reuters.com/world/africa/mediclinic-procure-renewable-energy-152-mln-deal-2021-09-03/"",""url_mobile"":""""}]"
99b5a3d9e5c6043f9ca1982f1a32faa0ab36676a5c9d3a9e712c694b54426efc,https://www.reuters.com/world/middle-east/us-defense-secretary-travel-gulf-countries-next-week-2021-09-03/,https://www.reuters.com/world/middle-east/us-defense-secretary-travel-gulf-countries-next-week-2021-09-03/,U . S . defense secretary to travel to Gulf countries next week,2021-09-03 22:30:00+00:00,2021-09-04 05:30:00+07:00,reuters.com,English,United States,"[""armed_conflict""]",https://www.reuters.com/resizer/jz3IbMTxkYjglv21iNDMDNOLK2Y=/1200x628/smart/filters:quality(80)/cloudfront-us-east-2.images.arcpublishing.com/reuters/XAYJNTU2E5MHLDC6R4YDD7PNM4.jpg,2026-09-09T08:53:09.954157Z,,20210903T223000Z,gdelt_first_seen,"[""https://www.reuters.com/world/middle-east/us-defense-secretary-travel-gulf-countries-next-week-2021-09-03/""]",1,[],"[{""domain"":""reuters.com"",""language"":""English"",""logical_end"":""2021-09-04T00:00:00Z"",""logical_start"":""2021-09-03T00:00:00Z"",""query_category"":""armed_conflict"",""query_string"":""(war OR invasion OR missile OR airstrike OR ceasefire OR military OR conflict) domain:reuters.com sourcelang:english"",""requested_end"":""20210904000001"",""requested_start"":""20210902235959"",""retrieved_at_utc"":""2026-09-09T08:53:09.954157Z"",""seendate"":""20210903T223000Z"",""socialimage"":""https://www.reuters.com/resizer/jz3IbMTxkYjglv21iNDMDNOLK2Y=/1200x628/smart/filters:quality(80)/cloudfront-us-east-2.images.arcpublishing.com/reuters/XAYJNTU2E5MHLDC6R4YDD7PNM4.jpg"",""sourcecountry"":""United States"",""title"":""U . S . defense secretary to travel to Gulf countries next week"",""url"":""https://www.reuters.com/world/middle-east/us-defense-secretary-travel-gulf-countries-next-week-2021-09-03/"",""url_mobile"":""""}]"
5a05932770d43d16bfaf51a552a1c3812997620492f3bd2eca92bec1e56ef87d,https://www.reuters.com/world/americas/argentina-2021-economic-growth-forecast-raised-72-central-bank-survey-2021-09-03/,https://www.reuters.com/world/americas/argentina-2021-economic-growth-forecast-raised-72-central-bank-survey-2021-09-03/,Argentina 2021 economic growth forecast raised to 7 . 2 % - central bank survey,2021-09-03 23:30:00+00:00,2021-09-04 06:30:00+07:00,reuters.com,English,United States,"[""monetary_geoeconomic""]",https://www.reuters.com/pf/resources/images/reuters/reuters-default.png?d=50,2026-09-09T09:07:27.462718Z,,20210903T233000Z,gdelt_first_seen,"[""https://www.reuters.com/world/americas/argentina-2021-economic-growth-forecast-raised-72-central-bank-survey-2021-09-03/""]",1,[],"[{""domain"":""reuters.com"",""language"":""English"",""logical_end"":""2021-09-04T00:00:00Z"",""logical_start"":""2021-09-03T00:00:00Z"",""query_category"":""monetary_geoeconomic"",""query_string"":""(\""Federal Reserve\"" OR \""interest rate\"" OR \""rate hike\"" OR inflation OR CPI) domain:reuters.com sourcelang:english"",""requested_end"":""20210904000001"",""requested_start"":""20210902235959"",""retrieved_at_utc"":""2026-09-09T09:07:27.462718Z"",""seendate"":""20210903T233000Z"",""socialimage"":""https://www.reuters.com/pf/resources/images/reuters/reuters-default.png?d=50"",""sourcecountry"":""United States"",""title"":""Argentina 2021 economic growth forecast raised to 7 . 2 % - central bank survey"",""url"":""https://www.reuters.com/world/americas/argentina-2021-economic-growth-forecast-raised-72-central-bank-survey-2021-09-03/"",""url_mobile"":""""}]"
b4fd1778d4ad18d00faea534cb2f40b296e755f897ee06995d4266a380cd1ec8,https://www.reuters.com/world/us/black-unemployment-setback-shows-feds-challenges-targeting-broad-inclusive-job-2021-09-03/,https://www.reuters.com/world/us/black-unemployment-setback-shows-feds-challenges-targeting-broad-inclusive-job-2021-09-03/,Black unemployment setback shows Fed challenges targeting broad and inclusive job growth,2021-09-04 00:00:00+00:00,2021-09-04 07:00:00+07:00,reuters.com,English,United States,"[""monetary_geoeconomic""]",https://www.reuters.com/resizer/xOCOC8L900Vz3iw5n0QuANf9muw=/1200x628/smart/filters:quality(80)/cloudfront-us-east-2.images.arcpublishing.com/reuters/FJJJDF26EBMVPBXR4H3LGIHMMU.jpg,2026-09-09T09:07:27.462718Z,,20210904T000000Z,gdelt_first_seen,"[""https://www.reuters.com/world/us/black-unemployment-setback-shows-feds-challenges-targeting-broad-inclusive-job-2021-09-03/""]",1,[],"[{""domain"":""reuters.com"",""language"":""English"",""logical_end"":""2021-09-04T00:00:00Z"",""logical_start"":""2021-09-03T00:00:00Z"",""query_category"":""monetary_geoeconomic"",""query_string"":""(\""Federal Reserve\"" OR \""interest rate\"" OR \""rate hike\"" OR inflation OR CPI) domain:reuters.com sourcelang:english"",""requested_end"":""20210904000001"",""requested_start"":""20210902235959"",""retrieved_at_utc"":""2026-09-09T09:07:27.462718Z"",""seendate"":""20210904T000000Z"",""socialimage"":""https://www.reuters.com/resizer/xOCOC8L900Vz3iw5n0QuANf9muw=/1200x628/smart/filters:quality(80)/cloudfront-us-east-2.images.arcpublishing.com/reuters/FJJJDF26EBMVPBXR4H3LGIHMMU.jpg"",""sourcecountry"":""United States"",""title"":""Black unemployment setback shows Fed challenges targeting  broad and inclusive  job growth"",""url"":""https://www.reuters.com/world/us/black-unemployment-setback-shows-feds-challenges-targeting-broad-inclusive-job-2021-09-03/"",""url_mobile"":""""}]"
76af95a27cd7af64e42ce6f3c46e78f407c07c9121a7367f4e68ff998e76b651,https://www.reuters.com/article/businessNews/idUSKBN2FZ1ZC,https://www.reuters.com/article/businessNews/idUSKBN2FZ1ZC,Wall St Week Ahead : Investors grow wary as stocks hit new highs,2021-09-04 00:15:00+00:00,2021-09-04 07:15:00+07:00,reuters.com,English,United States,"[""armed_conflict"",""monetary_geoeconomic""]",https://static.reuters.com/resources/r/?m=02&d=20210903&t=2&i=1573826138&r=LYNXMPEH820ZS,2026-09-09T08:53:09.954157Z,https://mobile.reuters.com/article/amp/idUSKBN2FZ1ZC,20210904T001500Z,gdelt_first_seen,"[""https://www.reuters.com/article/businessNews/idUSKBN2FZ1ZC""]",2,[],"[{""domain"":""reuters.com"",""language"":""English"",""logical_end"":""2021-09-04T00:00:00Z"",""logical_start"":""2021-09-03T00:00:00Z"",""query_category"":""armed_conflict"",""query_string"":""(war OR invasion OR missile OR airstrike OR ceasefire OR military OR conflict) domain:reuters.com sourcelang:english"",""requested_end"":""20210904000001"",""requested_start"":""20210902235959"",""retrieved_at_utc"":""2026-09-09T08:53:09.954157Z"",""seendate"":""20210904T001500Z"",""socialimage"":""https://static.reuters.com/resources/r/?m=02&d=20210903&t=2&i=1573826138&r=LYNXMPEH820ZS"",""sourcecountry"":""United States"",""title"":""Wall St Week Ahead : Investors grow wary as stocks hit new highs"",""url"":""https://www.reuters.com/article/businessNews/idUSKBN2FZ1ZC"",""url_mobile"":""https://mobile.reuters.com/article/amp/idUSKBN2FZ1ZC""},{""domain"":""reuters.com"",""language"":""English"",""logical_end"":""2021-09-04T00:00:00Z"",""logical_start"":""2021-09-03T00:00:00Z"",""query_category"":""monetary_geoeconomic"",""query_string"":""(\""Federal Reserve\"" OR \""interest rate\"" OR \""rate hike\"" OR inflation OR CPI) domain:reuters.com sourcelang:english"",""requested_end"":""20210904000001"",""requested_start"":""20210902235959"",""retrieved_at_utc"":""2026-09-09T09:07:27.462718Z"",""seendate"":""20210904T001500Z"",""socialimage"":""https://static.reuters.com/resources/r/?m=02&d=20210903&t=2&i=1573826138&r=LYNXMPEH820ZS"",""sourcecountry"":""United States"",""title"":""Wall St Week Ahead : Investors grow wary as stocks hit new highs"",""url"":""https://www.reuters.com/article/businessNews/idUSKBN2FZ1ZC"",""url_mobile"":""https://mobile.reuters.com/article/amp/idUSKBN2FZ1ZC""}]"
1d864f2b11b46b0a38233c6c921bc1fbd9e8ed17d32cd5a57113c118e0951ae2,https://www.reuters.com/article/idUSKBN2FZ1RB,https://www.reuters.com/article/idUSKBN2FZ1RB,Exclusive - Theyll kill u - Afghan pilots held at Uzbek camp fear deadly homecoming,2021-09-04 00:15:00+00:00,2021-09-04 07:15:00+07:00,reuters.com,English,United States,"[""armed_conflict""]",https://static.reuters.com/resources/r/?m=02&d=20210903&t=2&i=1573817550&r=LYNXMPEH820UV,2026-09-09T08:53:09.954157Z,https://mobile.reuters.com/article/amp/idUSKBN2FZ1RB,20210904T001500Z,gdelt_first_seen,"[""https://www.reuters.com/article/idUSKBN2FZ1RB""]",1,[],"[{""domain"":""reuters.com"",""language"":""English"",""logical_end"":""2021-09-04T00:00:00Z"",""logical_start"":""2021-09-03T00:00:00Z"",""query_category"":""armed_conflict"",""query_string"":""(war OR invasion OR missile OR airstrike OR ceasefire OR military OR conflict) domain:reuters.com sourcelang:english"",""requested_end"":""20210904000001"",""requested_start"":""20210902235959"",""retrieved_at_utc"":""2026-09-09T08:53:09.954157Z"",""seendate"":""20210904T001500Z"",""socialimage"":""https://static.reuters.com/resources/r/?m=02&d=20210903&t=2&i=1573817550&r=LYNXMPEH820UV"",""sourcecountry"":""United States"",""title"":""Exclusive - Theyll kill u - Afghan pilots held at Uzbek camp fear deadly homecoming"",""url"":""https://www.reuters.com/article/idUSKBN2FZ1RB"",""url_mobile"":""https://mobile.reuters.com/article/amp/idUSKBN2FZ1RB""}]"
3ae11bcd37681ac414d55ac29d934cb642be74568475a9ed256038235c6e6e3b,https://www.reuters.com/article/innovationNews/idUSKBN2FZ1LW,https://www.reuters.com/article/innovationNews/idUSKBN2FZ1LW,Exclusive - Chevron looks to sell Texa Eagle Ford Basin assets - document,2021-09-04 00:15:00+00:00,2021-09-04 07:15:00+07:00,reuters.com,English,United States,"[""energy_geopolitics""]",https://static.reuters.com/resources/r/?m=02&d=20210903&t=2&i=1573814273&r=LYNXMPEH820VO,2026-09-09T08:56:24.139581Z,https://mobile.reuters.com/article/amp/idUSKBN2FZ1LW,20210904T001500Z,gdelt_first_seen,"[""https://www.reuters.com/article/innovationNews/idUSKBN2FZ1LW""]",1,[],"[{""domain"":""reuters.com"",""language"":""English"",""logical_end"":""2021-09-04T00:00:00Z"",""logical_start"":""2021-09-03T00:00:00Z"",""query_category"":""energy_geopolitics"",""query_string"":""(OPEC OR \""oil embargo\"" OR \""oil supply\"" OR \""energy crisis\"" OR \""natural gas\"") domain:reuters.com sourcelang:english"",""requested_end"":""20210904000001"",""requested_start"":""20210902235959"",""retrieved_at_utc"":""2026-09-09T08:56:24.139581Z"",""seendate"":""20210904T001500Z"",""socialimage"":""https://static.reuters.com/resources/r/?m=02&d=20210903&t=2&i=1573814273&r=LYNXMPEH820VO"",""sourcecountry"":""United States"",""title"":""Exclusive - Chevron looks to sell Texa Eagle Ford Basin assets - document"",""url"":""https://www.reuters.com/article/innovationNews/idUSKBN2FZ1LW"",""url_mobile"":""https://mobile.reuters.com/article/amp/idUSKBN2FZ1LW""}]"
e9ffa428250c18597d88c8134b018c0409da8750a6223dc36c23f2f60774c9a6,https://www.reuters.com/article/topNews/idUSKBN2FZ09H,https://www.reuters.com/article/topNews/idUSKBN2FZ09H,U . S . job growth takes giant step back as Delta variant hits restaurants,2021-09-04 00:15:00+00:00,2021-09-04 07:15:00+07:00,reuters.com,English,United States,"[""monetary_geoeconomic""]",https://static.reuters.com/resources/r/?m=02&d=20210903&t=2&i=1573784279&r=LYNXMPEH8204I,2026-09-09T09:07:27.462718Z,https://mobile.reuters.com/article/amp/idUSKBN2FZ09H,20210904T001500Z,gdelt_first_seen,"[""https://www.reuters.com/article/topNews/idUSKBN2FZ09H""]",1,[],"[{""domain"":""reuters.com"",""language"":""English"",""logical_end"":""2021-09-04T00:00:00Z"",""logical_start"":""2021-09-03T00:00:00Z"",""query_category"":""monetary_geoeconomic"",""query_string"":""(\""Federal Reserve\"" OR \""interest rate\"" OR \""rate hike\"" OR inflation OR CPI) domain:reuters.com sourcelang:english"",""requested_end"":""20210904000001"",""requested_start"":""20210902235959"",""retrieved_at_utc"":""2026-09-09T09:07:27.462718Z"",""seendate"":""20210904T001500Z"",""socialimage"":""https://static.reuters.com/resources/r/?m=02&d=20210903&t=2&i=1573784279&r=LYNXMPEH8204I"",""sourcecountry"":""United States"",""title"":""U . S . job growth takes giant step back as Delta variant hits restaurants"",""url"":""https://www.reuters.com/article/topNews/idUSKBN2FZ09H"",""url_mobile"":""https://mobile.reuters.com/article/amp/idUSKBN2FZ09H""}]"
1203babc674f31a055dbbeccc0ada51978273f36c24efc92ba3575027e63f4ee,https://www.reuters.com/world/asia-pacific/us-seen-funding-humanitarian-aid-afghanistan-not-its-goverment-2021-09-03/,https://www.reuters.com/world/asia-pacific/us-seen-funding-humanitarian-aid-afghanistan-not-its-goverment-2021-09-03/,"U . S . seen funding humanitarian aid for Afghanistan , but not its goverment",2021-09-04 00:15:00+00:00,2021-09-04 07:15:00+07:00,reuters.com,English,United States,"[""armed_conflict""]",https://www.reuters.com/resizer/HNdR1NYagkMn2GJFCzr7IKylNHo=/1200x628/smart/filters:quality(80)/cloudfront-us-east-2.images.arcpublishing.com/reuters/FP34CNC4FBOHHEOYM6B4UCOMPQ.jpg,2026-09-09T08:53:09.954157Z,,20210904T001500Z,gdelt_first_seen,"[""https://www.reuters.com/world/asia-pacific/us-seen-funding-humanitarian-aid-afghanistan-not-its-goverment-2021-09-03/""]",1,[],"[{""domain"":""reuters.com"",""language"":""English"",""logical_end"":""2021-09-04T00:00:00Z"",""logical_start"":""2021-09-03T00:00:00Z"",""query_category"":""armed_conflict"",""query_string"":""(war OR invasion OR missile OR airstrike OR ceasefire OR military OR conflict) domain:reuters.com sourcelang:english"",""requested_end"":""20210904000001"",""requested_start"":""20210902235959"",""retrieved_at_utc"":""2026-09-09T08:53:09.954157Z"",""seendate"":""20210904T001500Z"",""socialimage"":""https://www.reuters.com/resizer/HNdR1NYagkMn2GJFCzr7IKylNHo=/1200x628/smart/filters:quality(80)/cloudfront-us-east-2.images.arcpublishing.com/reuters/FP34CNC4FBOHHEOYM6B4UCOMPQ.jpg"",""sourcecountry"":""United States"",""title"":""U . S . seen funding humanitarian aid for Afghanistan , but not its goverment"",""url"":""https://www.reuters.com/world/asia-pacific/us-seen-funding-humanitarian-aid-afghanistan-not-its-goverment-2021-09-03/"",""url_mobile"":""""}]"
